customer_id,region,preferred_channel,acquisition_source,age_band,tier
C000001,EMEA,Online,Social,25-34,Standard
C000002,Americas,Mixed,Boutique,55+,Standard
C000003,Japan,Online,Boutique,18-24,Standard
C000004,Americas,Mixed,Event,18-24,VIP
C000005,Americas,Mixed,Event,45-54,Standard
C000006,Japan,Mixed,Social,18-24,Standard
C000007,Japan,Boutique,Social,25-34,Standard
C000008,Asia-Pacific,Online,Boutique,45-54,Standard
C000009,Asia-Pacific,Boutique,Event,35-44,Standard
C000010,Japan,Mixed,Boutique,45-54,Standard
C000011,Asia-Pacific,Mixed,Event,35-44,VIP
C000012,Americas,Mixed,Boutique,18-24,VIP
C000013,Americas,Boutique,Boutique,25-34,Standard
C000014,Japan,Boutique,Referral,35-44,Standard
C000015,Asia-Pacific,Boutique,Online,35-44,VIP
C000016,EMEA,Mixed,Online,55+,VIP
C000017,Americas,Online,Referral,45-54,Loyalty
C000018,Americas,Mixed,Social,18-24,Standard
C000019,EMEA,Boutique,Referral,35-44,Standard
C000020,Americas,Mixed,Social,25-34,VIP
C000021,Japan,Boutique,Referral,25-34,Loyalty
C000022,Americas,Online,Event,55+,Loyalty
C000023,Japan,Mixed,Referral,35-44,Standard
C000024,Americas,Mixed,Referral,18-24,Standard
C000025,EMEA,Online,Online,45-54,VIP
C000026,EMEA,Boutique,Referral,55+,Loyalty
C000027,Asia-Pacific,Mixed,Boutique,18-24,VIP
C000028,Asia-Pacific,Mixed,Social,18-24,Loyalty
C000029,Japan,Online,Referral,18-24,VIP
C000030,Asia-Pacific,Mixed,Online,55+,Standard
C000031,Asia-Pacific,Mixed,Event,55+,Standard
C000032,Americas,Boutique,Online,55+,VIP
C000033,EMEA,Mixed,Social,45-54,Standard
C000034,EMEA,Boutique,Social,25-34,Standard
C000035,Americas,Mixed,Boutique,18-24,VIP
C000036,Japan,Online,Event,25-34,Standard
C000037,Japan,Mixed,Online,35-44,VIP
C000038,Japan,Online,Event,25-34,VIP
C000039,Asia-Pacific,Boutique,Social,45-54,VIP
C000040,Japan,Online,Online,25-34,Standard
C000041,Asia-Pacific,Online,Event,55+,Standard
C000042,Americas,Online,Boutique,18-24,Standard
C000043,EMEA,Online,Social,18-24,VIP
C000044,Americas,Boutique,Referral,25-34,VIP
C000045,Americas,Mixed,Event,55+,Loyalty
C000046,Americas,Boutique,Referral,25-34,Standard
C000047,EMEA,Mixed,Referral,35-44,Loyalty
C000048,Japan,Boutique,Boutique,18-24,Standard
C000049,Japan,Mixed,Social,18-24,Standard
C000050,Americas,Online,Event,45-54,Standard
C000051,Japan,Online,Social,45-54,Standard
C000052,EMEA,Boutique,Event,18-24,Standard
C000053,EMEA,Online,Online,25-34,Loyalty
C000054,Japan,Boutique,Online,45-54,Standard
C000055,Americas,Boutique,Boutique,45-54,Loyalty
C000056,Japan,Boutique,Referral,55+,VIP
C000057,Japan,Online,Online,35-44,Standard
C000058,EMEA,Mixed,Event,18-24,VIP
C000059,Asia-Pacific,Online,Boutique,55+,Loyalty
C000060,Americas,Online,Event,18-24,Standard
C000061,EMEA,Mixed,Boutique,25-34,Loyalty
C000062,EMEA,Mixed,Online,55+,VIP
C000063,EMEA,Mixed,Boutique,45-54,VIP
C000064,Asia-Pacific,Boutique,Online,35-44,Standard
C000065,Asia-Pacific,Boutique,Online,35-44,Loyalty
C000066,Asia-Pacific,Online,Boutique,45-54,VIP
C000067,EMEA,Online,Event,25-34,VIP
C000068,Asia-Pacific,Online,Social,18-24,Standard
C000069,Asia-Pacific,Boutique,Online,45-54,VIP
C000070,Asia-Pacific,Mixed,Event,18-24,VIP
C000071,Asia-Pacific,Mixed,Boutique,25-34,Loyalty
C000072,EMEA,Online,Event,25-34,Loyalty
C000073,Asia-Pacific,Mixed,Online,35-44,Standard
C000074,Asia-Pacific,Mixed,Referral,35-44,Standard
C000075,EMEA,Mixed,Referral,35-44,Standard
C000076,EMEA,Boutique,Online,35-44,Standard
C000077,Japan,Mixed,Referral,55+,Standard
C000078,EMEA,Online,Online,55+,Standard
C000079,Asia-Pacific,Mixed,Event,25-34,Loyalty
C000080,Americas,Online,Social,35-44,Standard
C000081,Asia-Pacific,Online,Online,18-24,Loyalty
C000082,Japan,Mixed,Online,25-34,Standard
C000083,Americas,Boutique,Boutique,25-34,VIP
C000084,Asia-Pacific,Boutique,Online,35-44,Standard
C000085,EMEA,Boutique,Boutique,45-54,Standard
C000086,Americas,Boutique,Social,35-44,Standard
C000087,Americas,Online,Online,45-54,Loyalty
C000088,Asia-Pacific,Online,Social,35-44,VIP
C000089,Japan,Mixed,Event,35-44,Standard
C000090,EMEA,Boutique,Online,55+,Loyalty
C000091,EMEA,Online,Event,45-54,Loyalty
C000092,Asia-Pacific,Boutique,Event,55+,Standard
C000093,Japan,Mixed,Online,35-44,Standard
C000094,Japan,Online,Event,55+,VIP
C000095,Americas,Boutique,Referral,18-24,VIP
C000096,Asia-Pacific,Mixed,Social,18-24,VIP
C000097,Asia-Pacific,Mixed,Social,45-54,Loyalty
C000098,Japan,Mixed,Social,55+,Standard
C000099,Americas,Boutique,Referral,25-34,VIP
C000100,Asia-Pacific,Boutique,Event,18-24,Loyalty
C000101,Asia-Pacific,Online,Referral,55+,VIP
C000102,Asia-Pacific,Boutique,Referral,45-54,VIP
C000103,Americas,Mixed,Referral,25-34,VIP
C000104,EMEA,Boutique,Event,55+,Loyalty
C000105,EMEA,Online,Social,25-34,Standard
C000106,Americas,Online,Boutique,25-34,Loyalty
C000107,EMEA,Boutique,Referral,55+,Standard
C000108,Japan,Boutique,Referral,25-34,Standard
C000109,EMEA,Online,Referral,25-34,Standard
C000110,Japan,Online,Event,25-34,Standard
C000111,Japan,Online,Referral,55+,VIP
C000112,Asia-Pacific,Boutique,Event,55+,Loyalty
C000113,Japan,Online,Referral,45-54,Loyalty
C000114,Americas,Mixed,Social,55+,Loyalty
C000115,Americas,Boutique,Referral,18-24,VIP
C000116,Asia-Pacific,Online,Social,35-44,Loyalty
C000117,EMEA,Online,Online,25-34,Loyalty
C000118,Americas,Mixed,Online,18-24,Loyalty
C000119,Japan,Boutique,Event,45-54,Loyalty
C000120,EMEA,Online,Referral,45-54,VIP
C000121,EMEA,Mixed,Referral,45-54,Standard
C000122,Asia-Pacific,Boutique,Referral,45-54,VIP
C000123,Americas,Boutique,Online,35-44,Loyalty
C000124,Japan,Online,Referral,35-44,VIP
C000125,Japan,Mixed,Online,45-54,Standard
C000126,EMEA,Boutique,Event,55+,VIP
C000127,EMEA,Online,Referral,25-34,Loyalty
C000128,Americas,Online,Social,45-54,Loyalty
C000129,Americas,Boutique,Social,35-44,Loyalty
C000130,Asia-Pacific,Boutique,Social,18-24,Loyalty
C000131,EMEA,Mixed,Event,18-24,Loyalty
C000132,Americas,Mixed,Boutique,18-24,Standard
C000133,Americas,Online,Boutique,55+,Standard
C000134,Americas,Online,Referral,18-24,VIP
C000135,Americas,Boutique,Social,35-44,Standard
C000136,EMEA,Online,Social,18-24,VIP
C000137,EMEA,Boutique,Event,45-54,Loyalty
C000138,Americas,Online,Event,25-34,Standard
C000139,Asia-Pacific,Mixed,Event,18-24,VIP
C000140,EMEA,Boutique,Event,45-54,VIP
C000141,Asia-Pacific,Online,Event,35-44,Standard
C000142,Japan,Boutique,Boutique,45-54,Loyalty
C000143,Japan,Mixed,Online,45-54,Standard
C000144,Asia-Pacific,Mixed,Event,45-54,Loyalty
C000145,Japan,Mixed,Event,35-44,Loyalty
C000146,Americas,Online,Social,45-54,Standard
C000147,Japan,Mixed,Event,45-54,Loyalty
C000148,EMEA,Boutique,Social,25-34,Loyalty
C000149,Americas,Boutique,Social,35-44,Loyalty
C000150,Asia-Pacific,Mixed,Boutique,55+,Standard
C000151,EMEA,Online,Referral,45-54,VIP
C000152,Americas,Mixed,Referral,45-54,Loyalty
C000153,EMEA,Online,Social,25-34,Loyalty
C000154,Americas,Boutique,Event,35-44,Loyalty
C000155,Asia-Pacific,Boutique,Event,35-44,Loyalty
C000156,Japan,Boutique,Social,35-44,Standard
C000157,EMEA,Mixed,Online,35-44,Standard
C000158,Americas,Online,Online,45-54,Loyalty
C000159,Asia-Pacific,Online,Online,35-44,Standard
C000160,Asia-Pacific,Online,Social,18-24,VIP
C000161,Americas,Boutique,Boutique,18-24,VIP
C000162,Asia-Pacific,Mixed,Online,45-54,Standard
C000163,EMEA,Mixed,Social,45-54,Loyalty
C000164,Japan,Boutique,Online,18-24,Loyalty
C000165,Japan,Online,Boutique,45-54,Loyalty
C000166,EMEA,Mixed,Boutique,25-34,Standard
C000167,Asia-Pacific,Online,Online,18-24,VIP
C000168,Japan,Mixed,Event,55+,Standard
C000169,Japan,Boutique,Referral,35-44,VIP
C000170,Japan,Boutique,Event,55+,Standard
C000171,EMEA,Online,Online,35-44,VIP
C000172,EMEA,Online,Online,25-34,VIP
C000173,EMEA,Online,Boutique,45-54,Loyalty
C000174,Japan,Boutique,Boutique,25-34,Loyalty
C000175,Asia-Pacific,Mixed,Referral,18-24,VIP
C000176,Americas,Boutique,Event,25-34,Loyalty
C000177,EMEA,Mixed,Online,25-34,Loyalty
C000178,Americas,Online,Boutique,25-34,Loyalty
C000179,Asia-Pacific,Boutique,Boutique,45-54,VIP
C000180,Asia-Pacific,Mixed,Referral,35-44,VIP
C000181,Japan,Boutique,Boutique,55+,Standard
C000182,Japan,Mixed,Social,55+,Loyalty
C000183,EMEA,Online,Online,55+,VIP
C000184,EMEA,Mixed,Social,55+,Standard
C000185,Americas,Boutique,Event,45-54,Loyalty
C000186,Americas,Mixed,Referral,45-54,Standard
C000187,Japan,Boutique,Referral,35-44,Loyalty
C000188,EMEA,Online,Social,45-54,VIP
C000189,Japan,Boutique,Referral,55+,Standard
C000190,Japan,Online,Social,35-44,Loyalty
C000191,EMEA,Boutique,Event,18-24,VIP
C000192,Japan,Boutique,Boutique,25-34,VIP
C000193,Asia-Pacific,Mixed,Referral,45-54,Standard
C000194,Americas,Boutique,Event,25-34,Loyalty
C000195,Japan,Mixed,Referral,18-24,Standard
C000196,Americas,Mixed,Online,35-44,VIP
C000197,EMEA,Mixed,Referral,18-24,Standard
C000198,EMEA,Boutique,Boutique,25-34,Loyalty
C000199,Asia-Pacific,Mixed,Social,45-54,Loyalty
C000200,Japan,Online,Referral,55+,Standard
C000201,Japan,Online,Event,55+,VIP
C000202,Americas,Online,Social,45-54,Loyalty
C000203,Asia-Pacific,Online,Social,35-44,VIP
C000204,Japan,Online,Referral,55+,Loyalty
C000205,Asia-Pacific,Boutique,Event,55+,Loyalty
C000206,Japan,Boutique,Online,25-34,VIP
C000207,Japan,Online,Referral,18-24,Loyalty
C000208,Japan,Mixed,Referral,45-54,VIP
C000209,Americas,Boutique,Boutique,25-34,VIP
C000210,Asia-Pacific,Online,Referral,18-24,VIP
C000211,Japan,Online,Online,45-54,VIP
C000212,Americas,Online,Referral,35-44,Loyalty
C000213,Japan,Mixed,Boutique,35-44,VIP
C000214,Japan,Boutique,Referral,55+,Standard
C000215,EMEA,Online,Social,25-34,VIP
C000216,EMEA,Boutique,Boutique,18-24,Loyalty
C000217,Americas,Mixed,Social,18-24,Standard
C000218,Asia-Pacific,Online,Social,35-44,Loyalty
C000219,Japan,Online,Online,55+,Loyalty
C000220,Americas,Online,Online,18-24,VIP
C000221,Japan,Mixed,Online,45-54,VIP
C000222,Americas,Online,Referral,35-44,Loyalty
C000223,Asia-Pacific,Mixed,Boutique,45-54,Loyalty
C000224,Americas,Online,Referral,35-44,VIP
C000225,Asia-Pacific,Mixed,Referral,35-44,Loyalty
C000226,Asia-Pacific,Online,Referral,45-54,Standard
C000227,Americas,Boutique,Event,35-44,VIP
C000228,Asia-Pacific,Mixed,Social,18-24,VIP
C000229,Japan,Boutique,Boutique,55+,VIP
C000230,EMEA,Mixed,Referral,35-44,Standard
C000231,Asia-Pacific,Online,Online,55+,Loyalty
C000232,Americas,Mixed,Boutique,18-24,Loyalty
C000233,Japan,Online,Event,35-44,VIP
C000234,Americas,Online,Social,35-44,VIP
C000235,Japan,Online,Online,25-34,VIP
C000236,Asia-Pacific,Mixed,Event,35-44,Standard
C000237,Asia-Pacific,Boutique,Social,35-44,Standard
C000238,Japan,Online,Online,25-34,VIP
C000239,Japan,Mixed,Social,18-24,Loyalty
C000240,EMEA,Boutique,Event,18-24,Loyalty
C000241,Asia-Pacific,Mixed,Social,55+,Loyalty
C000242,Asia-Pacific,Online,Online,45-54,Standard
C000243,Asia-Pacific,Mixed,Online,18-24,VIP
C000244,Japan,Mixed,Social,45-54,Standard
C000245,Americas,Online,Boutique,35-44,Loyalty
C000246,EMEA,Online,Online,55+,Standard
C000247,Japan,Boutique,Social,55+,Loyalty
C000248,Americas,Boutique,Boutique,45-54,VIP
C000249,Japan,Boutique,Boutique,35-44,Standard
C000250,Japan,Boutique,Online,35-44,Standard
C000251,Asia-Pacific,Mixed,Social,18-24,Loyalty
C000252,Asia-Pacific,Online,Boutique,45-54,Standard
C000253,Americas,Mixed,Event,18-24,Standard
C000254,Asia-Pacific,Online,Online,55+,Standard
C000255,EMEA,Mixed,Online,55+,Standard
C000256,Americas,Boutique,Online,55+,Standard
C000257,Asia-Pacific,Online,Online,55+,Loyalty
C000258,Americas,Online,Boutique,25-34,Standard
C000259,Asia-Pacific,Online,Event,35-44,Standard
C000260,Americas,Boutique,Boutique,25-34,VIP
C000261,Japan,Mixed,Boutique,18-24,Loyalty
C000262,Japan,Boutique,Event,55+,Standard
C000263,Japan,Mixed,Online,55+,Standard
C000264,Asia-Pacific,Boutique,Boutique,18-24,Loyalty
C000265,Japan,Boutique,Boutique,45-54,VIP
C000266,Japan,Online,Boutique,35-44,VIP
C000267,Americas,Online,Online,35-44,VIP
C000268,Asia-Pacific,Boutique,Event,55+,Loyalty
C000269,Japan,Mixed,Event,45-54,Standard
C000270,EMEA,Mixed,Event,25-34,Loyalty
C000271,Japan,Online,Referral,35-44,Loyalty
C000272,Japan,Boutique,Boutique,35-44,Loyalty
C000273,Asia-Pacific,Mixed,Social,35-44,Standard
C000274,Japan,Online,Boutique,18-24,Standard
C000275,Japan,Online,Social,25-34,VIP
C000276,EMEA,Mixed,Event,55+,Loyalty
C000277,EMEA,Boutique,Social,45-54,VIP
C000278,EMEA,Boutique,Event,35-44,Loyalty
C000279,EMEA,Mixed,Event,25-34,Standard
C000280,Japan,Online,Boutique,35-44,VIP
C000281,Asia-Pacific,Online,Social,55+,Standard
C000282,Japan,Mixed,Event,55+,VIP
C000283,EMEA,Mixed,Social,18-24,Standard
C000284,Asia-Pacific,Mixed,Social,35-44,Loyalty
C000285,EMEA,Online,Online,55+,VIP
C000286,Japan,Online,Online,18-24,Standard
C000287,Americas,Boutique,Referral,45-54,Loyalty
C000288,Americas,Boutique,Social,35-44,VIP
C000289,EMEA,Online,Online,25-34,VIP
C000290,EMEA,Mixed,Boutique,35-44,Loyalty
C000291,Japan,Boutique,Event,45-54,Loyalty
C000292,Asia-Pacific,Online,Event,18-24,Loyalty
C000293,Japan,Online,Social,55+,Loyalty
C000294,Asia-Pacific,Online,Online,45-54,VIP
C000295,EMEA,Online,Online,35-44,Standard
C000296,Americas,Boutique,Social,35-44,Standard
C000297,EMEA,Boutique,Referral,25-34,Standard
C000298,Japan,Mixed,Online,55+,VIP
C000299,Asia-Pacific,Online,Referral,18-24,Loyalty
C000300,EMEA,Boutique,Boutique,35-44,VIP
C000301,Japan,Mixed,Referral,45-54,Loyalty
C000302,EMEA,Boutique,Boutique,35-44,Standard
C000303,Japan,Mixed,Social,18-24,Loyalty
C000304,EMEA,Online,Referral,55+,Loyalty
C000305,EMEA,Boutique,Social,35-44,Standard
C000306,Asia-Pacific,Online,Boutique,55+,VIP
C000307,EMEA,Mixed,Event,25-34,Loyalty
C000308,Asia-Pacific,Mixed,Online,25-34,Standard
C000309,Americas,Boutique,Online,25-34,VIP
C000310,Americas,Mixed,Boutique,25-34,VIP
C000311,Japan,Boutique,Event,55+,Loyalty
C000312,Asia-Pacific,Mixed,Social,25-34,Loyalty
C000313,EMEA,Boutique,Referral,35-44,Loyalty
C000314,EMEA,Boutique,Event,18-24,Loyalty
C000315,Japan,Boutique,Boutique,18-24,Loyalty
C000316,Asia-Pacific,Online,Boutique,55+,VIP
C000317,Japan,Boutique,Event,55+,VIP
C000318,EMEA,Boutique,Event,25-34,Loyalty
C000319,Japan,Mixed,Online,18-24,Loyalty
C000320,EMEA,Boutique,Boutique,55+,VIP
C000321,Americas,Online,Online,45-54,Loyalty
C000322,Americas,Boutique,Social,35-44,Loyalty
C000323,Japan,Boutique,Event,18-24,VIP
C000324,Asia-Pacific,Online,Social,18-24,VIP
C000325,Japan,Boutique,Social,55+,Standard
C000326,Asia-Pacific,Online,Event,25-34,Loyalty
C000327,Asia-Pacific,Mixed,Referral,25-34,VIP
C000328,EMEA,Boutique,Event,45-54,VIP
C000329,Asia-Pacific,Online,Event,18-24,VIP
C000330,Japan,Mixed,Social,18-24,Loyalty
C000331,Asia-Pacific,Online,Online,35-44,Loyalty
C000332,Americas,Online,Online,25-34,Standard
C000333,Asia-Pacific,Online,Event,55+,VIP
C000334,EMEA,Mixed,Social,55+,Standard
C000335,Japan,Online,Online,25-34,VIP
C000336,Americas,Mixed,Referral,18-24,Loyalty
C000337,Asia-Pacific,Mixed,Online,45-54,VIP
C000338,Asia-Pacific,Mixed,Referral,25-34,VIP
C000339,Americas,Boutique,Referral,25-34,Loyalty
C000340,Japan,Boutique,Social,45-54,VIP
C000341,Japan,Online,Online,55+,Standard
C000342,Asia-Pacific,Online,Referral,35-44,VIP
C000343,EMEA,Mixed,Event,18-24,Loyalty
C000344,EMEA,Online,Social,45-54,VIP
C000345,Americas,Boutique,Boutique,25-34,Loyalty
C000346,Asia-Pacific,Online,Referral,18-24,Loyalty
C000347,Asia-Pacific,Online,Referral,18-24,Loyalty
C000348,Americas,Online,Social,18-24,VIP
C000349,Asia-Pacific,Online,Online,18-24,Loyalty
C000350,Japan,Mixed,Online,45-54,Loyalty
C000351,EMEA,Online,Boutique,35-44,Standard
C000352,Americas,Mixed,Event,55+,Loyalty
C000353,EMEA,Boutique,Online,35-44,Standard
C000354,EMEA,Online,Referral,55+,Loyalty
C000355,EMEA,Online,Referral,55+,VIP
C000356,EMEA,Mixed,Event,55+,Standard
C000357,Americas,Boutique,Referral,18-24,VIP
C000358,Asia-Pacific,Online,Event,45-54,Standard
C000359,EMEA,Mixed,Social,18-24,VIP
C000360,EMEA,Boutique,Referral,18-24,VIP
C000361,Japan,Boutique,Social,18-24,Loyalty
C000362,EMEA,Boutique,Online,18-24,VIP
C000363,Asia-Pacific,Online,Boutique,35-44,VIP
C000364,Asia-Pacific,Mixed,Online,45-54,VIP
C000365,Japan,Mixed,Online,25-34,Standard
C000366,Japan,Online,Social,25-34,Standard
C000367,Americas,Online,Social,35-44,VIP
C000368,Japan,Mixed,Referral,35-44,Standard
C000369,Americas,Boutique,Social,18-24,VIP
C000370,Asia-Pacific,Boutique,Boutique,35-44,Loyalty
C000371,Japan,Mixed,Referral,45-54,Loyalty
C000372,Americas,Boutique,Referral,35-44,VIP
C000373,Asia-Pacific,Online,Referral,18-24,Loyalty
C000374,Americas,Mixed,Social,35-44,Standard
C000375,EMEA,Boutique,Social,35-44,Loyalty
C000376,Japan,Online,Referral,35-44,Loyalty
C000377,EMEA,Mixed,Social,55+,Loyalty
C000378,Asia-Pacific,Mixed,Boutique,18-24,VIP
C000379,Japan,Boutique,Event,25-34,Standard
C000380,Americas,Mixed,Referral,18-24,Standard
C000381,EMEA,Online,Social,35-44,Loyalty
C000382,EMEA,Mixed,Online,45-54,Loyalty
C000383,Asia-Pacific,Boutique,Boutique,55+,Standard
C000384,Asia-Pacific,Boutique,Social,35-44,Standard
C000385,EMEA,Online,Online,45-54,VIP
C000386,Japan,Mixed,Boutique,35-44,Loyalty
C000387,Japan,Online,Event,35-44,VIP
C000388,Japan,Online,Boutique,25-34,Standard
C000389,Japan,Online,Referral,18-24,VIP
C000390,Asia-Pacific,Mixed,Social,18-24,VIP
C000391,Asia-Pacific,Boutique,Online,25-34,Loyalty
C000392,Americas,Online,Online,25-34,Standard
C000393,Japan,Online,Social,55+,VIP
C000394,Asia-Pacific,Boutique,Event,25-34,VIP
C000395,EMEA,Online,Social,45-54,VIP
C000396,Japan,Mixed,Referral,45-54,VIP
C000397,EMEA,Online,Social,18-24,Loyalty
C000398,Japan,Mixed,Event,35-44,Standard
C000399,Americas,Online,Referral,55+,Standard
C000400,EMEA,Mixed,Online,35-44,Standard
C000401,Americas,Boutique,Online,35-44,VIP
C000402,Asia-Pacific,Online,Social,25-34,VIP
C000403,Asia-Pacific,Online,Social,55+,VIP
C000404,EMEA,Mixed,Online,55+,VIP
C000405,Americas,Online,Event,55+,Loyalty
C000406,EMEA,Online,Boutique,18-24,VIP
C000407,Asia-Pacific,Mixed,Online,55+,Loyalty
C000408,EMEA,Boutique,Event,35-44,VIP
C000409,Asia-Pacific,Boutique,Online,45-54,Loyalty
C000410,Japan,Online,Boutique,25-34,Loyalty
C000411,Japan,Boutique,Referral,25-34,Loyalty
C000412,Americas,Boutique,Social,35-44,Loyalty
C000413,Americas,Boutique,Event,55+,Standard
C000414,Asia-Pacific,Online,Referral,18-24,Loyalty
C000415,Japan,Online,Online,18-24,Standard
C000416,Asia-Pacific,Boutique,Event,45-54,Standard
C000417,Americas,Boutique,Event,35-44,Standard
C000418,Americas,Boutique,Event,45-54,Loyalty
C000419,Asia-Pacific,Boutique,Boutique,18-24,Loyalty
C000420,Japan,Online,Online,55+,Loyalty
C000421,EMEA,Online,Social,45-54,VIP
C000422,Japan,Boutique,Event,18-24,Standard
C000423,Japan,Online,Social,35-44,Loyalty
C000424,Asia-Pacific,Online,Referral,18-24,VIP
C000425,Americas,Boutique,Event,35-44,Standard
C000426,Japan,Mixed,Referral,55+,Loyalty
C000427,EMEA,Online,Boutique,45-54,Loyalty
C000428,Asia-Pacific,Mixed,Social,25-34,Standard
C000429,Japan,Mixed,Boutique,18-24,Standard
C000430,Americas,Mixed,Social,45-54,VIP
C000431,Japan,Online,Event,55+,Standard
C000432,Asia-Pacific,Mixed,Social,25-34,Loyalty
C000433,Asia-Pacific,Mixed,Social,55+,VIP
C000434,Japan,Mixed,Event,35-44,Loyalty
C000435,EMEA,Boutique,Social,18-24,Loyalty
C000436,Asia-Pacific,Mixed,Boutique,55+,Loyalty
C000437,Asia-Pacific,Mixed,Event,55+,Standard
C000438,EMEA,Mixed,Referral,25-34,VIP
C000439,Japan,Online,Online,18-24,VIP
C000440,EMEA,Online,Boutique,45-54,Loyalty
C000441,Japan,Online,Referral,25-34,Loyalty
C000442,Japan,Mixed,Boutique,25-34,VIP
C000443,Americas,Mixed,Social,45-54,VIP
C000444,Japan,Boutique,Online,45-54,VIP
C000445,Asia-Pacific,Mixed,Social,35-44,VIP
C000446,Japan,Online,Online,35-44,VIP
C000447,Asia-Pacific,Online,Social,35-44,VIP
C000448,Americas,Mixed,Referral,35-44,Loyalty
C000449,Asia-Pacific,Mixed,Social,35-44,Standard
C000450,Japan,Boutique,Social,25-34,Loyalty
C000451,EMEA,Boutique,Boutique,35-44,Loyalty
C000452,Asia-Pacific,Mixed,Referral,25-34,Standard
C000453,Asia-Pacific,Mixed,Social,25-34,Standard
C000454,Americas,Online,Boutique,55+,Standard
C000455,Americas,Online,Boutique,45-54,Loyalty
C000456,Japan,Online,Online,18-24,VIP
C000457,Americas,Boutique,Referral,45-54,VIP
C000458,Americas,Boutique,Social,35-44,VIP
C000459,EMEA,Online,Event,25-34,VIP
C000460,EMEA,Online,Referral,25-34,Standard
C000461,Japan,Boutique,Online,35-44,Standard
C000462,EMEA,Boutique,Event,55+,Standard
C000463,Asia-Pacific,Boutique,Referral,55+,VIP
C000464,Japan,Online,Event,45-54,Loyalty
C000465,Americas,Online,Social,25-34,VIP
C000466,Japan,Mixed,Social,25-34,Standard
C000467,Asia-Pacific,Boutique,Event,25-34,Standard
C000468,Japan,Boutique,Event,35-44,Standard
C000469,Japan,Mixed,Boutique,25-34,Standard
C000470,Japan,Boutique,Online,18-24,Loyalty
C000471,Japan,Online,Referral,35-44,Loyalty
C000472,Asia-Pacific,Mixed,Event,18-24,Loyalty
C000473,Asia-Pacific,Mixed,Online,18-24,VIP
C000474,EMEA,Boutique,Social,25-34,Loyalty
C000475,Asia-Pacific,Mixed,Boutique,35-44,Loyalty
C000476,Americas,Online,Online,45-54,Standard
C000477,Japan,Mixed,Event,35-44,Loyalty
C000478,Japan,Mixed,Online,25-34,VIP
C000479,EMEA,Mixed,Referral,55+,VIP
C000480,Asia-Pacific,Online,Event,18-24,Standard
C000481,Americas,Mixed,Event,25-34,Standard
C000482,Asia-Pacific,Mixed,Referral,18-24,VIP
C000483,Americas,Mixed,Event,45-54,Standard
C000484,Japan,Online,Referral,25-34,VIP
C000485,Japan,Boutique,Event,18-24,VIP
C000486,Japan,Mixed,Social,18-24,Loyalty
C000487,Asia-Pacific,Online,Online,55+,Standard
C000488,EMEA,Boutique,Social,18-24,VIP
C000489,EMEA,Online,Referral,18-24,Loyalty
C000490,Japan,Online,Online,45-54,Loyalty
C000491,Japan,Boutique,Referral,45-54,Standard
C000492,Americas,Mixed,Social,18-24,Standard
C000493,Japan,Mixed,Online,25-34,Standard
C000494,EMEA,Boutique,Referral,55+,Loyalty
C000495,Japan,Online,Online,45-54,Loyalty
C000496,Americas,Boutique,Online,18-24,Standard
C000497,Japan,Mixed,Boutique,25-34,Standard
C000498,EMEA,Online,Event,18-24,Loyalty
C000499,EMEA,Online,Boutique,45-54,Loyalty
C000500,Americas,Mixed,Online,18-24,Standard
C000501,Asia-Pacific,Online,Event,35-44,VIP
C000502,Asia-Pacific,Online,Social,25-34,VIP
C000503,Americas,Boutique,Social,35-44,Standard
C000504,Americas,Mixed,Referral,55+,Loyalty
C000505,EMEA,Boutique,Referral,55+,Loyalty
C000506,Japan,Boutique,Online,35-44,Loyalty
C000507,Americas,Mixed,Referral,25-34,Standard
C000508,Asia-Pacific,Mixed,Online,45-54,Standard
C000509,Japan,Boutique,Event,55+,Standard
C000510,Japan,Online,Social,25-34,Loyalty
C000511,EMEA,Boutique,Social,18-24,VIP
C000512,Americas,Online,Social,45-54,VIP
C000513,EMEA,Online,Online,55+,VIP
C000514,Americas,Boutique,Online,35-44,Loyalty
C000515,EMEA,Online,Online,18-24,VIP
C000516,Japan,Online,Event,25-34,Loyalty
C000517,Americas,Mixed,Social,35-44,Loyalty
C000518,Japan,Mixed,Social,35-44,Loyalty
C000519,Asia-Pacific,Mixed,Referral,45-54,Standard
C000520,Japan,Boutique,Online,35-44,Loyalty
C000521,Japan,Online,Event,25-34,VIP
C000522,Americas,Online,Social,55+,VIP
C000523,Japan,Boutique,Online,25-34,Loyalty
C000524,Americas,Boutique,Event,25-34,Loyalty
C000525,Asia-Pacific,Boutique,Referral,45-54,Loyalty
C000526,Americas,Mixed,Social,25-34,Standard
C000527,Japan,Online,Event,18-24,VIP
C000528,EMEA,Online,Boutique,18-24,Loyalty
C000529,Americas,Mixed,Online,18-24,VIP
C000530,Americas,Online,Online,55+,Loyalty
C000531,Asia-Pacific,Online,Event,55+,Loyalty
C000532,Japan,Online,Boutique,55+,VIP
C000533,Japan,Online,Boutique,55+,VIP
C000534,Asia-Pacific,Mixed,Social,18-24,VIP
C000535,Japan,Online,Boutique,18-24,VIP
C000536,Americas,Online,Online,55+,VIP
C000537,Asia-Pacific,Boutique,Social,45-54,Standard
C000538,Asia-Pacific,Boutique,Referral,55+,Standard
C000539,Americas,Boutique,Boutique,18-24,Standard
C000540,Japan,Boutique,Referral,55+,Loyalty
C000541,EMEA,Mixed,Boutique,25-34,Standard
C000542,Japan,Boutique,Social,55+,Standard
C000543,EMEA,Online,Online,55+,Loyalty
C000544,Asia-Pacific,Online,Boutique,35-44,VIP
C000545,EMEA,Online,Social,18-24,Standard
C000546,Americas,Mixed,Referral,18-24,Loyalty
C000547,Americas,Mixed,Online,55+,Loyalty
C000548,Asia-Pacific,Boutique,Online,18-24,VIP
C000549,Asia-Pacific,Online,Boutique,45-54,Standard
C000550,EMEA,Boutique,Event,55+,VIP
C000551,Japan,Boutique,Boutique,35-44,Loyalty
C000552,Japan,Online,Social,55+,Loyalty
C000553,Japan,Online,Event,45-54,Standard
C000554,Asia-Pacific,Online,Boutique,18-24,Loyalty
C000555,Americas,Boutique,Online,45-54,Loyalty
C000556,Asia-Pacific,Online,Boutique,18-24,Loyalty
C000557,Japan,Boutique,Social,18-24,Standard
C000558,EMEA,Online,Referral,45-54,VIP
C000559,Japan,Online,Boutique,18-24,Loyalty
C000560,EMEA,Mixed,Event,35-44,Loyalty
C000561,EMEA,Boutique,Referral,45-54,Standard
C000562,Americas,Mixed,Event,25-34,VIP
C000563,Japan,Online,Online,35-44,Loyalty
C000564,Asia-Pacific,Boutique,Online,18-24,Standard
C000565,Japan,Boutique,Referral,35-44,Loyalty
C000566,EMEA,Boutique,Social,25-34,VIP
C000567,Japan,Mixed,Event,25-34,Loyalty
C000568,EMEA,Online,Social,18-24,Loyalty
C000569,Asia-Pacific,Mixed,Referral,35-44,Loyalty
C000570,Asia-Pacific,Boutique,Event,25-34,Loyalty
C000571,Asia-Pacific,Mixed,Online,45-54,Loyalty
C000572,Americas,Boutique,Social,35-44,VIP
C000573,Japan,Mixed,Online,35-44,Loyalty
C000574,Asia-Pacific,Boutique,Social,18-24,VIP
C000575,Americas,Mixed,Event,25-34,VIP
C000576,EMEA,Mixed,Referral,25-34,Loyalty
C000577,Asia-Pacific,Mixed,Boutique,45-54,VIP
C000578,Japan,Online,Social,25-34,Loyalty
C000579,Americas,Mixed,Referral,45-54,Standard
C000580,Japan,Mixed,Referral,55+,Loyalty
C000581,Japan,Mixed,Boutique,35-44,VIP
C000582,EMEA,Online,Online,35-44,Standard
C000583,EMEA,Mixed,Referral,35-44,Loyalty
C000584,EMEA,Online,Boutique,35-44,Standard
C000585,Americas,Boutique,Social,45-54,Loyalty
C000586,Americas,Boutique,Boutique,45-54,Standard
C000587,Asia-Pacific,Boutique,Boutique,18-24,VIP
C000588,Americas,Boutique,Social,35-44,Loyalty
C000589,Americas,Mixed,Referral,35-44,Loyalty
C000590,EMEA,Boutique,Referral,35-44,Standard
C000591,Asia-Pacific,Online,Boutique,18-24,Loyalty
C000592,EMEA,Mixed,Online,25-34,VIP
C000593,Americas,Mixed,Online,35-44,VIP
C000594,Japan,Boutique,Online,45-54,VIP
C000595,Americas,Online,Referral,45-54,Standard
C000596,Americas,Boutique,Event,45-54,Loyalty
C000597,EMEA,Mixed,Online,25-34,Loyalty
C000598,EMEA,Mixed,Boutique,55+,Standard
C000599,Asia-Pacific,Boutique,Online,45-54,Standard
C000600,Asia-Pacific,Mixed,Referral,55+,VIP
C000601,Asia-Pacific,Mixed,Referral,55+,Loyalty
C000602,EMEA,Boutique,Social,45-54,VIP
C000603,Americas,Mixed,Social,55+,VIP
C000604,EMEA,Mixed,Online,35-44,Standard
C000605,Americas,Boutique,Boutique,25-34,Loyalty
C000606,Americas,Mixed,Referral,45-54,VIP
C000607,Americas,Mixed,Referral,45-54,Standard
C000608,Japan,Mixed,Event,25-34,VIP
C000609,Americas,Boutique,Social,25-34,Standard
C000610,Asia-Pacific,Boutique,Event,18-24,Loyalty
C000611,EMEA,Boutique,Online,25-34,Loyalty
C000612,Japan,Boutique,Referral,45-54,VIP
C000613,Japan,Boutique,Online,18-24,VIP
C000614,EMEA,Online,Social,18-24,Loyalty
C000615,Americas,Mixed,Social,25-34,Loyalty
C000616,Japan,Mixed,Event,18-24,VIP
C000617,EMEA,Boutique,Event,35-44,VIP
C000618,EMEA,Mixed,Referral,55+,Standard
C000619,Japan,Online,Online,35-44,Standard
C000620,Japan,Boutique,Social,18-24,Loyalty
C000621,EMEA,Online,Online,55+,VIP
C000622,Asia-Pacific,Mixed,Event,45-54,Standard
C000623,Americas,Online,Online,18-24,VIP
C000624,Asia-Pacific,Mixed,Social,55+,VIP
C000625,Americas,Boutique,Social,35-44,VIP
C000626,Asia-Pacific,Mixed,Boutique,25-34,Loyalty
C000627,EMEA,Boutique,Online,25-34,Standard
C000628,Americas,Mixed,Social,25-34,VIP
C000629,Japan,Boutique,Online,55+,VIP
C000630,Asia-Pacific,Mixed,Referral,45-54,Loyalty
C000631,EMEA,Mixed,Boutique,45-54,VIP
C000632,Asia-Pacific,Mixed,Social,45-54,Loyalty
C000633,Asia-Pacific,Mixed,Boutique,18-24,VIP
C000634,Japan,Mixed,Social,18-24,VIP
C000635,Japan,Online,Referral,25-34,Loyalty
C000636,Asia-Pacific,Boutique,Social,35-44,VIP
C000637,Americas,Mixed,Referral,35-44,VIP
C000638,EMEA,Online,Boutique,45-54,Standard
C000639,EMEA,Online,Referral,45-54,Standard
C000640,Japan,Online,Online,35-44,Standard
C000641,Asia-Pacific,Online,Social,35-44,Standard
C000642,Asia-Pacific,Mixed,Online,18-24,Loyalty
C000643,Asia-Pacific,Mixed,Online,45-54,VIP
C000644,EMEA,Mixed,Boutique,18-24,Standard
C000645,Japan,Online,Online,55+,Standard
C000646,Japan,Online,Boutique,35-44,Standard
C000647,Japan,Mixed,Online,45-54,Standard
C000648,Americas,Boutique,Boutique,18-24,Standard
C000649,Asia-Pacific,Boutique,Social,25-34,Loyalty
C000650,Americas,Mixed,Online,18-24,VIP
C000651,EMEA,Mixed,Online,45-54,Loyalty
C000652,Americas,Mixed,Online,45-54,VIP
C000653,Japan,Online,Boutique,18-24,Standard
C000654,EMEA,Mixed,Referral,35-44,Loyalty
C000655,Asia-Pacific,Online,Online,35-44,VIP
C000656,EMEA,Online,Event,55+,VIP
C000657,Asia-Pacific,Mixed,Boutique,35-44,Standard
C000658,Americas,Mixed,Referral,35-44,VIP
C000659,EMEA,Online,Referral,45-54,Standard
C000660,Americas,Boutique,Event,18-24,VIP
C000661,EMEA,Boutique,Social,25-34,Loyalty
C000662,Japan,Boutique,Event,25-34,Loyalty
C000663,EMEA,Online,Event,18-24,Standard
C000664,Asia-Pacific,Online,Boutique,18-24,Loyalty
C000665,Asia-Pacific,Mixed,Event,45-54,Loyalty
C000666,Japan,Online,Event,55+,VIP
C000667,Americas,Boutique,Boutique,35-44,Standard
C000668,Americas,Online,Event,35-44,Loyalty
C000669,EMEA,Boutique,Referral,25-34,Standard
C000670,Americas,Online,Referral,18-24,Loyalty
C000671,EMEA,Boutique,Online,18-24,Standard
C000672,Americas,Mixed,Boutique,25-34,Loyalty
C000673,Asia-Pacific,Mixed,Event,35-44,Standard
C000674,Asia-Pacific,Online,Social,18-24,Standard
C000675,Asia-Pacific,Boutique,Social,55+,Standard
C000676,Asia-Pacific,Mixed,Event,18-24,Loyalty
C000677,Japan,Mixed,Social,18-24,Loyalty
C000678,Americas,Boutique,Online,35-44,Standard
C000679,EMEA,Online,Event,18-24,Standard
C000680,EMEA,Online,Boutique,45-54,Loyalty
C000681,Japan,Online,Online,18-24,VIP
C000682,Japan,Online,Social,25-34,Loyalty
C000683,Asia-Pacific,Boutique,Boutique,55+,Loyalty
C000684,EMEA,Mixed,Boutique,25-34,Standard
C000685,EMEA,Boutique,Boutique,45-54,Loyalty
C000686,Asia-Pacific,Boutique,Boutique,55+,Loyalty
C000687,EMEA,Boutique,Online,35-44,VIP
C000688,Asia-Pacific,Mixed,Event,25-34,Loyalty
C000689,Asia-Pacific,Mixed,Referral,25-34,VIP
C000690,Americas,Online,Boutique,45-54,Standard
C000691,Americas,Mixed,Social,18-24,Loyalty
C000692,EMEA,Mixed,Referral,35-44,Standard
C000693,Americas,Mixed,Online,45-54,Loyalty
C000694,EMEA,Online,Social,18-24,Standard
C000695,Americas,Mixed,Referral,35-44,Loyalty
C000696,EMEA,Mixed,Boutique,55+,Standard
C000697,Japan,Online,Event,55+,Standard
C000698,Japan,Mixed,Online,25-34,Loyalty
C000699,Asia-Pacific,Boutique,Referral,35-44,Loyalty
C000700,Japan,Boutique,Online,18-24,Standard
C000701,Americas,Mixed,Boutique,25-34,Standard
C000702,Americas,Boutique,Referral,35-44,Loyalty
C000703,EMEA,Mixed,Social,25-34,Loyalty
C000704,Asia-Pacific,Boutique,Social,18-24,Standard
C000705,Americas,Mixed,Social,55+,Standard
C000706,Americas,Boutique,Online,18-24,VIP
C000707,Americas,Boutique,Referral,55+,Standard
C000708,Asia-Pacific,Boutique,Online,18-24,Loyalty
C000709,Japan,Mixed,Event,25-34,Standard
C000710,Japan,Online,Online,18-24,Standard
C000711,EMEA,Online,Online,25-34,Loyalty
C000712,Asia-Pacific,Mixed,Boutique,55+,VIP
C000713,Asia-Pacific,Online,Boutique,18-24,Standard
C000714,Japan,Online,Boutique,35-44,Standard
C000715,EMEA,Boutique,Boutique,25-34,VIP
C000716,Japan,Mixed,Referral,45-54,Standard
C000717,Japan,Mixed,Referral,25-34,Loyalty
C000718,Americas,Online,Social,35-44,Loyalty
C000719,Americas,Online,Event,55+,VIP
C000720,Americas,Mixed,Social,45-54,Loyalty
C000721,Japan,Online,Boutique,35-44,Loyalty
C000722,Americas,Boutique,Online,55+,Standard
C000723,EMEA,Boutique,Social,45-54,VIP
C000724,Japan,Boutique,Event,55+,Loyalty
C000725,Japan,Boutique,Online,18-24,Loyalty
C000726,Americas,Online,Social,18-24,Loyalty
C000727,Asia-Pacific,Mixed,Online,25-34,Standard
C000728,Americas,Mixed,Online,35-44,VIP
C000729,EMEA,Online,Event,45-54,Loyalty
C000730,Americas,Online,Online,55+,Loyalty
C000731,Asia-Pacific,Mixed,Boutique,35-44,VIP
C000732,Americas,Mixed,Online,45-54,VIP
C000733,Asia-Pacific,Online,Referral,18-24,Standard
C000734,EMEA,Online,Event,25-34,Standard
C000735,Japan,Online,Social,55+,Standard
C000736,Americas,Boutique,Online,35-44,Standard
C000737,EMEA,Online,Event,25-34,Standard
C000738,Asia-Pacific,Online,Social,45-54,VIP
C000739,EMEA,Boutique,Social,35-44,Standard
C000740,Americas,Mixed,Referral,45-54,VIP
C000741,Asia-Pacific,Online,Event,55+,Loyalty
C000742,Americas,Mixed,Event,25-34,Loyalty
C000743,Asia-Pacific,Mixed,Social,25-34,Standard
C000744,EMEA,Mixed,Event,45-54,VIP
C000745,EMEA,Online,Event,35-44,VIP
C000746,Americas,Mixed,Event,18-24,Loyalty
C000747,Americas,Boutique,Boutique,25-34,Loyalty
C000748,Asia-Pacific,Online,Boutique,35-44,Loyalty
C000749,EMEA,Boutique,Online,25-34,VIP
C000750,EMEA,Boutique,Social,18-24,VIP
C000751,EMEA,Online,Referral,45-54,VIP
C000752,Japan,Online,Referral,45-54,Loyalty
C000753,Asia-Pacific,Mixed,Referral,18-24,Loyalty
C000754,Americas,Online,Referral,18-24,Standard
C000755,Asia-Pacific,Online,Social,35-44,Standard
C000756,EMEA,Boutique,Online,45-54,Standard
C000757,EMEA,Mixed,Boutique,35-44,VIP
C000758,Japan,Mixed,Boutique,45-54,VIP
C000759,Americas,Mixed,Referral,25-34,Standard
C000760,EMEA,Boutique,Online,25-34,Loyalty
C000761,Asia-Pacific,Mixed,Social,35-44,Standard
C000762,EMEA,Online,Referral,55+,VIP
C000763,Japan,Online,Boutique,35-44,Standard
C000764,Japan,Online,Social,55+,Loyalty
C000765,Americas,Online,Boutique,25-34,Standard
C000766,Asia-Pacific,Online,Referral,18-24,Loyalty
C000767,Japan,Boutique,Referral,35-44,Standard
C000768,Japan,Online,Social,45-54,Loyalty
C000769,Americas,Boutique,Boutique,35-44,Loyalty
C000770,Japan,Boutique,Online,35-44,VIP
C000771,EMEA,Online,Boutique,18-24,VIP
C000772,Asia-Pacific,Mixed,Referral,55+,Standard
C000773,EMEA,Boutique,Event,45-54,VIP
C000774,Japan,Mixed,Online,45-54,Loyalty
C000775,EMEA,Boutique,Boutique,55+,VIP
C000776,Americas,Online,Referral,25-34,Standard
C000777,Americas,Online,Online,18-24,Loyalty
C000778,EMEA,Mixed,Referral,25-34,VIP
C000779,Americas,Mixed,Social,35-44,VIP
C000780,EMEA,Online,Referral,55+,Loyalty
C000781,Asia-Pacific,Boutique,Event,45-54,Standard
C000782,Japan,Online,Referral,25-34,Standard
C000783,EMEA,Online,Event,18-24,Loyalty
C000784,Asia-Pacific,Boutique,Social,45-54,VIP
C000785,Japan,Mixed,Event,45-54,Standard
C000786,Americas,Boutique,Referral,25-34,VIP
C000787,Japan,Online,Referral,35-44,VIP
C000788,Americas,Online,Referral,35-44,Loyalty
C000789,EMEA,Boutique,Social,35-44,Loyalty
C000790,Japan,Mixed,Boutique,25-34,Standard
C000791,Asia-Pacific,Mixed,Referral,35-44,Loyalty
C000792,Japan,Mixed,Boutique,25-34,Loyalty
C000793,Americas,Boutique,Referral,55+,Loyalty
C000794,EMEA,Mixed,Online,18-24,Loyalty
C000795,Japan,Online,Event,55+,Standard
C000796,Americas,Online,Online,18-24,Standard
C000797,EMEA,Boutique,Boutique,35-44,VIP
C000798,Americas,Boutique,Social,45-54,VIP
C000799,Japan,Mixed,Boutique,18-24,Standard
C000800,Asia-Pacific,Boutique,Event,45-54,Standard
C000801,Japan,Mixed,Event,35-44,Loyalty
C000802,Americas,Boutique,Boutique,35-44,Standard
C000803,Japan,Online,Online,55+,Standard
C000804,Americas,Mixed,Online,25-34,Loyalty
C000805,Japan,Mixed,Boutique,18-24,Loyalty
C000806,Americas,Mixed,Online,55+,Standard
C000807,Americas,Boutique,Event,35-44,VIP
C000808,Asia-Pacific,Boutique,Referral,35-44,Loyalty
C000809,Asia-Pacific,Online,Referral,35-44,VIP
C000810,Japan,Mixed,Boutique,18-24,VIP
C000811,Asia-Pacific,Mixed,Event,55+,Loyalty
C000812,Asia-Pacific,Mixed,Boutique,45-54,Standard
C000813,Asia-Pacific,Boutique,Social,35-44,Loyalty
C000814,Asia-Pacific,Online,Online,55+,Standard
C000815,EMEA,Mixed,Referral,35-44,VIP
C000816,Americas,Mixed,Boutique,45-54,Loyalty
C000817,Asia-Pacific,Boutique,Referral,45-54,VIP
C000818,EMEA,Mixed,Event,25-34,Loyalty
C000819,Americas,Mixed,Event,45-54,VIP
C000820,Asia-Pacific,Mixed,Social,25-34,VIP
C000821,Americas,Boutique,Boutique,45-54,Standard
C000822,Asia-Pacific,Mixed,Event,25-34,VIP
C000823,Asia-Pacific,Mixed,Boutique,25-34,Loyalty
C000824,Americas,Mixed,Social,45-54,Loyalty
C000825,Asia-Pacific,Boutique,Event,35-44,Loyalty
C000826,EMEA,Boutique,Boutique,55+,VIP
C000827,EMEA,Boutique,Online,55+,Standard
C000828,Japan,Mixed,Social,45-54,Standard
C000829,Americas,Online,Online,35-44,Loyalty
C000830,Japan,Online,Social,25-34,Standard
C000831,Japan,Boutique,Online,35-44,VIP
C000832,EMEA,Online,Referral,35-44,Standard
C000833,Americas,Mixed,Online,45-54,Standard
C000834,Americas,Mixed,Referral,45-54,Loyalty
C000835,Japan,Boutique,Referral,18-24,Standard
C000836,Americas,Mixed,Social,18-24,Loyalty
C000837,Americas,Online,Boutique,25-34,Standard
C000838,Asia-Pacific,Boutique,Online,18-24,Loyalty
C000839,Asia-Pacific,Online,Boutique,18-24,Loyalty
C000840,Asia-Pacific,Boutique,Event,55+,VIP
C000841,Asia-Pacific,Boutique,Online,35-44,Loyalty
C000842,Asia-Pacific,Online,Online,45-54,Standard
C000843,Americas,Online,Online,25-34,VIP
C000844,EMEA,Mixed,Event,25-34,Standard
C000845,Asia-Pacific,Mixed,Boutique,45-54,VIP
C000846,Asia-Pacific,Mixed,Event,18-24,VIP
C000847,EMEA,Mixed,Boutique,18-24,Standard
C000848,EMEA,Boutique,Referral,45-54,Standard
C000849,Asia-Pacific,Boutique,Online,25-34,VIP
C000850,EMEA,Boutique,Referral,18-24,VIP
C000851,Asia-Pacific,Mixed,Event,25-34,Loyalty
C000852,EMEA,Mixed,Event,18-24,Loyalty
C000853,EMEA,Online,Referral,25-34,VIP
C000854,Americas,Boutique,Event,25-34,Loyalty
C000855,Japan,Boutique,Online,18-24,VIP
C000856,Japan,Online,Referral,35-44,Standard
C000857,EMEA,Online,Boutique,18-24,VIP
C000858,Japan,Online,Boutique,55+,Standard
C000859,EMEA,Boutique,Online,45-54,Loyalty
C000860,Asia-Pacific,Boutique,Boutique,18-24,Standard
C000861,EMEA,Boutique,Social,35-44,Loyalty
C000862,EMEA,Online,Boutique,18-24,Standard
C000863,Americas,Boutique,Social,45-54,VIP
C000864,Asia-Pacific,Mixed,Boutique,35-44,Loyalty
C000865,Americas,Online,Referral,45-54,Loyalty
C000866,Asia-Pacific,Boutique,Referral,45-54,VIP
C000867,Americas,Online,Online,18-24,Standard
C000868,EMEA,Boutique,Event,45-54,VIP
C000869,Japan,Online,Event,45-54,Loyalty
C000870,EMEA,Mixed,Online,45-54,Loyalty
C000871,EMEA,Boutique,Referral,18-24,Standard
C000872,Asia-Pacific,Mixed,Social,18-24,VIP
C000873,Americas,Mixed,Social,55+,VIP
C000874,EMEA,Boutique,Online,45-54,Loyalty
C000875,Japan,Online,Event,55+,Standard
C000876,EMEA,Mixed,Online,55+,Loyalty
C000877,Japan,Online,Boutique,45-54,Loyalty
C000878,Americas,Boutique,Social,18-24,VIP
C000879,Americas,Mixed,Referral,45-54,Standard
C000880,EMEA,Boutique,Referral,55+,Loyalty
C000881,EMEA,Boutique,Referral,35-44,Standard
C000882,Japan,Mixed,Boutique,18-24,Loyalty
C000883,Japan,Online,Event,55+,Standard
C000884,EMEA,Mixed,Event,35-44,VIP
C000885,Americas,Mixed,Referral,35-44,Loyalty
C000886,EMEA,Online,Referral,35-44,VIP
C000887,Japan,Mixed,Social,45-54,Standard
C000888,EMEA,Mixed,Online,18-24,Loyalty
C000889,Asia-Pacific,Mixed,Social,55+,VIP
C000890,Asia-Pacific,Mixed,Boutique,18-24,Standard
C000891,Japan,Online,Referral,18-24,Loyalty
C000892,Americas,Online,Boutique,45-54,Standard
C000893,Japan,Online,Social,18-24,Loyalty
C000894,EMEA,Mixed,Event,18-24,Loyalty
C000895,Japan,Mixed,Event,55+,Standard
C000896,Japan,Online,Event,18-24,VIP
C000897,Japan,Mixed,Referral,55+,Standard
C000898,Americas,Mixed,Online,18-24,Loyalty
C000899,Asia-Pacific,Mixed,Referral,45-54,VIP
C000900,Americas,Boutique,Referral,35-44,Loyalty
C000901,Japan,Online,Online,45-54,VIP
C000902,Asia-Pacific,Mixed,Event,35-44,VIP
C000903,Americas,Online,Online,55+,VIP
C000904,Asia-Pacific,Mixed,Social,25-34,VIP
C000905,Americas,Mixed,Event,35-44,VIP
C000906,EMEA,Boutique,Event,45-54,VIP
C000907,Japan,Mixed,Event,35-44,Loyalty
C000908,EMEA,Mixed,Boutique,18-24,Loyalty
C000909,Americas,Online,Boutique,25-34,Loyalty
C000910,Americas,Boutique,Social,25-34,Standard
C000911,Asia-Pacific,Online,Event,18-24,Loyalty
C000912,Japan,Online,Event,55+,Standard
C000913,Japan,Online,Event,35-44,VIP
C000914,EMEA,Boutique,Referral,45-54,VIP
C000915,Asia-Pacific,Mixed,Boutique,18-24,VIP
C000916,Asia-Pacific,Online,Event,45-54,Standard
C000917,Asia-Pacific,Mixed,Event,55+,Standard
C000918,Americas,Boutique,Referral,25-34,VIP
C000919,EMEA,Online,Online,55+,Standard
C000920,Japan,Online,Referral,35-44,VIP
C000921,Asia-Pacific,Online,Online,55+,Loyalty
C000922,EMEA,Boutique,Referral,25-34,Standard
C000923,Americas,Boutique,Event,18-24,VIP
C000924,Asia-Pacific,Boutique,Event,55+,Loyalty
C000925,EMEA,Mixed,Social,55+,Standard
C000926,Americas,Mixed,Boutique,55+,Standard
C000927,Japan,Mixed,Event,45-54,Standard
C000928,Asia-Pacific,Online,Online,35-44,Loyalty
C000929,Asia-Pacific,Boutique,Online,55+,VIP
C000930,Japan,Mixed,Boutique,18-24,VIP
C000931,Asia-Pacific,Boutique,Online,55+,VIP
C000932,Americas,Online,Social,45-54,Standard
C000933,Japan,Boutique,Event,35-44,Standard
C000934,Asia-Pacific,Mixed,Event,45-54,Loyalty
C000935,EMEA,Boutique,Online,35-44,VIP
C000936,EMEA,Online,Online,55+,VIP
C000937,EMEA,Mixed,Boutique,25-34,VIP
C000938,Americas,Mixed,Referral,18-24,Standard
C000939,Japan,Mixed,Boutique,25-34,Standard
C000940,Japan,Mixed,Social,18-24,Standard
C000941,EMEA,Online,Online,35-44,VIP
C000942,EMEA,Mixed,Online,35-44,Loyalty
C000943,Japan,Boutique,Referral,45-54,Loyalty
C000944,EMEA,Boutique,Boutique,55+,Standard
C000945,EMEA,Mixed,Event,18-24,VIP
C000946,EMEA,Boutique,Event,18-24,Loyalty
C000947,Asia-Pacific,Mixed,Boutique,35-44,Loyalty
C000948,Japan,Boutique,Boutique,45-54,Standard
C000949,Americas,Online,Referral,55+,Loyalty
C000950,Americas,Boutique,Social,18-24,VIP
C000951,Americas,Online,Boutique,18-24,VIP
C000952,Japan,Mixed,Event,18-24,Loyalty
C000953,Americas,Mixed,Social,25-34,Loyalty
C000954,Americas,Online,Online,25-34,VIP
C000955,Asia-Pacific,Online,Boutique,25-34,VIP
C000956,EMEA,Mixed,Referral,55+,Standard
C000957,Asia-Pacific,Mixed,Boutique,35-44,Standard
C000958,Americas,Mixed,Event,45-54,Loyalty
C000959,Asia-Pacific,Online,Online,18-24,Loyalty
C000960,EMEA,Online,Social,45-54,Loyalty
C000961,Asia-Pacific,Mixed,Social,55+,Standard
C000962,Asia-Pacific,Boutique,Referral,25-34,Standard
C000963,Asia-Pacific,Online,Online,45-54,Loyalty
C000964,Asia-Pacific,Online,Social,45-54,Loyalty
C000965,Japan,Boutique,Social,45-54,VIP
C000966,EMEA,Online,Event,18-24,Loyalty
C000967,Americas,Mixed,Online,35-44,VIP
C000968,EMEA,Mixed,Boutique,18-24,VIP
C000969,EMEA,Mixed,Event,45-54,VIP
C000970,Americas,Online,Event,35-44,VIP
C000971,Japan,Mixed,Online,35-44,Loyalty
C000972,Americas,Mixed,Social,25-34,Loyalty
C000973,EMEA,Boutique,Social,55+,Standard
C000974,Americas,Mixed,Online,55+,Standard
C000975,Japan,Online,Online,55+,VIP
C000976,Americas,Mixed,Referral,35-44,Standard
C000977,Americas,Boutique,Online,18-24,Loyalty
C000978,Asia-Pacific,Online,Boutique,25-34,VIP
C000979,Asia-Pacific,Boutique,Referral,45-54,Standard
C000980,EMEA,Mixed,Social,18-24,VIP
C000981,Asia-Pacific,Mixed,Social,55+,VIP
C000982,Americas,Boutique,Referral,35-44,VIP
C000983,EMEA,Mixed,Social,45-54,Standard
C000984,Japan,Boutique,Social,45-54,Loyalty
C000985,EMEA,Mixed,Online,45-54,Standard
C000986,Americas,Online,Event,35-44,Standard
C000987,Americas,Online,Online,35-44,VIP
C000988,EMEA,Mixed,Online,45-54,Loyalty
C000989,EMEA,Boutique,Referral,45-54,Standard
C000990,Americas,Mixed,Referral,18-24,Standard
C000991,EMEA,Online,Event,55+,Standard
C000992,Americas,Mixed,Event,18-24,VIP
C000993,Americas,Online,Online,35-44,Standard
C000994,Japan,Mixed,Event,18-24,VIP
C000995,Asia-Pacific,Online,Online,45-54,VIP
C000996,Japan,Boutique,Online,25-34,Loyalty
C000997,Americas,Mixed,Online,55+,VIP
C000998,Asia-Pacific,Online,Social,45-54,VIP
C000999,EMEA,Online,Referral,45-54,Standard
C001000,EMEA,Online,Online,55+,VIP
C001001,Japan,Online,Event,18-24,Standard
C001002,Japan,Mixed,Event,18-24,VIP
C001003,EMEA,Online,Referral,25-34,VIP
C001004,EMEA,Mixed,Referral,55+,Loyalty
C001005,Asia-Pacific,Online,Event,45-54,Standard
C001006,Japan,Boutique,Social,55+,VIP
C001007,EMEA,Boutique,Online,35-44,Loyalty
C001008,Americas,Online,Social,55+,VIP
C001009,Japan,Boutique,Online,18-24,VIP
C001010,EMEA,Mixed,Event,18-24,VIP
C001011,EMEA,Boutique,Online,35-44,Loyalty
C001012,Asia-Pacific,Online,Online,45-54,VIP
C001013,Asia-Pacific,Boutique,Event,45-54,VIP
C001014,Asia-Pacific,Mixed,Social,45-54,Standard
C001015,Japan,Mixed,Event,45-54,Standard
C001016,Asia-Pacific,Mixed,Event,45-54,Loyalty
C001017,Asia-Pacific,Mixed,Social,45-54,VIP
C001018,Americas,Mixed,Boutique,25-34,Loyalty
C001019,Americas,Online,Online,55+,Loyalty
C001020,Asia-Pacific,Mixed,Event,18-24,Standard
C001021,Japan,Mixed,Boutique,18-24,Standard
C001022,Japan,Mixed,Referral,18-24,Standard
C001023,Asia-Pacific,Online,Social,18-24,VIP
C001024,EMEA,Mixed,Referral,45-54,VIP
C001025,Asia-Pacific,Mixed,Event,18-24,Standard
C001026,Japan,Boutique,Boutique,25-34,VIP
C001027,Asia-Pacific,Online,Boutique,55+,VIP
C001028,Americas,Mixed,Online,18-24,Loyalty
C001029,Americas,Mixed,Boutique,25-34,Standard
C001030,Asia-Pacific,Boutique,Social,45-54,Loyalty
C001031,Americas,Mixed,Boutique,18-24,Standard
C001032,Asia-Pacific,Mixed,Event,55+,Loyalty
C001033,Asia-Pacific,Boutique,Online,55+,Standard
C001034,Japan,Boutique,Event,18-24,Loyalty
C001035,Americas,Boutique,Event,18-24,VIP
C001036,EMEA,Mixed,Social,35-44,Standard
C001037,Asia-Pacific,Mixed,Event,35-44,VIP
C001038,Japan,Boutique,Event,45-54,Standard
C001039,Asia-Pacific,Boutique,Referral,55+,Standard
C001040,Japan,Online,Social,18-24,Loyalty
C001041,Americas,Mixed,Online,35-44,Loyalty
C001042,Asia-Pacific,Mixed,Event,18-24,VIP
C001043,Asia-Pacific,Online,Social,18-24,Loyalty
C001044,Asia-Pacific,Online,Event,25-34,Loyalty
C001045,Asia-Pacific,Boutique,Online,55+,Loyalty
C001046,Americas,Mixed,Online,45-54,VIP
C001047,Americas,Online,Online,35-44,Standard
C001048,Americas,Online,Online,55+,Loyalty
C001049,Americas,Online,Boutique,18-24,VIP
C001050,Japan,Mixed,Boutique,55+,Standard
C001051,Japan,Boutique,Event,35-44,Loyalty
C001052,Asia-Pacific,Boutique,Online,55+,Loyalty
C001053,Japan,Online,Event,25-34,Standard
C001054,Japan,Boutique,Event,18-24,VIP
C001055,Asia-Pacific,Boutique,Online,45-54,Standard
C001056,Japan,Boutique,Boutique,18-24,VIP
C001057,Americas,Boutique,Event,18-24,Loyalty
C001058,Asia-Pacific,Mixed,Social,25-34,VIP
C001059,Asia-Pacific,Online,Social,45-54,VIP
C001060,Asia-Pacific,Boutique,Online,45-54,Loyalty
C001061,Americas,Boutique,Social,35-44,Loyalty
C001062,Asia-Pacific,Boutique,Online,55+,Standard
C001063,Americas,Online,Social,25-34,VIP
C001064,Japan,Boutique,Online,25-34,VIP
C001065,Americas,Boutique,Boutique,25-34,Loyalty
C001066,Japan,Online,Event,55+,VIP
C001067,Asia-Pacific,Boutique,Social,35-44,VIP
C001068,EMEA,Boutique,Boutique,25-34,Standard
C001069,Americas,Boutique,Referral,18-24,Loyalty
C001070,Asia-Pacific,Boutique,Social,35-44,VIP
C001071,Asia-Pacific,Boutique,Boutique,45-54,Standard
C001072,Asia-Pacific,Mixed,Event,25-34,VIP
C001073,Americas,Boutique,Social,35-44,VIP
C001074,Japan,Mixed,Referral,18-24,Loyalty
C001075,Asia-Pacific,Boutique,Online,25-34,VIP
C001076,Asia-Pacific,Boutique,Event,55+,Loyalty
C001077,EMEA,Online,Online,35-44,Standard
C001078,Asia-Pacific,Boutique,Social,35-44,VIP
C001079,Japan,Boutique,Referral,35-44,VIP
C001080,Japan,Boutique,Online,25-34,Standard
C001081,Americas,Mixed,Online,35-44,VIP
C001082,EMEA,Online,Online,45-54,Standard
C001083,EMEA,Online,Referral,55+,Standard
C001084,EMEA,Boutique,Event,18-24,Standard
C001085,Asia-Pacific,Mixed,Online,18-24,VIP
C001086,Japan,Boutique,Online,25-34,VIP
C001087,Asia-Pacific,Boutique,Online,25-34,VIP
C001088,Americas,Online,Boutique,35-44,Loyalty
C001089,Japan,Boutique,Event,35-44,VIP
C001090,Japan,Online,Event,25-34,VIP
C001091,Japan,Mixed,Event,45-54,VIP
C001092,Asia-Pacific,Boutique,Referral,55+,Standard
C001093,EMEA,Boutique,Social,35-44,Loyalty
C001094,Asia-Pacific,Online,Social,18-24,Standard
C001095,Americas,Boutique,Social,45-54,VIP
C001096,EMEA,Mixed,Referral,45-54,Loyalty
C001097,EMEA,Boutique,Social,55+,Standard
C001098,EMEA,Mixed,Social,25-34,Loyalty
C001099,Japan,Boutique,Online,25-34,VIP
C001100,Japan,Boutique,Online,35-44,Standard
C001101,Japan,Mixed,Online,55+,VIP
C001102,Asia-Pacific,Boutique,Event,35-44,Loyalty
C001103,Americas,Online,Online,25-34,Loyalty
C001104,EMEA,Mixed,Referral,55+,Loyalty
C001105,Asia-Pacific,Mixed,Event,45-54,Standard
C001106,Asia-Pacific,Online,Online,18-24,VIP
C001107,EMEA,Online,Boutique,35-44,Loyalty
C001108,Americas,Mixed,Referral,18-24,Standard
C001109,EMEA,Online,Boutique,45-54,Standard
C001110,Asia-Pacific,Boutique,Social,45-54,Loyalty
C001111,Japan,Mixed,Boutique,35-44,Standard
C001112,Americas,Online,Social,45-54,Standard
C001113,Japan,Online,Online,35-44,Loyalty
C001114,EMEA,Online,Online,45-54,Loyalty
C001115,Americas,Mixed,Boutique,25-34,Loyalty
C001116,EMEA,Mixed,Online,45-54,Loyalty
C001117,Asia-Pacific,Boutique,Online,18-24,VIP
C001118,EMEA,Boutique,Referral,35-44,Standard
C001119,Asia-Pacific,Online,Online,18-24,Standard
C001120,Japan,Boutique,Boutique,25-34,Loyalty
C001121,EMEA,Boutique,Online,18-24,Standard
C001122,Japan,Mixed,Event,25-34,Loyalty
C001123,EMEA,Online,Online,45-54,Standard
C001124,Asia-Pacific,Mixed,Boutique,18-24,Loyalty
C001125,Americas,Mixed,Event,18-24,Standard
C001126,Japan,Online,Social,55+,VIP
C001127,Asia-Pacific,Boutique,Online,18-24,VIP
C001128,Japan,Boutique,Online,35-44,Standard
C001129,Japan,Mixed,Referral,55+,Loyalty
C001130,Japan,Online,Event,25-34,VIP
C001131,Asia-Pacific,Boutique,Referral,35-44,VIP
C001132,Americas,Online,Event,25-34,Loyalty
C001133,Asia-Pacific,Boutique,Event,35-44,Loyalty
C001134,EMEA,Mixed,Event,45-54,VIP
C001135,Americas,Online,Event,35-44,VIP
C001136,Americas,Boutique,Boutique,55+,Loyalty
C001137,Americas,Mixed,Referral,55+,Standard
C001138,Asia-Pacific,Boutique,Referral,35-44,Standard
C001139,EMEA,Mixed,Boutique,18-24,Standard
C001140,Americas,Online,Online,18-24,Loyalty
C001141,Americas,Online,Boutique,55+,VIP
C001142,Japan,Mixed,Referral,55+,VIP
C001143,Asia-Pacific,Online,Social,25-34,VIP
C001144,EMEA,Online,Online,45-54,Standard
C001145,Japan,Mixed,Boutique,35-44,VIP
C001146,Japan,Boutique,Boutique,55+,Loyalty
C001147,EMEA,Mixed,Boutique,35-44,Standard
C001148,Americas,Mixed,Boutique,18-24,VIP
C001149,Americas,Mixed,Referral,25-34,Standard
C001150,Americas,Mixed,Online,55+,VIP
C001151,Japan,Mixed,Boutique,55+,Loyalty
C001152,Japan,Mixed,Referral,18-24,Standard
C001153,Americas,Mixed,Referral,55+,Loyalty
C001154,Americas,Mixed,Event,45-54,Loyalty
C001155,Asia-Pacific,Mixed,Social,35-44,Loyalty
C001156,Japan,Mixed,Social,55+,Standard
C001157,Americas,Boutique,Event,35-44,Loyalty
C001158,Japan,Boutique,Referral,18-24,VIP
C001159,EMEA,Boutique,Event,18-24,VIP
C001160,Americas,Boutique,Boutique,35-44,Standard
C001161,Americas,Boutique,Boutique,35-44,VIP
C001162,Americas,Online,Boutique,45-54,Loyalty
C001163,Americas,Online,Social,35-44,VIP
C001164,Americas,Online,Social,35-44,Standard
C001165,Japan,Mixed,Online,18-24,VIP
C001166,Asia-Pacific,Boutique,Online,45-54,VIP
C001167,EMEA,Mixed,Social,18-24,VIP
C001168,Japan,Online,Boutique,35-44,Loyalty
C001169,Japan,Boutique,Boutique,25-34,VIP
C001170,EMEA,Mixed,Referral,18-24,Loyalty
C001171,EMEA,Boutique,Event,55+,Standard
C001172,Asia-Pacific,Mixed,Online,25-34,Standard
C001173,Japan,Boutique,Event,55+,VIP
C001174,EMEA,Online,Referral,35-44,Loyalty
C001175,Americas,Online,Social,18-24,Loyalty
C001176,EMEA,Mixed,Referral,35-44,Standard
C001177,Japan,Mixed,Referral,25-34,Standard
C001178,Japan,Mixed,Online,45-54,Loyalty
C001179,Americas,Mixed,Event,55+,Standard
C001180,Americas,Online,Social,45-54,Loyalty
C001181,EMEA,Online,Referral,45-54,Loyalty
C001182,Asia-Pacific,Online,Social,35-44,VIP
C001183,EMEA,Boutique,Online,35-44,VIP
C001184,Japan,Mixed,Online,45-54,Standard
C001185,Americas,Online,Social,25-34,VIP
C001186,EMEA,Online,Boutique,25-34,VIP
C001187,Americas,Boutique,Boutique,35-44,VIP
C001188,EMEA,Boutique,Referral,45-54,Standard
C001189,Asia-Pacific,Online,Event,25-34,Standard
C001190,Asia-Pacific,Mixed,Referral,55+,VIP
C001191,Americas,Mixed,Boutique,45-54,VIP
C001192,EMEA,Boutique,Online,18-24,Loyalty
C001193,Americas,Mixed,Event,35-44,Standard
C001194,Japan,Mixed,Boutique,18-24,Loyalty
C001195,Asia-Pacific,Mixed,Social,18-24,Standard
C001196,Asia-Pacific,Mixed,Referral,25-34,Loyalty
C001197,EMEA,Boutique,Referral,55+,VIP
C001198,EMEA,Online,Online,55+,Loyalty
C001199,EMEA,Online,Online,55+,Loyalty
C001200,Asia-Pacific,Boutique,Referral,25-34,Standard
C001201,Asia-Pacific,Mixed,Social,35-44,VIP
C001202,Asia-Pacific,Online,Event,35-44,Standard
C001203,Asia-Pacific,Boutique,Boutique,55+,Loyalty
C001204,Americas,Online,Social,45-54,VIP
C001205,Americas,Online,Referral,55+,VIP
C001206,Americas,Boutique,Online,55+,Standard
C001207,Japan,Boutique,Event,35-44,Loyalty
C001208,Americas,Online,Online,55+,VIP
C001209,Americas,Online,Social,55+,Standard
C001210,Japan,Online,Event,25-34,Loyalty
C001211,EMEA,Mixed,Event,18-24,Standard
C001212,Asia-Pacific,Online,Boutique,35-44,Loyalty
C001213,Japan,Boutique,Referral,35-44,Standard
C001214,Americas,Online,Online,25-34,Standard
C001215,Asia-Pacific,Mixed,Event,55+,Standard
C001216,Americas,Online,Boutique,35-44,Standard
C001217,Japan,Online,Event,55+,Loyalty
C001218,Asia-Pacific,Online,Referral,45-54,Loyalty
C001219,Americas,Online,Online,25-34,Standard
C001220,Japan,Online,Social,45-54,Standard
C001221,Americas,Online,Boutique,25-34,Loyalty
C001222,Japan,Mixed,Social,45-54,Standard
C001223,Japan,Boutique,Boutique,55+,VIP
C001224,Japan,Mixed,Social,45-54,VIP
C001225,EMEA,Mixed,Boutique,45-54,Loyalty
C001226,EMEA,Online,Event,55+,Loyalty
C001227,EMEA,Mixed,Referral,55+,VIP
C001228,EMEA,Online,Social,45-54,Loyalty
C001229,Asia-Pacific,Boutique,Referral,25-34,Loyalty
C001230,Asia-Pacific,Mixed,Boutique,55+,Standard
C001231,Japan,Mixed,Referral,18-24,VIP
C001232,EMEA,Online,Event,55+,Standard
C001233,Japan,Boutique,Social,45-54,Standard
C001234,Americas,Boutique,Event,25-34,Loyalty
C001235,EMEA,Boutique,Social,25-34,VIP
C001236,EMEA,Online,Boutique,45-54,VIP
C001237,Asia-Pacific,Online,Event,45-54,VIP
C001238,Americas,Boutique,Event,45-54,Standard
C001239,Americas,Boutique,Event,25-34,Standard
C001240,Americas,Online,Boutique,45-54,Loyalty
C001241,Asia-Pacific,Mixed,Referral,35-44,VIP
C001242,Americas,Online,Online,25-34,Standard
C001243,Asia-Pacific,Online,Referral,45-54,Loyalty
C001244,EMEA,Mixed,Referral,25-34,Standard
C001245,Japan,Boutique,Referral,45-54,Standard
C001246,EMEA,Online,Event,35-44,VIP
C001247,Americas,Online,Online,25-34,Standard
C001248,Asia-Pacific,Online,Online,18-24,VIP
C001249,Asia-Pacific,Boutique,Boutique,18-24,Standard
C001250,Japan,Online,Online,35-44,VIP
C001251,Americas,Boutique,Event,35-44,Standard
C001252,EMEA,Boutique,Social,35-44,Loyalty
C001253,EMEA,Boutique,Event,18-24,Loyalty
C001254,Japan,Online,Boutique,35-44,Loyalty
C001255,Japan,Mixed,Online,25-34,VIP
C001256,EMEA,Online,Event,55+,Standard
C001257,Japan,Mixed,Event,35-44,Loyalty
C001258,Asia-Pacific,Boutique,Event,55+,VIP
C001259,Asia-Pacific,Online,Event,55+,Loyalty
C001260,Japan,Boutique,Online,55+,Standard
C001261,Asia-Pacific,Online,Boutique,18-24,Standard
C001262,Japan,Mixed,Boutique,25-34,VIP
C001263,Japan,Boutique,Boutique,35-44,Loyalty
C001264,Americas,Online,Online,35-44,Loyalty
C001265,EMEA,Boutique,Social,55+,VIP
C001266,Asia-Pacific,Online,Boutique,35-44,Loyalty
C001267,Japan,Mixed,Event,55+,Standard
C001268,Americas,Online,Social,35-44,VIP
C001269,Japan,Boutique,Boutique,25-34,Loyalty
C001270,Americas,Mixed,Referral,55+,Loyalty
C001271,Japan,Boutique,Boutique,55+,Loyalty
C001272,Asia-Pacific,Mixed,Event,18-24,Standard
C001273,Asia-Pacific,Boutique,Boutique,25-34,Loyalty
C001274,EMEA,Boutique,Referral,55+,Standard
C001275,Japan,Online,Event,18-24,Loyalty
C001276,Asia-Pacific,Mixed,Boutique,35-44,Loyalty
C001277,EMEA,Boutique,Online,35-44,Loyalty
C001278,Asia-Pacific,Online,Event,35-44,Standard
C001279,EMEA,Boutique,Boutique,25-34,Standard
C001280,Japan,Mixed,Boutique,45-54,VIP
C001281,Americas,Online,Social,45-54,VIP
C001282,Asia-Pacific,Boutique,Online,18-24,VIP
C001283,Americas,Online,Boutique,45-54,Loyalty
C001284,EMEA,Online,Social,18-24,VIP
C001285,EMEA,Boutique,Referral,18-24,Standard
C001286,Asia-Pacific,Online,Event,35-44,VIP
C001287,Americas,Boutique,Online,25-34,Loyalty
C001288,Asia-Pacific,Mixed,Social,45-54,VIP
C001289,EMEA,Boutique,Online,25-34,Loyalty
C001290,EMEA,Online,Event,55+,VIP
C001291,EMEA,Online,Event,35-44,VIP
C001292,Asia-Pacific,Boutique,Online,35-44,VIP
C001293,Americas,Online,Boutique,35-44,VIP
C001294,Asia-Pacific,Mixed,Referral,18-24,Standard
C001295,EMEA,Boutique,Boutique,18-24,Loyalty
C001296,EMEA,Online,Referral,45-54,Standard
C001297,Japan,Mixed,Social,35-44,Loyalty
C001298,Americas,Mixed,Event,18-24,Loyalty
C001299,Americas,Online,Referral,18-24,Loyalty
C001300,Asia-Pacific,Mixed,Referral,45-54,Standard
C001301,Americas,Online,Event,35-44,Loyalty
C001302,Japan,Online,Social,35-44,Loyalty
C001303,Japan,Online,Boutique,45-54,Standard
C001304,Asia-Pacific,Boutique,Referral,25-34,Loyalty
C001305,Asia-Pacific,Mixed,Event,25-34,VIP
C001306,EMEA,Boutique,Boutique,35-44,VIP
C001307,EMEA,Boutique,Event,45-54,Loyalty
C001308,Japan,Online,Event,25-34,VIP
C001309,Americas,Boutique,Referral,18-24,Loyalty
C001310,Americas,Mixed,Event,45-54,Loyalty
C001311,Asia-Pacific,Mixed,Online,25-34,VIP
C001312,EMEA,Mixed,Event,45-54,Standard
C001313,Japan,Boutique,Event,18-24,Loyalty
C001314,Americas,Boutique,Referral,18-24,VIP
C001315,EMEA,Mixed,Event,45-54,Loyalty
C001316,Japan,Mixed,Boutique,18-24,Standard
C001317,Americas,Mixed,Boutique,25-34,VIP
C001318,Americas,Boutique,Event,35-44,Loyalty
C001319,Japan,Online,Online,35-44,Loyalty
C001320,Asia-Pacific,Boutique,Social,18-24,VIP
C001321,EMEA,Mixed,Event,45-54,Standard
C001322,Asia-Pacific,Online,Social,55+,Standard
C001323,EMEA,Mixed,Event,35-44,Standard
C001324,Asia-Pacific,Online,Online,45-54,VIP
C001325,Japan,Mixed,Social,45-54,Loyalty
C001326,Japan,Boutique,Event,25-34,VIP
C001327,Americas,Boutique,Online,25-34,VIP
C001328,Japan,Boutique,Referral,25-34,Loyalty
C001329,Americas,Online,Boutique,18-24,VIP
C001330,EMEA,Online,Referral,45-54,Standard
C001331,EMEA,Online,Referral,45-54,VIP
C001332,Japan,Mixed,Online,45-54,VIP
C001333,Japan,Mixed,Referral,45-54,Loyalty
C001334,Americas,Online,Referral,55+,Standard
C001335,Japan,Mixed,Online,55+,Loyalty
C001336,Japan,Mixed,Event,35-44,Standard
C001337,EMEA,Mixed,Referral,35-44,Standard
C001338,Japan,Mixed,Boutique,25-34,VIP
C001339,Asia-Pacific,Boutique,Event,18-24,VIP
C001340,EMEA,Online,Referral,18-24,VIP
C001341,Asia-Pacific,Mixed,Boutique,35-44,VIP
C001342,EMEA,Boutique,Referral,55+,Loyalty
C001343,Asia-Pacific,Boutique,Social,35-44,Loyalty
C001344,Americas,Online,Event,35-44,VIP
C001345,Asia-Pacific,Online,Referral,55+,Standard
C001346,EMEA,Mixed,Social,55+,Standard
C001347,Asia-Pacific,Boutique,Boutique,25-34,VIP
C001348,EMEA,Boutique,Social,25-34,VIP
C001349,Asia-Pacific,Boutique,Social,18-24,VIP
C001350,EMEA,Mixed,Online,55+,VIP
C001351,Americas,Mixed,Referral,35-44,Standard
C001352,Asia-Pacific,Mixed,Online,45-54,Standard
C001353,EMEA,Boutique,Boutique,25-34,VIP
C001354,Americas,Boutique,Referral,45-54,Standard
C001355,Japan,Mixed,Online,25-34,VIP
C001356,Asia-Pacific,Online,Social,18-24,Standard
C001357,Americas,Boutique,Referral,45-54,Loyalty
C001358,Japan,Mixed,Event,25-34,Loyalty
C001359,Japan,Boutique,Social,25-34,VIP
C001360,Japan,Online,Social,45-54,Loyalty
C001361,Asia-Pacific,Mixed,Boutique,18-24,VIP
C001362,Asia-Pacific,Boutique,Event,35-44,Loyalty
C001363,Asia-Pacific,Boutique,Boutique,35-44,VIP
C001364,Japan,Boutique,Online,55+,Standard
C001365,Asia-Pacific,Mixed,Online,35-44,VIP
C001366,EMEA,Mixed,Boutique,18-24,Standard
C001367,Japan,Online,Event,18-24,VIP
C001368,Japan,Boutique,Online,35-44,Loyalty
C001369,Americas,Online,Boutique,55+,Standard
C001370,EMEA,Mixed,Online,55+,VIP
C001371,EMEA,Mixed,Boutique,18-24,VIP
C001372,Americas,Boutique,Event,25-34,Standard
C001373,Americas,Boutique,Social,45-54,VIP
C001374,EMEA,Mixed,Referral,35-44,Loyalty
C001375,Asia-Pacific,Boutique,Online,18-24,Loyalty
C001376,EMEA,Boutique,Referral,35-44,Standard
C001377,Asia-Pacific,Boutique,Online,45-54,Standard
C001378,Japan,Online,Event,45-54,Standard
C001379,Japan,Online,Online,55+,Loyalty
C001380,Americas,Mixed,Boutique,45-54,VIP
C001381,Asia-Pacific,Online,Boutique,18-24,Standard
C001382,Asia-Pacific,Boutique,Boutique,45-54,Standard
C001383,EMEA,Online,Referral,35-44,Standard
C001384,Asia-Pacific,Boutique,Event,18-24,VIP
C001385,Japan,Boutique,Referral,45-54,VIP
C001386,EMEA,Mixed,Online,18-24,Loyalty
C001387,Japan,Online,Event,55+,Loyalty
C001388,Asia-Pacific,Mixed,Social,45-54,Standard
C001389,EMEA,Boutique,Event,35-44,Standard
C001390,Japan,Boutique,Online,25-34,VIP
C001391,EMEA,Boutique,Online,35-44,VIP
C001392,Japan,Online,Social,45-54,Standard
C001393,Japan,Mixed,Online,25-34,Standard
C001394,Americas,Online,Event,25-34,Loyalty
C001395,Japan,Online,Event,35-44,Loyalty
C001396,Japan,Online,Boutique,35-44,Standard
C001397,Asia-Pacific,Mixed,Boutique,45-54,Standard
C001398,Americas,Mixed,Event,45-54,VIP
C001399,Americas,Mixed,Event,25-34,Standard
C001400,EMEA,Mixed,Online,45-54,VIP
C001401,EMEA,Boutique,Event,18-24,Standard
C001402,Americas,Online,Online,18-24,Loyalty
C001403,EMEA,Boutique,Event,25-34,VIP
C001404,EMEA,Online,Boutique,45-54,VIP
C001405,Americas,Online,Online,45-54,Loyalty
C001406,Japan,Boutique,Boutique,55+,VIP
C001407,Americas,Boutique,Online,18-24,VIP
C001408,Americas,Boutique,Boutique,18-24,Loyalty
C001409,Americas,Boutique,Online,35-44,VIP
C001410,Americas,Boutique,Online,55+,Standard
C001411,Americas,Online,Event,45-54,Standard
C001412,EMEA,Boutique,Boutique,18-24,Standard
C001413,Americas,Online,Event,35-44,Loyalty
C001414,Japan,Mixed,Online,25-34,Standard
C001415,Asia-Pacific,Mixed,Referral,45-54,Standard
C001416,Americas,Mixed,Boutique,55+,Standard
C001417,Japan,Mixed,Boutique,35-44,Loyalty
C001418,Japan,Online,Event,25-34,Standard
C001419,EMEA,Mixed,Boutique,55+,Loyalty
C001420,Americas,Boutique,Online,35-44,Standard
C001421,Americas,Online,Online,45-54,Loyalty
C001422,Americas,Online,Boutique,18-24,VIP
C001423,Asia-Pacific,Boutique,Online,45-54,Loyalty
C001424,Asia-Pacific,Mixed,Referral,18-24,Standard
C001425,EMEA,Mixed,Online,25-34,Standard
C001426,Japan,Mixed,Boutique,18-24,Standard
C001427,Japan,Mixed,Event,35-44,Loyalty
C001428,Americas,Mixed,Social,25-34,Standard
C001429,Asia-Pacific,Online,Boutique,25-34,VIP
C001430,Japan,Online,Referral,25-34,Standard
C001431,Japan,Mixed,Referral,18-24,Loyalty
C001432,Americas,Online,Event,45-54,Standard
C001433,Japan,Boutique,Online,45-54,VIP
C001434,Americas,Mixed,Social,35-44,Standard
C001435,Asia-Pacific,Online,Boutique,55+,Standard
C001436,Asia-Pacific,Online,Boutique,45-54,Loyalty
C001437,Japan,Online,Social,25-34,Loyalty
C001438,Americas,Mixed,Event,25-34,VIP
C001439,Americas,Online,Referral,55+,Loyalty
C001440,Americas,Mixed,Referral,45-54,Loyalty
C001441,EMEA,Mixed,Referral,25-34,Standard
C001442,Asia-Pacific,Boutique,Event,25-34,VIP
C001443,Americas,Mixed,Boutique,45-54,Standard
C001444,EMEA,Boutique,Event,18-24,Loyalty
C001445,Japan,Boutique,Boutique,45-54,Loyalty
C001446,Americas,Online,Event,18-24,VIP
C001447,Japan,Online,Online,35-44,Loyalty
C001448,Americas,Mixed,Boutique,18-24,Loyalty
C001449,Asia-Pacific,Online,Referral,55+,VIP
C001450,EMEA,Boutique,Referral,25-34,VIP
C001451,Japan,Online,Social,45-54,VIP
C001452,EMEA,Mixed,Boutique,45-54,VIP
C001453,Asia-Pacific,Mixed,Boutique,35-44,Loyalty
C001454,Asia-Pacific,Mixed,Event,55+,VIP
C001455,Americas,Mixed,Boutique,55+,Loyalty
C001456,EMEA,Mixed,Social,18-24,Standard
C001457,Japan,Boutique,Referral,55+,Standard
C001458,Asia-Pacific,Boutique,Online,55+,VIP
C001459,EMEA,Mixed,Online,25-34,Loyalty
C001460,Americas,Mixed,Boutique,45-54,VIP
C001461,Americas,Mixed,Online,35-44,Loyalty
C001462,Asia-Pacific,Mixed,Referral,35-44,Standard
C001463,EMEA,Boutique,Social,45-54,Loyalty
C001464,EMEA,Boutique,Event,55+,Loyalty
C001465,Japan,Mixed,Social,18-24,Standard
C001466,Japan,Online,Boutique,45-54,Standard
C001467,Asia-Pacific,Online,Boutique,25-34,Loyalty
C001468,EMEA,Mixed,Online,45-54,Standard
C001469,Americas,Mixed,Boutique,35-44,Loyalty
C001470,Americas,Boutique,Social,45-54,Loyalty
C001471,EMEA,Boutique,Online,18-24,Standard
C001472,Americas,Mixed,Social,45-54,VIP
C001473,Asia-Pacific,Mixed,Social,45-54,VIP
C001474,Japan,Boutique,Social,55+,Standard
C001475,Asia-Pacific,Online,Social,25-34,Loyalty
C001476,Asia-Pacific,Boutique,Boutique,25-34,Loyalty
C001477,Asia-Pacific,Boutique,Online,55+,Standard
C001478,Asia-Pacific,Online,Online,25-34,Standard
C001479,Americas,Online,Boutique,35-44,VIP
C001480,Americas,Boutique,Social,35-44,Standard
C001481,Americas,Mixed,Boutique,35-44,Loyalty
C001482,Americas,Boutique,Referral,55+,Standard
C001483,Asia-Pacific,Online,Boutique,45-54,Loyalty
C001484,Americas,Boutique,Social,25-34,Standard
C001485,Asia-Pacific,Mixed,Social,45-54,Loyalty
C001486,Americas,Mixed,Referral,35-44,VIP
C001487,EMEA,Mixed,Referral,18-24,Standard
C001488,EMEA,Boutique,Boutique,45-54,VIP
C001489,Americas,Boutique,Social,18-24,Loyalty
C001490,EMEA,Mixed,Online,55+,VIP
C001491,Americas,Boutique,Online,18-24,Standard
C001492,Japan,Mixed,Boutique,55+,Loyalty
C001493,Americas,Boutique,Social,55+,VIP
C001494,EMEA,Mixed,Social,45-54,Standard
C001495,Japan,Boutique,Referral,35-44,Standard
C001496,Asia-Pacific,Boutique,Social,35-44,Loyalty
C001497,EMEA,Online,Referral,45-54,Loyalty
C001498,Asia-Pacific,Online,Referral,45-54,Standard
C001499,EMEA,Online,Online,35-44,Loyalty
C001500,Asia-Pacific,Online,Event,45-54,Standard
C001501,EMEA,Boutique,Social,45-54,Standard
C001502,Japan,Mixed,Event,25-34,Standard
C001503,Americas,Boutique,Social,55+,Loyalty
C001504,EMEA,Boutique,Event,35-44,Loyalty
C001505,Japan,Online,Boutique,18-24,Standard
C001506,Asia-Pacific,Boutique,Referral,18-24,VIP
C001507,Asia-Pacific,Boutique,Online,45-54,VIP
C001508,Americas,Online,Boutique,35-44,Loyalty
C001509,EMEA,Mixed,Social,55+,Loyalty
C001510,Japan,Boutique,Referral,18-24,Loyalty
C001511,EMEA,Boutique,Online,55+,Standard
C001512,Americas,Boutique,Referral,25-34,Loyalty
C001513,Americas,Online,Social,35-44,Loyalty
C001514,Asia-Pacific,Online,Social,35-44,VIP
C001515,EMEA,Mixed,Online,25-34,Standard
C001516,Americas,Mixed,Social,35-44,VIP
C001517,Asia-Pacific,Boutique,Social,18-24,VIP
C001518,Asia-Pacific,Online,Boutique,25-34,VIP
C001519,Asia-Pacific,Boutique,Referral,45-54,Loyalty
C001520,Americas,Online,Online,25-34,VIP
C001521,Americas,Online,Event,55+,VIP
C001522,EMEA,Boutique,Referral,18-24,Standard
C001523,Americas,Online,Referral,35-44,Loyalty
C001524,Asia-Pacific,Online,Referral,55+,VIP
C001525,Asia-Pacific,Online,Social,18-24,VIP
C001526,EMEA,Online,Online,25-34,VIP
C001527,Americas,Boutique,Online,25-34,Standard
C001528,EMEA,Boutique,Boutique,18-24,Standard
C001529,Japan,Boutique,Boutique,25-34,Standard
C001530,EMEA,Mixed,Event,55+,Standard
C001531,Japan,Online,Social,18-24,Standard
C001532,Asia-Pacific,Mixed,Boutique,18-24,Standard
C001533,Americas,Mixed,Online,25-34,VIP
C001534,Asia-Pacific,Online,Boutique,25-34,VIP
C001535,Asia-Pacific,Mixed,Social,35-44,Standard
C001536,Americas,Mixed,Event,18-24,Standard
C001537,EMEA,Mixed,Online,25-34,Loyalty
C001538,Americas,Mixed,Boutique,18-24,Standard
C001539,Japan,Boutique,Event,25-34,Loyalty
C001540,EMEA,Online,Social,45-54,Loyalty
C001541,Americas,Mixed,Online,45-54,Standard
C001542,Asia-Pacific,Online,Referral,18-24,VIP
C001543,Americas,Boutique,Social,35-44,VIP
C001544,EMEA,Online,Social,45-54,Standard
C001545,Japan,Boutique,Referral,55+,VIP
C001546,Asia-Pacific,Mixed,Referral,25-34,VIP
C001547,Japan,Boutique,Referral,25-34,Standard
C001548,Japan,Mixed,Social,25-34,Standard
C001549,Japan,Mixed,Boutique,45-54,Loyalty
C001550,EMEA,Online,Online,45-54,Loyalty
C001551,EMEA,Mixed,Online,18-24,Loyalty
C001552,Americas,Boutique,Online,55+,Loyalty
C001553,EMEA,Online,Referral,45-54,Loyalty
C001554,Asia-Pacific,Mixed,Referral,35-44,Loyalty
C001555,Japan,Boutique,Event,35-44,Standard
C001556,Japan,Online,Boutique,35-44,Loyalty
C001557,Japan,Online,Online,18-24,Standard
C001558,EMEA,Online,Referral,18-24,Standard
C001559,Japan,Mixed,Social,25-34,Loyalty
C001560,EMEA,Online,Event,45-54,Loyalty
C001561,Americas,Boutique,Referral,45-54,VIP
C001562,Asia-Pacific,Mixed,Social,55+,VIP
C001563,EMEA,Online,Referral,18-24,Loyalty
C001564,Japan,Boutique,Referral,45-54,Loyalty
C001565,EMEA,Online,Online,55+,VIP
C001566,Asia-Pacific,Mixed,Online,45-54,Loyalty
C001567,Americas,Boutique,Referral,45-54,Standard
C001568,Japan,Mixed,Event,55+,VIP
C001569,Japan,Boutique,Event,25-34,VIP
C001570,EMEA,Boutique,Social,45-54,VIP
C001571,Japan,Mixed,Social,35-44,Loyalty
C001572,EMEA,Online,Event,18-24,Standard
C001573,Asia-Pacific,Boutique,Event,18-24,VIP
C001574,Asia-Pacific,Boutique,Boutique,45-54,Loyalty
C001575,Asia-Pacific,Boutique,Social,18-24,VIP
C001576,Americas,Online,Online,35-44,VIP
C001577,EMEA,Mixed,Boutique,35-44,Standard
C001578,Asia-Pacific,Online,Boutique,55+,Loyalty
C001579,EMEA,Boutique,Referral,55+,VIP
C001580,Japan,Boutique,Boutique,45-54,VIP
C001581,EMEA,Boutique,Referral,55+,Loyalty
C001582,Asia-Pacific,Mixed,Boutique,45-54,Standard
C001583,Americas,Boutique,Referral,55+,VIP
C001584,Asia-Pacific,Online,Event,35-44,Loyalty
C001585,Japan,Online,Referral,18-24,VIP
C001586,Americas,Boutique,Social,18-24,Loyalty
C001587,Japan,Online,Event,18-24,VIP
C001588,EMEA,Mixed,Social,35-44,Standard
C001589,Japan,Boutique,Online,35-44,Standard
C001590,Asia-Pacific,Mixed,Social,45-54,VIP
C001591,Asia-Pacific,Online,Referral,45-54,Loyalty
C001592,Japan,Mixed,Event,25-34,Standard
C001593,Americas,Mixed,Referral,25-34,VIP
C001594,Japan,Boutique,Event,55+,Loyalty
C001595,EMEA,Mixed,Online,35-44,Loyalty
C001596,Americas,Online,Online,35-44,Loyalty
C001597,Japan,Boutique,Boutique,25-34,Loyalty
C001598,Asia-Pacific,Boutique,Online,35-44,VIP
C001599,Americas,Boutique,Online,18-24,Standard
C001600,Americas,Online,Online,35-44,Loyalty
C001601,Japan,Mixed,Referral,45-54,VIP
C001602,EMEA,Online,Online,35-44,Standard
C001603,EMEA,Boutique,Social,55+,Standard
C001604,EMEA,Mixed,Referral,18-24,Standard
C001605,EMEA,Boutique,Event,35-44,Standard
C001606,Japan,Boutique,Boutique,45-54,VIP
C001607,Americas,Online,Boutique,55+,VIP
C001608,EMEA,Mixed,Event,55+,Loyalty
C001609,Japan,Online,Online,55+,Standard
C001610,Asia-Pacific,Boutique,Event,45-54,VIP
C001611,Americas,Boutique,Online,25-34,Standard
C001612,Americas,Online,Social,45-54,Loyalty
C001613,Asia-Pacific,Mixed,Boutique,45-54,VIP
C001614,Asia-Pacific,Mixed,Boutique,35-44,VIP
C001615,Japan,Boutique,Online,35-44,Standard
C001616,Asia-Pacific,Boutique,Social,35-44,Standard
C001617,EMEA,Mixed,Boutique,25-34,Loyalty
C001618,Japan,Boutique,Social,18-24,VIP
C001619,Americas,Boutique,Referral,18-24,Loyalty
C001620,Asia-Pacific,Boutique,Boutique,25-34,Loyalty
C001621,Americas,Online,Referral,35-44,VIP
C001622,Japan,Online,Social,18-24,Loyalty
C001623,Japan,Mixed,Referral,35-44,VIP
C001624,Japan,Online,Online,35-44,VIP
C001625,EMEA,Boutique,Referral,55+,VIP
C001626,Asia-Pacific,Boutique,Boutique,18-24,VIP
C001627,Americas,Mixed,Referral,25-34,Standard
C001628,Japan,Online,Social,35-44,VIP
C001629,EMEA,Online,Online,25-34,VIP
C001630,Americas,Mixed,Referral,35-44,Loyalty
C001631,Japan,Mixed,Online,35-44,Standard
C001632,Asia-Pacific,Boutique,Online,18-24,Loyalty
C001633,Asia-Pacific,Online,Referral,45-54,VIP
C001634,Americas,Online,Boutique,55+,VIP
C001635,Americas,Online,Referral,25-34,Loyalty
C001636,Americas,Online,Referral,55+,Loyalty
C001637,Asia-Pacific,Online,Boutique,35-44,Standard
C001638,EMEA,Online,Event,45-54,Loyalty
C001639,Japan,Online,Online,25-34,Standard
C001640,Asia-Pacific,Boutique,Referral,45-54,Standard
C001641,Japan,Online,Event,25-34,Loyalty
C001642,Americas,Boutique,Online,45-54,Standard
C001643,EMEA,Boutique,Social,25-34,VIP
C001644,Japan,Online,Social,55+,VIP
C001645,Japan,Online,Boutique,45-54,Standard
C001646,Asia-Pacific,Mixed,Referral,25-34,VIP
C001647,Japan,Mixed,Referral,55+,Loyalty
C001648,EMEA,Online,Event,18-24,Standard
C001649,Asia-Pacific,Online,Referral,35-44,VIP
C001650,EMEA,Online,Social,55+,VIP
C001651,Japan,Boutique,Referral,35-44,Standard
C001652,EMEA,Mixed,Online,35-44,Standard
C001653,Japan,Boutique,Referral,25-34,Standard
C001654,Asia-Pacific,Mixed,Event,45-54,Standard
C001655,Asia-Pacific,Online,Social,18-24,Standard
C001656,Japan,Boutique,Social,45-54,Loyalty
C001657,Asia-Pacific,Mixed,Social,55+,Loyalty
C001658,Japan,Online,Social,45-54,Standard
C001659,Japan,Online,Online,25-34,Standard
C001660,Americas,Online,Boutique,45-54,Loyalty
C001661,Americas,Mixed,Referral,45-54,Standard
C001662,Japan,Online,Referral,35-44,VIP
C001663,Japan,Boutique,Referral,18-24,VIP
C001664,Americas,Online,Social,18-24,Standard
C001665,Asia-Pacific,Online,Online,55+,Loyalty
C001666,Americas,Mixed,Boutique,55+,VIP
C001667,Americas,Boutique,Boutique,25-34,Loyalty
C001668,EMEA,Boutique,Boutique,35-44,VIP
C001669,EMEA,Boutique,Social,55+,Standard
C001670,Asia-Pacific,Online,Boutique,18-24,Loyalty
C001671,Japan,Boutique,Social,55+,VIP
C001672,EMEA,Boutique,Boutique,55+,Loyalty
C001673,Asia-Pacific,Mixed,Event,25-34,Standard
C001674,EMEA,Mixed,Social,35-44,Standard
C001675,EMEA,Mixed,Event,45-54,Standard
C001676,Japan,Boutique,Online,25-34,Loyalty
C001677,EMEA,Online,Online,25-34,Loyalty
C001678,Japan,Boutique,Online,18-24,Loyalty
C001679,Japan,Boutique,Social,55+,Standard
C001680,Asia-Pacific,Mixed,Boutique,35-44,VIP
C001681,Americas,Boutique,Referral,45-54,Loyalty
C001682,Asia-Pacific,Mixed,Event,45-54,Standard
C001683,Japan,Boutique,Event,25-34,Loyalty
C001684,Japan,Online,Boutique,55+,Loyalty
C001685,Japan,Mixed,Online,25-34,Loyalty
C001686,EMEA,Boutique,Referral,45-54,Standard
C001687,Japan,Boutique,Online,25-34,VIP
C001688,Asia-Pacific,Online,Event,45-54,Loyalty
C001689,EMEA,Mixed,Boutique,18-24,VIP
C001690,EMEA,Mixed,Referral,45-54,Standard
C001691,Japan,Mixed,Event,35-44,Loyalty
C001692,Asia-Pacific,Mixed,Boutique,55+,Standard
C001693,EMEA,Mixed,Referral,25-34,Standard
C001694,Japan,Online,Boutique,45-54,VIP
C001695,Asia-Pacific,Boutique,Event,45-54,VIP
C001696,Japan,Mixed,Social,35-44,Standard
C001697,Americas,Online,Boutique,55+,Loyalty
C001698,EMEA,Boutique,Event,18-24,Standard
C001699,Japan,Online,Boutique,25-34,VIP
C001700,Japan,Boutique,Referral,55+,VIP
C001701,Japan,Boutique,Event,55+,Loyalty
C001702,Japan,Boutique,Boutique,25-34,Standard
C001703,EMEA,Online,Boutique,18-24,VIP
C001704,Americas,Online,Online,45-54,VIP
C001705,Americas,Mixed,Online,45-54,VIP
C001706,Americas,Online,Social,45-54,Standard
C001707,Japan,Boutique,Boutique,18-24,Standard
C001708,Americas,Mixed,Referral,45-54,Loyalty
C001709,EMEA,Boutique,Event,25-34,Standard
C001710,Asia-Pacific,Mixed,Referral,18-24,Loyalty
C001711,EMEA,Online,Referral,45-54,Loyalty
C001712,Asia-Pacific,Online,Referral,45-54,Loyalty
C001713,Japan,Online,Boutique,55+,Standard
C001714,Japan,Mixed,Social,55+,Standard
C001715,Asia-Pacific,Mixed,Referral,45-54,Standard
C001716,Japan,Mixed,Social,45-54,VIP
C001717,Japan,Online,Online,35-44,VIP
C001718,Americas,Boutique,Social,45-54,Standard
C001719,Americas,Mixed,Social,55+,VIP
C001720,Japan,Online,Social,45-54,Loyalty
C001721,Asia-Pacific,Boutique,Online,55+,Standard
C001722,Asia-Pacific,Mixed,Boutique,45-54,Standard
C001723,Americas,Online,Online,55+,Loyalty
C001724,EMEA,Boutique,Referral,35-44,Standard
C001725,Americas,Mixed,Boutique,18-24,Loyalty
C001726,Asia-Pacific,Boutique,Online,25-34,VIP
C001727,EMEA,Online,Social,45-54,Standard
C001728,Americas,Online,Event,25-34,Loyalty
C001729,Asia-Pacific,Boutique,Social,18-24,VIP
C001730,Asia-Pacific,Online,Event,55+,VIP
C001731,EMEA,Mixed,Boutique,45-54,Loyalty
C001732,EMEA,Online,Event,55+,Standard
C001733,EMEA,Mixed,Boutique,25-34,VIP
C001734,EMEA,Online,Social,25-34,VIP
C001735,Asia-Pacific,Mixed,Referral,55+,Loyalty
C001736,EMEA,Online,Social,35-44,Standard
C001737,EMEA,Online,Referral,45-54,Standard
C001738,Americas,Boutique,Social,35-44,VIP
C001739,Americas,Online,Social,35-44,VIP
C001740,Japan,Boutique,Online,25-34,VIP
C001741,Japan,Online,Online,45-54,Loyalty
C001742,Japan,Boutique,Event,35-44,Standard
C001743,Japan,Online,Boutique,55+,Standard
C001744,EMEA,Boutique,Social,45-54,Standard
C001745,Japan,Online,Referral,18-24,VIP
C001746,Americas,Mixed,Boutique,55+,Loyalty
C001747,Japan,Boutique,Event,35-44,VIP
C001748,Asia-Pacific,Boutique,Boutique,35-44,VIP
C001749,Americas,Mixed,Referral,45-54,VIP
C001750,Americas,Mixed,Event,55+,VIP
C001751,Japan,Mixed,Social,45-54,Standard
C001752,Asia-Pacific,Online,Boutique,55+,Loyalty
C001753,Japan,Mixed,Online,55+,VIP
C001754,Asia-Pacific,Online,Boutique,55+,VIP
C001755,Asia-Pacific,Mixed,Social,25-34,Standard
C001756,EMEA,Mixed,Event,35-44,Standard
C001757,Asia-Pacific,Mixed,Referral,55+,Standard
C001758,EMEA,Boutique,Social,55+,Loyalty
C001759,EMEA,Online,Boutique,45-54,Loyalty
C001760,EMEA,Boutique,Social,25-34,VIP
C001761,Americas,Boutique,Social,35-44,VIP
C001762,Americas,Mixed,Referral,55+,VIP
C001763,Americas,Online,Social,55+,VIP
C001764,Americas,Boutique,Referral,18-24,Standard
C001765,Japan,Boutique,Boutique,18-24,Standard
C001766,Japan,Online,Referral,25-34,Loyalty
C001767,EMEA,Boutique,Event,45-54,VIP
C001768,Japan,Boutique,Event,45-54,VIP
C001769,Japan,Boutique,Referral,45-54,Standard
C001770,Americas,Mixed,Online,45-54,VIP
C001771,Japan,Online,Event,55+,Standard
C001772,Americas,Boutique,Referral,18-24,VIP
C001773,Americas,Mixed,Social,18-24,VIP
C001774,Japan,Online,Boutique,35-44,VIP
C001775,Asia-Pacific,Online,Event,25-34,Standard
C001776,Asia-Pacific,Boutique,Social,35-44,Loyalty
C001777,Japan,Online,Online,25-34,VIP
C001778,Japan,Online,Social,35-44,Standard
C001779,Americas,Mixed,Referral,18-24,Standard
C001780,Asia-Pacific,Online,Boutique,45-54,Loyalty
C001781,Asia-Pacific,Mixed,Referral,35-44,Loyalty
C001782,Japan,Mixed,Event,25-34,Standard
C001783,Japan,Boutique,Referral,25-34,VIP
C001784,Asia-Pacific,Online,Event,55+,Loyalty
C001785,Japan,Online,Referral,35-44,VIP
C001786,EMEA,Mixed,Referral,35-44,VIP
C001787,EMEA,Online,Boutique,55+,VIP
C001788,Asia-Pacific,Mixed,Boutique,55+,Standard
C001789,Americas,Mixed,Event,55+,Standard
C001790,Americas,Boutique,Event,18-24,Standard
C001791,Americas,Online,Social,25-34,Standard
C001792,Japan,Online,Event,55+,Loyalty
C001793,Japan,Mixed,Boutique,45-54,Standard
C001794,Asia-Pacific,Boutique,Online,45-54,Standard
C001795,Asia-Pacific,Boutique,Social,18-24,Standard
C001796,EMEA,Mixed,Online,35-44,Standard
C001797,Americas,Boutique,Boutique,25-34,Loyalty
C001798,Japan,Mixed,Online,18-24,VIP
C001799,Asia-Pacific,Online,Boutique,18-24,Loyalty
C001800,Japan,Online,Social,25-34,Loyalty
C001801,Asia-Pacific,Boutique,Referral,18-24,Standard
C001802,Americas,Online,Event,55+,Standard
C001803,Japan,Mixed,Event,45-54,Standard
C001804,Asia-Pacific,Online,Social,45-54,VIP
C001805,Japan,Online,Referral,18-24,Loyalty
C001806,Americas,Online,Social,55+,VIP
C001807,EMEA,Online,Event,25-34,Loyalty
C001808,Japan,Boutique,Boutique,55+,Standard
C001809,Americas,Boutique,Event,25-34,Standard
C001810,Japan,Mixed,Referral,18-24,Standard
C001811,Japan,Mixed,Social,25-34,Standard
C001812,EMEA,Boutique,Social,55+,Loyalty
C001813,Japan,Boutique,Online,55+,VIP
C001814,Asia-Pacific,Online,Online,55+,VIP
C001815,EMEA,Boutique,Boutique,45-54,VIP
C001816,EMEA,Online,Event,35-44,Loyalty
C001817,Americas,Mixed,Event,35-44,VIP
C001818,Asia-Pacific,Mixed,Social,45-54,Loyalty
C001819,Americas,Mixed,Social,35-44,Standard
C001820,Japan,Mixed,Social,18-24,VIP
C001821,Americas,Mixed,Boutique,55+,Loyalty
C001822,EMEA,Online,Online,45-54,VIP
C001823,Japan,Boutique,Event,18-24,VIP
C001824,EMEA,Mixed,Boutique,45-54,VIP
C001825,EMEA,Boutique,Referral,55+,Loyalty
C001826,Japan,Online,Boutique,18-24,Loyalty
C001827,Asia-Pacific,Online,Referral,18-24,Standard
C001828,EMEA,Boutique,Social,25-34,Standard
C001829,Asia-Pacific,Mixed,Online,25-34,Loyalty
C001830,Asia-Pacific,Online,Social,45-54,VIP
C001831,Americas,Online,Online,45-54,Standard
C001832,Asia-Pacific,Mixed,Event,45-54,Standard
C001833,Americas,Mixed,Event,55+,VIP
C001834,Americas,Online,Event,25-34,VIP
C001835,EMEA,Online,Social,55+,Standard
C001836,Asia-Pacific,Online,Boutique,55+,VIP
C001837,Asia-Pacific,Mixed,Event,45-54,Standard
C001838,Japan,Mixed,Boutique,35-44,Loyalty
C001839,Japan,Boutique,Boutique,55+,Loyalty
C001840,Japan,Boutique,Event,18-24,VIP
C001841,Americas,Online,Social,45-54,VIP
C001842,Japan,Boutique,Boutique,45-54,Standard
C001843,Asia-Pacific,Online,Event,18-24,VIP
C001844,Americas,Mixed,Referral,18-24,Standard
C001845,Americas,Online,Social,35-44,Standard
C001846,EMEA,Online,Referral,45-54,Standard
C001847,Asia-Pacific,Boutique,Online,18-24,Loyalty
C001848,Americas,Boutique,Boutique,35-44,VIP
C001849,Americas,Online,Event,55+,Loyalty
C001850,EMEA,Mixed,Referral,55+,Standard
C001851,EMEA,Online,Boutique,45-54,Loyalty
C001852,EMEA,Online,Boutique,45-54,Standard
C001853,Asia-Pacific,Mixed,Referral,18-24,Standard
C001854,EMEA,Mixed,Boutique,35-44,Loyalty
C001855,Japan,Online,Event,45-54,Standard
C001856,EMEA,Boutique,Referral,45-54,Loyalty
C001857,EMEA,Boutique,Boutique,45-54,VIP
C001858,Asia-Pacific,Mixed,Online,18-24,Standard
C001859,EMEA,Mixed,Boutique,55+,Standard
C001860,Americas,Mixed,Event,35-44,Loyalty
C001861,Japan,Boutique,Event,45-54,Standard
C001862,Americas,Online,Boutique,18-24,Standard
C001863,Asia-Pacific,Mixed,Referral,55+,VIP
C001864,Asia-Pacific,Boutique,Event,55+,Standard
C001865,Americas,Boutique,Social,55+,Loyalty
C001866,Asia-Pacific,Boutique,Boutique,55+,VIP
C001867,Americas,Online,Online,55+,VIP
C001868,EMEA,Boutique,Social,25-34,Standard
C001869,Americas,Online,Social,25-34,VIP
C001870,Japan,Mixed,Referral,55+,VIP
C001871,Asia-Pacific,Mixed,Event,35-44,VIP
C001872,Asia-Pacific,Boutique,Social,25-34,Standard
C001873,Japan,Online,Referral,25-34,Standard
C001874,Americas,Mixed,Online,45-54,VIP
C001875,Americas,Online,Referral,35-44,VIP
C001876,Japan,Online,Referral,25-34,Standard
C001877,Asia-Pacific,Online,Boutique,35-44,Standard
C001878,EMEA,Online,Social,45-54,Standard
C001879,Asia-Pacific,Online,Boutique,25-34,Standard
C001880,Asia-Pacific,Online,Online,35-44,VIP
C001881,Americas,Boutique,Event,25-34,Standard
C001882,Americas,Online,Online,35-44,Standard
C001883,EMEA,Mixed,Online,45-54,VIP
C001884,EMEA,Boutique,Online,35-44,Loyalty
C001885,Americas,Boutique,Social,25-34,VIP
C001886,Japan,Mixed,Boutique,18-24,Standard
C001887,Americas,Online,Online,55+,Loyalty
C001888,Asia-Pacific,Boutique,Event,45-54,VIP
C001889,Americas,Online,Event,55+,Standard
C001890,Asia-Pacific,Online,Social,25-34,Standard
C001891,Asia-Pacific,Online,Event,55+,Loyalty
C001892,Americas,Mixed,Boutique,45-54,VIP
C001893,EMEA,Online,Event,45-54,VIP
C001894,Asia-Pacific,Boutique,Event,45-54,Standard
C001895,Asia-Pacific,Mixed,Social,55+,VIP
C001896,Japan,Mixed,Referral,45-54,Loyalty
C001897,Japan,Mixed,Event,18-24,Standard
C001898,Americas,Online,Referral,25-34,Loyalty
C001899,Americas,Boutique,Referral,45-54,VIP
C001900,Americas,Boutique,Social,55+,Standard
C001901,Americas,Online,Social,45-54,VIP
C001902,Asia-Pacific,Online,Event,18-24,Loyalty
C001903,Asia-Pacific,Boutique,Referral,45-54,Loyalty
C001904,Japan,Boutique,Referral,35-44,Loyalty
C001905,Japan,Online,Online,45-54,Standard
C001906,Asia-Pacific,Mixed,Boutique,35-44,Standard
C001907,Asia-Pacific,Mixed,Event,55+,VIP
C001908,EMEA,Boutique,Online,18-24,Standard
C001909,EMEA,Boutique,Boutique,55+,Standard
C001910,Asia-Pacific,Online,Social,35-44,Loyalty
C001911,Asia-Pacific,Online,Event,25-34,VIP
C001912,Asia-Pacific,Online,Social,35-44,Loyalty
C001913,Japan,Boutique,Event,18-24,Loyalty
C001914,Americas,Boutique,Online,25-34,VIP
C001915,Americas,Boutique,Online,55+,VIP
C001916,Japan,Mixed,Referral,35-44,Standard
C001917,Asia-Pacific,Online,Referral,45-54,Standard
C001918,Japan,Boutique,Event,18-24,Loyalty
C001919,Americas,Mixed,Online,35-44,VIP
C001920,EMEA,Boutique,Social,35-44,Standard
C001921,Japan,Boutique,Referral,55+,Loyalty
C001922,Asia-Pacific,Mixed,Boutique,55+,Standard
C001923,Americas,Online,Social,55+,VIP
C001924,Japan,Boutique,Online,45-54,Standard
C001925,Japan,Online,Referral,18-24,Loyalty
C001926,Japan,Mixed,Social,18-24,Standard
C001927,EMEA,Mixed,Event,25-34,Standard
C001928,Japan,Online,Online,25-34,Standard
C001929,Japan,Boutique,Online,25-34,Loyalty
C001930,EMEA,Boutique,Boutique,35-44,VIP
C001931,EMEA,Online,Social,45-54,Loyalty
C001932,Americas,Online,Online,55+,Loyalty
C001933,Japan,Mixed,Boutique,45-54,Standard
C001934,Americas,Online,Social,45-54,VIP
C001935,Japan,Online,Event,55+,Loyalty
C001936,Americas,Mixed,Referral,35-44,Standard
C001937,EMEA,Online,Referral,18-24,Loyalty
C001938,Americas,Mixed,Social,55+,Loyalty
C001939,Japan,Boutique,Event,18-24,VIP
C001940,EMEA,Boutique,Referral,35-44,VIP
C001941,Asia-Pacific,Boutique,Event,25-34,Loyalty
C001942,Americas,Online,Event,45-54,Loyalty
C001943,Japan,Mixed,Online,55+,Standard
C001944,Japan,Mixed,Boutique,25-34,Standard
C001945,Asia-Pacific,Mixed,Event,35-44,VIP
C001946,EMEA,Mixed,Online,45-54,Loyalty
C001947,EMEA,Boutique,Boutique,18-24,VIP
C001948,Asia-Pacific,Boutique,Referral,25-34,Loyalty
C001949,Americas,Mixed,Boutique,45-54,Standard
C001950,EMEA,Mixed,Referral,45-54,Loyalty
C001951,Japan,Online,Referral,18-24,Standard
C001952,Asia-Pacific,Online,Online,35-44,VIP
C001953,Japan,Boutique,Referral,18-24,Standard
C001954,Americas,Mixed,Referral,25-34,Loyalty
C001955,Asia-Pacific,Online,Online,18-24,VIP
C001956,EMEA,Online,Social,18-24,VIP
C001957,Japan,Online,Boutique,18-24,VIP
C001958,Asia-Pacific,Online,Referral,35-44,Standard
C001959,Americas,Mixed,Boutique,55+,Standard
C001960,Japan,Mixed,Boutique,55+,VIP
C001961,EMEA,Boutique,Social,45-54,Standard
C001962,EMEA,Online,Referral,25-34,Standard
C001963,Asia-Pacific,Online,Online,18-24,Standard
C001964,Japan,Online,Boutique,35-44,Standard
C001965,EMEA,Online,Boutique,25-34,VIP
C001966,Americas,Online,Referral,55+,Standard
C001967,Asia-Pacific,Boutique,Event,25-34,VIP
C001968,Americas,Mixed,Referral,45-54,Standard
C001969,Americas,Online,Boutique,35-44,Loyalty
C001970,Americas,Online,Referral,35-44,Standard
C001971,Japan,Online,Referral,25-34,Standard
C001972,Asia-Pacific,Mixed,Event,35-44,Standard
C001973,EMEA,Online,Referral,35-44,VIP
C001974,Japan,Online,Event,55+,Standard
C001975,Asia-Pacific,Online,Event,35-44,VIP
C001976,Japan,Mixed,Online,35-44,Standard
C001977,Asia-Pacific,Mixed,Referral,18-24,Loyalty
C001978,EMEA,Mixed,Event,45-54,Loyalty
C001979,Americas,Mixed,Event,18-24,Standard
C001980,EMEA,Mixed,Boutique,35-44,Standard
C001981,Japan,Online,Event,18-24,Standard
C001982,Americas,Boutique,Referral,35-44,Standard
C001983,Americas,Boutique,Online,18-24,Standard
C001984,Japan,Mixed,Social,25-34,Loyalty
C001985,Asia-Pacific,Mixed,Boutique,55+,Loyalty
C001986,Asia-Pacific,Online,Online,35-44,Loyalty
C001987,Americas,Online,Event,18-24,VIP
C001988,Americas,Mixed,Online,55+,Loyalty
C001989,Asia-Pacific,Online,Referral,18-24,Standard
C001990,Japan,Online,Online,18-24,VIP
C001991,Americas,Online,Online,18-24,Standard
C001992,Americas,Online,Event,18-24,Loyalty
C001993,Japan,Boutique,Online,25-34,Standard
C001994,Japan,Online,Event,25-34,Loyalty
C001995,Asia-Pacific,Mixed,Referral,25-34,Loyalty
C001996,Japan,Online,Social,45-54,Loyalty
C001997,Americas,Boutique,Referral,45-54,VIP
C001998,Japan,Online,Referral,18-24,Loyalty
C001999,Japan,Online,Social,55+,VIP
C002000,Americas,Mixed,Online,35-44,Loyalty
C002001,Japan,Boutique,Referral,35-44,Loyalty
C002002,Japan,Online,Social,25-34,VIP
C002003,Japan,Online,Online,25-34,Standard
C002004,EMEA,Mixed,Social,45-54,Loyalty
C002005,Japan,Boutique,Social,45-54,Loyalty
C002006,Asia-Pacific,Mixed,Event,18-24,Loyalty
C002007,EMEA,Online,Referral,55+,Standard
C002008,Americas,Boutique,Social,35-44,VIP
C002009,Japan,Mixed,Social,18-24,VIP
C002010,Japan,Boutique,Online,25-34,Loyalty
C002011,EMEA,Boutique,Boutique,25-34,Loyalty
C002012,Japan,Mixed,Online,35-44,Standard
C002013,Americas,Online,Boutique,18-24,VIP
C002014,Japan,Boutique,Event,18-24,VIP
C002015,Americas,Boutique,Online,45-54,Loyalty
C002016,Asia-Pacific,Mixed,Event,45-54,VIP
C002017,Asia-Pacific,Mixed,Referral,18-24,Standard
C002018,Asia-Pacific,Online,Social,25-34,VIP
C002019,Japan,Mixed,Social,18-24,Standard
C002020,Japan,Online,Boutique,18-24,VIP
C002021,Japan,Mixed,Referral,35-44,VIP
C002022,Japan,Online,Online,35-44,Standard
C002023,Americas,Online,Referral,25-34,VIP
C002024,EMEA,Boutique,Event,25-34,Standard
C002025,Americas,Online,Online,25-34,Loyalty
C002026,Japan,Boutique,Event,18-24,VIP
C002027,Americas,Online,Social,18-24,Loyalty
C002028,EMEA,Boutique,Boutique,35-44,Standard
C002029,Americas,Boutique,Referral,18-24,Standard
C002030,EMEA,Boutique,Boutique,55+,Standard
C002031,EMEA,Online,Event,18-24,Loyalty
C002032,Asia-Pacific,Boutique,Referral,35-44,VIP
C002033,Japan,Boutique,Social,35-44,Loyalty
C002034,Americas,Boutique,Referral,45-54,VIP
C002035,EMEA,Boutique,Social,18-24,Standard
C002036,Japan,Mixed,Referral,25-34,Standard
C002037,EMEA,Mixed,Social,25-34,Loyalty
C002038,Japan,Mixed,Referral,55+,Loyalty
C002039,Americas,Online,Social,18-24,VIP
C002040,Asia-Pacific,Online,Social,45-54,Standard
C002041,Japan,Boutique,Event,18-24,Loyalty
C002042,Japan,Boutique,Boutique,45-54,Loyalty
C002043,Americas,Mixed,Online,55+,VIP
C002044,EMEA,Online,Referral,18-24,Loyalty
C002045,Japan,Online,Referral,18-24,Loyalty
C002046,Americas,Online,Online,25-34,VIP
C002047,EMEA,Online,Referral,18-24,Standard
C002048,Asia-Pacific,Boutique,Social,25-34,VIP
C002049,Asia-Pacific,Mixed,Referral,18-24,VIP
C002050,Americas,Mixed,Referral,18-24,VIP
C002051,Asia-Pacific,Online,Event,55+,Standard
C002052,Asia-Pacific,Boutique,Referral,55+,Loyalty
C002053,Americas,Online,Social,18-24,Loyalty
C002054,EMEA,Online,Boutique,35-44,VIP
C002055,Americas,Mixed,Boutique,55+,Loyalty
C002056,Americas,Boutique,Referral,55+,VIP
C002057,EMEA,Boutique,Boutique,55+,VIP
C002058,Americas,Boutique,Referral,35-44,Loyalty
C002059,Americas,Mixed,Event,55+,Standard
C002060,EMEA,Boutique,Boutique,55+,Loyalty
C002061,Asia-Pacific,Online,Social,25-34,Loyalty
C002062,Japan,Online,Event,35-44,Standard
C002063,EMEA,Mixed,Social,35-44,VIP
C002064,EMEA,Boutique,Event,45-54,VIP
C002065,Americas,Boutique,Social,45-54,Standard
C002066,Asia-Pacific,Online,Online,25-34,VIP
C002067,EMEA,Online,Referral,45-54,Loyalty
C002068,Americas,Online,Event,45-54,Loyalty
C002069,Japan,Mixed,Referral,35-44,Loyalty
C002070,Japan,Online,Event,35-44,Loyalty
C002071,Americas,Mixed,Event,45-54,Standard
C002072,Americas,Boutique,Event,18-24,VIP
C002073,Asia-Pacific,Boutique,Online,55+,Standard
C002074,Japan,Mixed,Referral,35-44,Standard
C002075,Americas,Online,Online,18-24,Loyalty
C002076,EMEA,Mixed,Online,45-54,Loyalty
C002077,Americas,Online,Boutique,35-44,Loyalty
C002078,Americas,Online,Boutique,55+,VIP
C002079,Asia-Pacific,Mixed,Referral,25-34,VIP
C002080,Japan,Online,Boutique,18-24,Standard
C002081,Japan,Boutique,Social,55+,Standard
C002082,Japan,Mixed,Boutique,45-54,VIP
C002083,Japan,Boutique,Referral,35-44,Standard
C002084,EMEA,Online,Boutique,18-24,Loyalty
C002085,Americas,Online,Event,55+,VIP
C002086,Japan,Boutique,Boutique,55+,Standard
C002087,Japan,Boutique,Referral,35-44,VIP
C002088,Americas,Online,Social,18-24,VIP
C002089,Americas,Boutique,Boutique,45-54,VIP
C002090,Japan,Online,Event,55+,VIP
C002091,EMEA,Online,Boutique,25-34,VIP
C002092,Americas,Online,Event,45-54,Loyalty
C002093,EMEA,Online,Online,55+,Standard
C002094,Americas,Online,Event,35-44,Standard
C002095,EMEA,Online,Event,35-44,Loyalty
C002096,Americas,Boutique,Boutique,25-34,Loyalty
C002097,EMEA,Mixed,Social,55+,Loyalty
C002098,Americas,Mixed,Referral,35-44,VIP
C002099,Asia-Pacific,Mixed,Event,55+,Standard
C002100,EMEA,Mixed,Boutique,25-34,Standard
C002101,Americas,Online,Social,25-34,Standard
C002102,Americas,Mixed,Social,35-44,Standard
C002103,Japan,Online,Event,35-44,Loyalty
C002104,Japan,Mixed,Online,45-54,Loyalty
C002105,EMEA,Boutique,Referral,25-34,VIP
C002106,Americas,Online,Social,25-34,VIP
C002107,Asia-Pacific,Mixed,Event,55+,Standard
C002108,Japan,Online,Social,45-54,Loyalty
C002109,EMEA,Mixed,Online,18-24,Loyalty
C002110,EMEA,Mixed,Boutique,55+,Loyalty
C002111,EMEA,Boutique,Boutique,35-44,Loyalty
C002112,Asia-Pacific,Online,Online,35-44,Standard
C002113,EMEA,Boutique,Online,45-54,Standard
C002114,EMEA,Online,Event,35-44,VIP
C002115,Japan,Online,Event,35-44,VIP
C002116,Asia-Pacific,Mixed,Social,55+,Standard
C002117,EMEA,Online,Social,45-54,Standard
C002118,Asia-Pacific,Mixed,Event,55+,VIP
C002119,Japan,Boutique,Event,25-34,Loyalty
C002120,EMEA,Mixed,Event,25-34,VIP
C002121,Americas,Online,Referral,55+,VIP
C002122,Asia-Pacific,Online,Social,25-34,VIP
C002123,Japan,Mixed,Referral,25-34,Loyalty
C002124,Asia-Pacific,Boutique,Event,35-44,Loyalty
C002125,Japan,Mixed,Online,35-44,VIP
C002126,EMEA,Boutique,Referral,35-44,Standard
C002127,EMEA,Online,Online,18-24,Standard
C002128,EMEA,Online,Social,55+,Loyalty
C002129,EMEA,Boutique,Event,25-34,Loyalty
C002130,Japan,Mixed,Event,18-24,Loyalty
C002131,EMEA,Mixed,Online,18-24,VIP
C002132,Japan,Mixed,Event,35-44,Standard
C002133,EMEA,Mixed,Referral,25-34,VIP
C002134,Americas,Online,Boutique,35-44,Standard
C002135,Asia-Pacific,Online,Referral,45-54,Loyalty
C002136,Americas,Boutique,Boutique,35-44,VIP
C002137,Americas,Mixed,Boutique,35-44,Loyalty
C002138,Japan,Boutique,Social,25-34,Standard
C002139,Japan,Online,Social,55+,Standard
C002140,Japan,Mixed,Referral,18-24,Loyalty
C002141,EMEA,Mixed,Referral,35-44,Loyalty
C002142,Asia-Pacific,Online,Boutique,35-44,VIP
C002143,Americas,Boutique,Social,18-24,Standard
C002144,Japan,Boutique,Online,18-24,VIP
C002145,Americas,Boutique,Boutique,45-54,Standard
C002146,Americas,Mixed,Social,25-34,Loyalty
C002147,Japan,Boutique,Social,35-44,Loyalty
C002148,Americas,Mixed,Social,18-24,Loyalty
C002149,Japan,Online,Online,35-44,VIP
C002150,Japan,Online,Social,25-34,Standard
C002151,Americas,Boutique,Boutique,25-34,Loyalty
C002152,Japan,Mixed,Social,18-24,Standard
C002153,Americas,Boutique,Social,18-24,Loyalty
C002154,Japan,Mixed,Referral,25-34,Loyalty
C002155,Japan,Mixed,Referral,25-34,Standard
C002156,EMEA,Online,Online,25-34,Loyalty
C002157,EMEA,Mixed,Online,18-24,VIP
C002158,Asia-Pacific,Boutique,Event,18-24,Loyalty
C002159,Japan,Boutique,Social,45-54,Standard
C002160,Japan,Online,Event,25-34,VIP
C002161,Americas,Online,Social,18-24,Loyalty
C002162,Americas,Mixed,Referral,25-34,Loyalty
C002163,EMEA,Mixed,Event,55+,Standard
C002164,Americas,Mixed,Online,25-34,Standard
C002165,Americas,Boutique,Boutique,35-44,Standard
C002166,Americas,Boutique,Boutique,55+,Standard
C002167,EMEA,Online,Referral,45-54,VIP
C002168,Asia-Pacific,Mixed,Online,25-34,Loyalty
C002169,Japan,Boutique,Boutique,55+,Loyalty
C002170,EMEA,Boutique,Boutique,35-44,Loyalty
C002171,Asia-Pacific,Boutique,Referral,25-34,Loyalty
C002172,EMEA,Online,Boutique,18-24,Standard
C002173,Asia-Pacific,Online,Social,45-54,Loyalty
C002174,EMEA,Boutique,Online,35-44,Loyalty
C002175,Asia-Pacific,Boutique,Social,18-24,Standard
C002176,EMEA,Mixed,Event,25-34,Loyalty
C002177,Asia-Pacific,Mixed,Social,55+,VIP
C002178,Asia-Pacific,Online,Social,25-34,VIP
C002179,Japan,Online,Boutique,25-34,VIP
C002180,EMEA,Online,Event,25-34,Standard
C002181,Japan,Online,Boutique,55+,VIP
C002182,Asia-Pacific,Boutique,Referral,25-34,VIP
C002183,Americas,Online,Online,25-34,Loyalty
C002184,Asia-Pacific,Mixed,Social,35-44,Loyalty
C002185,EMEA,Boutique,Boutique,45-54,Loyalty
C002186,EMEA,Online,Event,35-44,VIP
C002187,Americas,Boutique,Boutique,55+,Standard
C002188,Americas,Mixed,Referral,45-54,VIP
C002189,EMEA,Online,Referral,55+,Loyalty
C002190,Japan,Boutique,Event,35-44,Standard
C002191,Americas,Online,Online,55+,Standard
C002192,EMEA,Mixed,Referral,55+,VIP
C002193,Asia-Pacific,Boutique,Online,35-44,VIP
C002194,Asia-Pacific,Mixed,Boutique,25-34,Standard
C002195,EMEA,Mixed,Online,35-44,Standard
C002196,Americas,Boutique,Online,35-44,Standard
C002197,Americas,Online,Event,18-24,Standard
C002198,Asia-Pacific,Mixed,Event,35-44,Loyalty
C002199,EMEA,Mixed,Event,35-44,VIP
C002200,Americas,Boutique,Event,35-44,Loyalty
C002201,EMEA,Mixed,Boutique,35-44,Standard
C002202,Asia-Pacific,Online,Social,18-24,VIP
C002203,EMEA,Mixed,Referral,35-44,VIP
C002204,Americas,Boutique,Online,35-44,Loyalty
C002205,Americas,Mixed,Referral,25-34,Loyalty
C002206,Americas,Mixed,Referral,35-44,Standard
C002207,Japan,Online,Referral,25-34,Loyalty
C002208,Americas,Online,Online,55+,Loyalty
C002209,Americas,Mixed,Social,18-24,Loyalty
C002210,Americas,Online,Referral,55+,Standard
C002211,EMEA,Online,Boutique,45-54,Standard
C002212,Japan,Mixed,Referral,18-24,VIP
C002213,Americas,Mixed,Boutique,55+,Standard
C002214,Japan,Boutique,Boutique,18-24,Standard
C002215,EMEA,Online,Online,18-24,Loyalty
C002216,Americas,Mixed,Event,18-24,Standard
C002217,EMEA,Mixed,Social,18-24,Standard
C002218,Americas,Boutique,Event,45-54,Standard
C002219,Asia-Pacific,Boutique,Referral,25-34,Standard
C002220,EMEA,Mixed,Social,55+,Standard
C002221,EMEA,Online,Boutique,55+,Loyalty
C002222,EMEA,Mixed,Referral,25-34,Standard
C002223,Americas,Online,Online,45-54,Loyalty
C002224,Americas,Boutique,Social,25-34,VIP
C002225,Japan,Mixed,Boutique,45-54,Standard
C002226,EMEA,Online,Boutique,35-44,Loyalty
C002227,EMEA,Mixed,Social,18-24,Loyalty
C002228,EMEA,Online,Event,25-34,Standard
C002229,Japan,Mixed,Social,55+,Standard
C002230,Japan,Online,Social,55+,Loyalty
C002231,Asia-Pacific,Online,Social,45-54,VIP
C002232,Asia-Pacific,Boutique,Boutique,18-24,Standard
C002233,Americas,Boutique,Online,45-54,Loyalty
C002234,Japan,Online,Boutique,55+,Loyalty
C002235,Asia-Pacific,Online,Boutique,35-44,Standard
C002236,Americas,Boutique,Social,35-44,Loyalty
C002237,Japan,Boutique,Referral,55+,VIP
C002238,Asia-Pacific,Online,Online,45-54,Loyalty
C002239,Japan,Mixed,Event,45-54,VIP
C002240,Americas,Boutique,Boutique,55+,VIP
C002241,Japan,Mixed,Event,25-34,VIP
C002242,EMEA,Online,Social,18-24,Standard
C002243,EMEA,Boutique,Event,45-54,Standard
C002244,EMEA,Online,Social,35-44,Standard
C002245,Asia-Pacific,Boutique,Online,55+,Loyalty
C002246,Americas,Online,Online,18-24,VIP
C002247,Americas,Online,Online,45-54,VIP
C002248,EMEA,Mixed,Referral,35-44,Standard
C002249,EMEA,Mixed,Event,18-24,Loyalty
C002250,Americas,Online,Online,35-44,Standard
C002251,EMEA,Online,Boutique,18-24,VIP
C002252,Japan,Online,Online,45-54,VIP
C002253,Americas,Mixed,Event,35-44,Loyalty
C002254,Japan,Mixed,Social,45-54,VIP
C002255,EMEA,Boutique,Boutique,25-34,Standard
C002256,EMEA,Mixed,Online,55+,Standard
C002257,EMEA,Boutique,Referral,45-54,VIP
C002258,Asia-Pacific,Mixed,Event,35-44,VIP
C002259,Americas,Boutique,Online,35-44,Standard
C002260,Japan,Online,Online,45-54,VIP
C002261,EMEA,Online,Referral,25-34,VIP
C002262,EMEA,Mixed,Referral,45-54,Loyalty
C002263,Japan,Boutique,Online,18-24,Loyalty
C002264,Japan,Online,Social,18-24,Standard
C002265,EMEA,Boutique,Event,35-44,Standard
C002266,Americas,Boutique,Online,55+,Standard
C002267,EMEA,Online,Event,18-24,Loyalty
C002268,Americas,Mixed,Online,18-24,Standard
C002269,Asia-Pacific,Online,Event,55+,Standard
C002270,Japan,Online,Boutique,35-44,Standard
C002271,Asia-Pacific,Online,Social,35-44,Loyalty
C002272,Americas,Boutique,Referral,35-44,Standard
C002273,EMEA,Boutique,Referral,55+,Standard
C002274,Americas,Online,Event,45-54,Loyalty
C002275,EMEA,Boutique,Online,25-34,VIP
C002276,Japan,Online,Boutique,25-34,Standard
C002277,Americas,Mixed,Online,55+,VIP
C002278,Asia-Pacific,Boutique,Online,35-44,Loyalty
C002279,Asia-Pacific,Mixed,Referral,18-24,VIP
C002280,Japan,Online,Online,55+,VIP
C002281,EMEA,Online,Event,45-54,Standard
C002282,EMEA,Online,Social,55+,Standard
C002283,Japan,Online,Referral,35-44,Standard
C002284,Asia-Pacific,Online,Boutique,35-44,VIP
C002285,Asia-Pacific,Boutique,Boutique,18-24,Standard
C002286,Japan,Boutique,Referral,35-44,Loyalty
C002287,Americas,Online,Event,45-54,Standard
C002288,Asia-Pacific,Boutique,Referral,45-54,VIP
C002289,Americas,Boutique,Social,55+,VIP
C002290,Asia-Pacific,Boutique,Boutique,45-54,VIP
C002291,Japan,Boutique,Boutique,55+,VIP
C002292,EMEA,Mixed,Online,55+,Standard
C002293,Americas,Online,Social,45-54,Standard
C002294,Japan,Online,Online,45-54,Loyalty
C002295,EMEA,Boutique,Referral,45-54,VIP
C002296,Japan,Online,Boutique,25-34,VIP
C002297,EMEA,Boutique,Referral,25-34,Loyalty
C002298,Asia-Pacific,Online,Social,35-44,VIP
C002299,Japan,Online,Referral,18-24,Loyalty
C002300,Japan,Online,Event,25-34,Loyalty
C002301,Americas,Mixed,Online,35-44,VIP
C002302,EMEA,Mixed,Referral,18-24,Loyalty
C002303,Japan,Boutique,Online,18-24,Standard
C002304,EMEA,Mixed,Referral,35-44,Loyalty
C002305,Americas,Online,Online,18-24,Loyalty
C002306,Japan,Online,Social,45-54,Loyalty
C002307,Americas,Mixed,Social,25-34,Standard
C002308,EMEA,Boutique,Social,35-44,Standard
C002309,Americas,Boutique,Referral,45-54,Loyalty
C002310,Americas,Mixed,Referral,35-44,VIP
C002311,Japan,Online,Event,55+,Standard
C002312,EMEA,Mixed,Event,55+,Standard
C002313,Asia-Pacific,Mixed,Social,18-24,Standard
C002314,Japan,Online,Referral,35-44,Standard
C002315,Japan,Boutique,Event,18-24,Loyalty
C002316,Americas,Mixed,Referral,55+,Standard
C002317,EMEA,Online,Online,45-54,VIP
C002318,Americas,Mixed,Referral,25-34,Loyalty
C002319,Americas,Online,Event,18-24,Loyalty
C002320,Asia-Pacific,Online,Social,35-44,VIP
C002321,EMEA,Mixed,Referral,45-54,Loyalty
C002322,Japan,Boutique,Social,55+,Loyalty
C002323,Asia-Pacific,Online,Online,45-54,Loyalty
C002324,Asia-Pacific,Online,Event,55+,Standard
C002325,Japan,Boutique,Social,45-54,VIP
C002326,Asia-Pacific,Mixed,Event,18-24,Standard
C002327,EMEA,Online,Boutique,55+,Loyalty
C002328,EMEA,Boutique,Event,55+,Standard
C002329,Japan,Mixed,Event,18-24,VIP
C002330,Asia-Pacific,Boutique,Online,25-34,Loyalty
C002331,Japan,Online,Online,45-54,Standard
C002332,Asia-Pacific,Boutique,Referral,45-54,Standard
C002333,Asia-Pacific,Online,Event,35-44,Loyalty
C002334,Asia-Pacific,Boutique,Referral,25-34,Standard
C002335,Japan,Online,Boutique,18-24,Standard
C002336,Asia-Pacific,Mixed,Event,35-44,Loyalty
C002337,Americas,Mixed,Referral,25-34,VIP
C002338,Japan,Online,Event,45-54,Standard
C002339,Japan,Online,Referral,25-34,Loyalty
C002340,Asia-Pacific,Mixed,Online,45-54,Standard
C002341,EMEA,Mixed,Online,55+,Standard
C002342,Japan,Mixed,Social,55+,Standard
C002343,Asia-Pacific,Online,Boutique,18-24,Standard
C002344,Japan,Online,Event,25-34,Standard
C002345,EMEA,Mixed,Referral,18-24,VIP
C002346,Americas,Boutique,Social,25-34,Standard
C002347,Americas,Boutique,Online,55+,Standard
C002348,Japan,Boutique,Boutique,35-44,Standard
C002349,Americas,Mixed,Boutique,55+,Standard
C002350,EMEA,Boutique,Event,18-24,Standard
C002351,Americas,Boutique,Social,25-34,Standard
C002352,EMEA,Boutique,Social,25-34,Loyalty
C002353,EMEA,Boutique,Boutique,45-54,Standard
C002354,Japan,Mixed,Boutique,25-34,VIP
C002355,Japan,Boutique,Social,45-54,Standard
C002356,Americas,Boutique,Boutique,25-34,VIP
C002357,EMEA,Online,Social,35-44,Loyalty
C002358,EMEA,Online,Event,35-44,Standard
C002359,Americas,Mixed,Boutique,55+,Standard
C002360,Americas,Online,Social,18-24,Standard
C002361,EMEA,Boutique,Online,25-34,Standard
C002362,Americas,Boutique,Social,45-54,Standard
C002363,EMEA,Boutique,Event,35-44,Loyalty
C002364,Japan,Boutique,Event,45-54,Standard
C002365,Asia-Pacific,Online,Online,35-44,Loyalty
C002366,EMEA,Mixed,Event,35-44,Standard
C002367,Americas,Mixed,Referral,45-54,Loyalty
C002368,Japan,Mixed,Social,35-44,VIP
C002369,EMEA,Mixed,Referral,45-54,Standard
C002370,Asia-Pacific,Boutique,Boutique,45-54,Standard
C002371,EMEA,Mixed,Social,55+,Loyalty
C002372,Asia-Pacific,Mixed,Event,35-44,Loyalty
C002373,EMEA,Online,Online,35-44,Loyalty
C002374,Americas,Boutique,Online,18-24,Standard
C002375,Asia-Pacific,Boutique,Online,35-44,Standard
C002376,EMEA,Boutique,Boutique,35-44,Standard
C002377,Japan,Mixed,Social,25-34,VIP
C002378,EMEA,Boutique,Social,55+,Standard
C002379,Americas,Online,Event,35-44,VIP
C002380,EMEA,Mixed,Referral,45-54,Loyalty
C002381,Asia-Pacific,Online,Online,18-24,Loyalty
C002382,Japan,Online,Social,45-54,Standard
C002383,EMEA,Boutique,Online,55+,Loyalty
C002384,Japan,Online,Event,18-24,Loyalty
C002385,EMEA,Mixed,Event,18-24,Loyalty
C002386,Asia-Pacific,Online,Referral,18-24,VIP
C002387,EMEA,Boutique,Boutique,18-24,Loyalty
C002388,EMEA,Boutique,Social,35-44,Loyalty
C002389,Asia-Pacific,Boutique,Boutique,55+,Loyalty
C002390,Japan,Mixed,Boutique,45-54,Loyalty
C002391,Japan,Boutique,Boutique,35-44,VIP
C002392,EMEA,Online,Online,18-24,Standard
C002393,Americas,Online,Social,45-54,Standard
C002394,Americas,Online,Online,35-44,VIP
C002395,EMEA,Mixed,Boutique,35-44,Standard
C002396,EMEA,Online,Social,18-24,Loyalty
C002397,Asia-Pacific,Mixed,Event,45-54,Loyalty
C002398,Americas,Online,Event,45-54,Standard
C002399,Americas,Boutique,Online,55+,Loyalty
C002400,Japan,Mixed,Boutique,55+,VIP
C002401,Americas,Mixed,Referral,45-54,Loyalty
C002402,Asia-Pacific,Mixed,Referral,25-34,Standard
C002403,Asia-Pacific,Boutique,Boutique,35-44,VIP
C002404,Americas,Mixed,Online,18-24,Standard
C002405,Japan,Online,Online,18-24,VIP
C002406,Americas,Boutique,Referral,25-34,Loyalty
C002407,EMEA,Boutique,Online,55+,VIP
C002408,Asia-Pacific,Boutique,Referral,25-34,VIP
C002409,EMEA,Online,Online,35-44,Loyalty
C002410,Japan,Mixed,Event,25-34,Loyalty
C002411,Americas,Online,Social,45-54,Standard
C002412,Asia-Pacific,Mixed,Boutique,25-34,Loyalty
C002413,EMEA,Mixed,Boutique,25-34,Standard
C002414,Japan,Online,Social,18-24,Loyalty
C002415,Japan,Boutique,Social,18-24,VIP
C002416,EMEA,Boutique,Referral,25-34,Standard
C002417,Japan,Mixed,Referral,55+,Loyalty
C002418,EMEA,Boutique,Social,35-44,Standard
C002419,EMEA,Mixed,Referral,45-54,Standard
C002420,Asia-Pacific,Online,Referral,25-34,VIP
C002421,Asia-Pacific,Mixed,Event,45-54,VIP
C002422,Japan,Online,Boutique,25-34,Standard
C002423,Americas,Online,Boutique,18-24,VIP
C002424,Asia-Pacific,Online,Boutique,55+,Standard
C002425,Asia-Pacific,Online,Event,45-54,Loyalty
C002426,Japan,Online,Online,35-44,Loyalty
C002427,Americas,Online,Online,35-44,VIP
C002428,Asia-Pacific,Mixed,Event,35-44,VIP
C002429,EMEA,Online,Online,55+,VIP
C002430,Japan,Mixed,Social,25-34,Standard
C002431,Asia-Pacific,Mixed,Boutique,25-34,Standard
C002432,Asia-Pacific,Boutique,Online,18-24,VIP
C002433,Japan,Boutique,Social,18-24,Standard
C002434,Asia-Pacific,Online,Online,18-24,VIP
C002435,Asia-Pacific,Boutique,Event,18-24,Loyalty
C002436,Americas,Boutique,Boutique,18-24,Standard
C002437,Asia-Pacific,Online,Event,55+,Standard
C002438,Americas,Online,Boutique,35-44,VIP
C002439,Asia-Pacific,Boutique,Referral,35-44,VIP
C002440,Asia-Pacific,Mixed,Referral,35-44,Loyalty
C002441,Japan,Online,Social,35-44,VIP
C002442,Asia-Pacific,Mixed,Event,45-54,Standard
C002443,Asia-Pacific,Mixed,Event,18-24,Standard
C002444,Japan,Online,Online,35-44,Loyalty
C002445,EMEA,Online,Event,45-54,Loyalty
C002446,Americas,Mixed,Boutique,25-34,Loyalty
C002447,EMEA,Boutique,Event,45-54,VIP
C002448,Americas,Boutique,Social,35-44,Loyalty
C002449,Japan,Boutique,Social,25-34,Standard
C002450,Asia-Pacific,Mixed,Boutique,45-54,Loyalty
C002451,Asia-Pacific,Boutique,Boutique,18-24,Loyalty
C002452,Americas,Boutique,Online,55+,Loyalty
C002453,Americas,Boutique,Referral,35-44,Standard
C002454,Asia-Pacific,Online,Referral,18-24,Standard
C002455,Asia-Pacific,Mixed,Boutique,18-24,Loyalty
C002456,Asia-Pacific,Online,Referral,35-44,VIP
C002457,EMEA,Online,Social,25-34,Loyalty
C002458,Asia-Pacific,Mixed,Event,25-34,Standard
C002459,Asia-Pacific,Online,Online,45-54,VIP
C002460,EMEA,Boutique,Online,18-24,Loyalty
C002461,Asia-Pacific,Online,Referral,45-54,Loyalty
C002462,EMEA,Boutique,Social,55+,Loyalty
C002463,Americas,Mixed,Referral,35-44,VIP
C002464,Americas,Mixed,Online,35-44,Standard
C002465,Japan,Mixed,Online,35-44,Loyalty
C002466,EMEA,Boutique,Event,45-54,VIP
C002467,Americas,Boutique,Referral,18-24,Standard
C002468,Japan,Mixed,Social,55+,VIP
C002469,Asia-Pacific,Boutique,Social,45-54,Loyalty
C002470,Japan,Boutique,Referral,18-24,VIP
C002471,EMEA,Boutique,Boutique,25-34,VIP
C002472,Asia-Pacific,Online,Event,55+,Loyalty
C002473,Americas,Mixed,Event,55+,Loyalty
C002474,EMEA,Boutique,Online,45-54,VIP
C002475,EMEA,Boutique,Event,45-54,Standard
C002476,EMEA,Online,Social,18-24,Loyalty
C002477,EMEA,Boutique,Event,45-54,VIP
C002478,Asia-Pacific,Online,Boutique,55+,VIP
C002479,EMEA,Mixed,Online,55+,Standard
C002480,Japan,Online,Online,25-34,Loyalty
C002481,Asia-Pacific,Mixed,Boutique,45-54,VIP
C002482,Americas,Online,Boutique,18-24,Standard
C002483,EMEA,Mixed,Boutique,25-34,Standard
C002484,EMEA,Boutique,Boutique,55+,Loyalty
C002485,Japan,Online,Boutique,35-44,Loyalty
C002486,Japan,Online,Online,55+,Loyalty
C002487,Japan,Mixed,Event,18-24,Loyalty
C002488,Americas,Mixed,Boutique,25-34,Standard
C002489,Americas,Online,Event,55+,Standard
C002490,Japan,Boutique,Social,35-44,VIP
C002491,EMEA,Mixed,Referral,35-44,VIP
C002492,Asia-Pacific,Boutique,Referral,18-24,Loyalty
C002493,Japan,Boutique,Online,18-24,Loyalty
C002494,Japan,Online,Event,45-54,Standard
C002495,Asia-Pacific,Online,Event,45-54,Standard
C002496,Asia-Pacific,Online,Referral,45-54,Loyalty
C002497,EMEA,Online,Social,55+,VIP
C002498,Americas,Boutique,Event,45-54,VIP
C002499,EMEA,Online,Online,35-44,VIP
C002500,Asia-Pacific,Boutique,Online,35-44,VIP
