customer_id,frequency_orders,monetary_total,recency_days,avg_basket_value,avg_items_count,discount_rate,boutique_rate,category_share_Accessories,category_share_Beauty,category_share_Fragrance,category_share_RTW
C000001,5.0,1058.5900000000001,184.0,211.71800000000002,3.2,0.0,0.2,0.152230797570353,0.4661483671676475,0.0,0.3816208352619994
C000002,12.0,3652.3399999999997,38.0,304.3616666666666,3.25,0.25,0.25,0.10236451151864284,0.23523001692065906,0.26842243602731397,0.3939830355333841
C000003,9.0,2021.23,5.0,224.5811111111111,3.6666666666666665,0.1111111111111111,0.1111111111111111,0.0,0.7146638433033351,0.2853361566966649,0.0
C000004,4.0,1514.3200000000002,120.0,378.58000000000004,2.25,0.25,0.5,0.4549698874742458,0.0,0.4613159702044482,0.08371414232130592
C000005,0.0,0.0,0.0,0.0,0.0,0.0,0.0,0.0,0.0,0.0,0.0
C000006,4.0,1432.79,294.0,358.1975,5.5,0.5,0.25,0.30013470222433153,0.6998652977756684,0.0,0.0
C000007,5.0,2262.21,60.0,452.442,4.2,0.0,0.8,0.2655102753502106,0.07987764177507835,0.06486135239434004,0.5897507304803709
C000008,1.0,264.79,337.0,264.79,4.0,0.0,0.0,0.0,0.0,0.0,1.0
C000009,4.0,1636.5,36.0,409.125,3.75,0.0,1.0,0.301344332416743,0.0,0.3451023525817293,0.35355331500152765
C000010,8.0,2779.0099999999998,18.0,347.37624999999997,3.125,0.125,0.875,0.5849241276569714,0.13409451567284753,0.2544755146616961,0.026505842008485037
C000011,3.0,422.64,59.0,140.88,3.3333333333333335,0.0,0.6666666666666666,0.0,0.2379566534166193,0.7620433465833807,0.0
C000012,3.0,2374.56,10.0,791.52,3.3333333333333335,0.0,0.6666666666666666,0.0,0.5272008287851223,0.47279917121487774,0.0
C000013,5.0,1588.3700000000001,78.0,317.67400000000004,3.2,0.2,0.8,0.1784281999785944,0.5837116037195363,0.0,0.2378601963018692
C000014,7.0,2449.23,106.0,349.89,4.142857142857143,0.14285714285714285,0.5714285714285714,0.13882322199221797,0.24534241373819526,0.11773496160017638,0.4980994026694104
C000015,5.0,1806.82,36.0,361.364,4.0,0.0,1.0,0.17450548477435496,0.704608095991853,0.0,0.12088641923379197
C000016,3.0,1021.61,34.0,340.5366666666667,2.3333333333333335,0.0,0.6666666666666666,0.0,0.0,0.0,1.0
C000017,4.0,1156.6,19.0,289.15,4.75,0.0,0.0,0.0,0.4846187100121045,0.3398582050838665,0.17552308490402907
C000018,3.0,1007.31,26.0,335.77,4.0,0.0,0.3333333333333333,0.0,0.3060527543655876,0.0,0.6939472456344125
C000019,6.0,4165.63,58.0,694.2716666666666,3.6666666666666665,0.0,0.5,0.0,0.6434921008346877,0.0,0.35650789916531234
C000020,7.0,1435.13,12.0,205.01857142857145,2.857142857142857,0.14285714285714285,0.5714285714285714,0.11146725383763142,0.7637844655188032,0.12474828064356538,0.0
C000021,3.0,968.76,81.0,322.92,3.3333333333333335,0.3333333333333333,1.0,0.4760931500061935,0.0,0.5239068499938065,0.0
C000022,3.0,1231.8,264.0,410.59999999999997,3.3333333333333335,0.0,0.0,0.0,0.1406478324403312,0.295835362883585,0.5635168046760837
C000023,1.0,92.62,150.0,92.62,4.0,0.0,0.0,1.0,0.0,0.0,0.0
C000024,2.0,480.71,238.0,240.355,2.5,0.5,0.5,0.0,0.39447899981277695,0.0,0.6055210001872231
C000025,2.0,442.87,42.0,221.435,4.0,0.0,0.5,0.0,1.0,0.0,0.0
C000026,5.0,1392.45,208.0,278.49,3.0,0.4,1.0,0.3628352903156307,0.0,0.1231282990412582,0.514036410643111
C000027,5.0,1041.66,31.0,208.33200000000002,3.8,0.0,0.8,0.24422556304360346,0.5831365320738053,0.0,0.17263790488259123
C000028,4.0,1243.3899999999999,153.0,310.84749999999997,3.75,0.0,0.0,0.31106893251514006,0.0,0.3549891827986392,0.33394188468622077
C000029,1.0,360.91,80.0,360.91,4.0,0.0,0.0,1.0,0.0,0.0,0.0
C000030,8.0,4836.74,118.0,604.5925,3.375,0.0,0.625,0.21641436173951878,0.07669215215206937,0.20250623353746533,0.5043872525709466
C000031,0.0,0.0,0.0,0.0,0.0,0.0,0.0,0.0,0.0,0.0,0.0
C000032,4.0,3675.6,419.0,918.9,2.5,0.25,1.0,0.7020785722058983,0.0,0.0,0.29792142779410163
C000033,4.0,750.99,120.0,187.7475,3.0,0.25,0.75,0.2413880344611779,0.5497143770223305,0.07070666719929693,0.13819092131719463
C000034,2.0,699.69,151.0,349.845,2.5,0.0,0.5,0.0,0.18533922165530448,0.8146607783446954,0.0
C000035,3.0,1429.96,15.0,476.65333333333336,4.333333333333333,0.0,1.0,0.9485160424067807,0.051483957593219394,0.0,0.0
C000036,0.0,0.0,0.0,0.0,0.0,0.0,0.0,0.0,0.0,0.0,0.0
C000037,2.0,566.39,170.0,283.195,4.0,0.0,1.0,0.0,0.68032627694698,0.0,0.31967372305302
C000038,0.0,0.0,0.0,0.0,0.0,0.0,0.0,0.0,0.0,0.0,0.0
C000039,4.0,708.92,46.0,177.23,3.75,0.5,0.5,0.10350956384359307,0.2063561473791119,0.6901342887772951,0.0
C000040,2.0,325.52000000000004,446.0,162.76000000000002,3.5,0.0,0.0,0.0,0.17946669943475055,0.8205333005652494,0.0
C000041,5.0,1246.4499999999998,137.0,249.28999999999996,4.8,0.2,0.0,0.23950419190501024,0.2503349512615829,0.19574792410445668,0.31441293272895027
C000042,6.0,1648.98,182.0,274.83,3.6666666666666665,0.16666666666666666,0.3333333333333333,0.1178849955730209,0.7606217176678918,0.12149328675908745,0.0
C000043,4.0,1173.9099999999999,121.0,293.47749999999996,4.0,0.0,0.0,0.0,0.5330391597311549,0.1073591672274706,0.3596016730413746
C000044,0.0,0.0,0.0,0.0,0.0,0.0,0.0,0.0,0.0,0.0,0.0
C000045,7.0,3398.9700000000003,26.0,485.56714285714287,3.7142857142857144,0.2857142857142857,0.42857142857142855,0.0,0.3535100339220411,0.060409476988617136,0.5860804890893417
C000046,2.0,468.95,269.0,234.475,4.0,0.5,1.0,0.18383622987525322,0.0,0.0,0.8161637701247468
C000047,5.0,1806.06,227.0,361.212,4.0,0.0,0.6,0.512729366687707,0.1948661727738835,0.0,0.29240446053840957
C000048,5.0,2063.1000000000004,36.0,412.62000000000006,3.6,0.0,1.0,0.43393437060733847,0.5202074548010276,0.0,0.04585817459163395
C000049,8.0,3405.5699999999997,90.0,425.69624999999996,3.875,0.125,0.5,0.3827817369779509,0.18239824757676396,0.0750153425124135,0.3598046729328717
C000050,6.0,917.93,253.0,152.98833333333332,2.3333333333333335,0.16666666666666666,0.0,0.41761354351639013,0.2993692329480461,0.2830172235355637,0.0
C000051,6.0,1619.53,267.0,269.9216666666667,4.666666666666667,0.16666666666666666,0.16666666666666666,0.0754663389995863,0.188344766691571,0.47361888943088426,0.26257000487795845
C000052,0.0,0.0,0.0,0.0,0.0,0.0,0.0,0.0,0.0,0.0,0.0
C000053,0.0,0.0,0.0,0.0,0.0,0.0,0.0,0.0,0.0,0.0,0.0
C000054,5.0,3390.75,55.0,678.15,4.0,0.0,1.0,0.5403524294035243,0.0,0.28467448204674484,0.17497308854973087
C000055,0.0,0.0,0.0,0.0,0.0,0.0,0.0,0.0,0.0,0.0,0.0
C000056,3.0,1085.1,21.0,361.7,4.333333333333333,0.0,1.0,0.10565846465763526,0.8943415353423648,0.0,0.0
C000057,8.0,2799.56,13.0,349.945,4.125,0.25,0.125,0.0,0.5079762534112503,0.33632785151952443,0.15569589506922513
C000058,4.0,1407.17,24.0,351.7925,3.25,0.5,0.5,0.3208993938187994,0.0,0.42025483772394234,0.25884576845725815
C000059,0.0,0.0,0.0,0.0,0.0,0.0,0.0,0.0,0.0,0.0,0.0
C000060,0.0,0.0,0.0,0.0,0.0,0.0,0.0,0.0,0.0,0.0,0.0
C000061,2.0,1669.54,276.0,834.77,3.0,0.0,0.5,0.0,0.6238125471686812,0.37618745283131877,0.0
C000062,1.0,82.15,425.0,82.15,8.0,1.0,0.0,0.0,0.0,1.0,0.0
C000063,6.0,1554.32,23.0,259.05333333333334,4.0,0.16666666666666666,0.3333333333333333,0.2816794482474651,0.551804004323434,0.16651654742910083,0.0
C000064,6.0,5634.66,25.0,939.11,3.1666666666666665,0.0,0.8333333333333334,0.6013761256224865,0.02109621521085567,0.0,0.37752765916665787
C000065,9.0,3411.93,85.0,379.1033333333333,3.2222222222222223,0.3333333333333333,1.0,0.8272092334836881,0.0,0.0,0.17279076651631187
C000066,2.0,311.54,214.0,155.77,3.5,0.0,0.0,0.6919175707774282,0.30808242922257173,0.0,0.0
C000067,0.0,0.0,0.0,0.0,0.0,0.0,0.0,0.0,0.0,0.0,0.0
C000068,1.0,50.01,329.0,50.01,7.0,0.0,0.0,0.0,1.0,0.0,0.0
C000069,3.0,1460.99,79.0,486.99666666666667,4.0,0.0,1.0,0.3364362521304047,0.0,0.0,0.6635637478695953
C000070,0.0,0.0,0.0,0.0,0.0,0.0,0.0,0.0,0.0,0.0,0.0
C000071,4.0,912.72,39.0,228.18,3.5,0.0,0.25,0.0,0.615183188710667,0.384816811289333,0.0
C000072,2.0,311.84000000000003,277.0,155.92000000000002,4.5,0.0,0.0,0.0,0.41550153925089783,0.5844984607491021,0.0
C000073,2.0,870.51,297.0,435.255,3.0,0.0,1.0,0.0,0.2902206752363557,0.0,0.7097793247636444
C000074,2.0,176.41,380.0,88.205,3.5,0.0,1.0,0.0,0.28343064452128564,0.7165693554787144,0.0
C000075,4.0,2079.67,5.0,519.9175,4.25,0.25,0.5,0.06633744776815553,0.0,0.1773694865050705,0.7562930657267739
C000076,3.0,1443.8400000000001,62.0,481.28000000000003,2.6666666666666665,0.0,1.0,0.0,0.2569190492021276,0.6264475288120567,0.1166334219858156
C000077,7.0,2614.5,104.0,373.5,3.857142857142857,0.14285714285714285,0.5714285714285714,0.5230522088353413,0.1369554408108625,0.054725568942436416,0.28526678141135975
C000078,5.0,767.86,150.0,153.572,3.6,0.0,0.2,0.2098429401192926,0.41076498320006255,0.13921808663037535,0.2401739900502696
C000079,2.0,699.92,0.0,349.96,3.0,0.0,0.0,1.0,0.0,0.0,0.0
C000080,4.0,678.07,402.0,169.5175,2.75,0.0,0.0,0.08322149630569116,0.07832524665594998,0.7288922972554457,0.10956095978291329
C000081,9.0,2677.15,123.0,297.4611111111111,4.888888888888889,0.0,0.0,0.0,0.5970042769362943,0.38431914535980427,0.01867657770390154
C000082,4.0,1455.85,10.0,363.9625,2.75,0.25,0.5,0.6348250163134939,0.31823333447813995,0.04694164920836625,0.0
C000083,1.0,337.62,34.0,337.62,2.0,0.0,1.0,1.0,0.0,0.0,0.0
C000084,6.0,1655.8,31.0,275.96666666666664,3.5,0.3333333333333333,0.8333333333333334,0.4848170068848895,0.0,0.10738011837178404,0.4078028747433265
C000085,4.0,1187.04,63.0,296.76,3.0,0.5,0.75,0.6886372826526487,0.0,0.0,0.31136271734735144
C000086,4.0,1950.18,17.0,487.545,4.0,0.0,0.75,0.2147237690879816,0.0,0.3740423960865151,0.4112338348255033
C000087,10.0,2235.62,3.0,223.56199999999998,4.0,0.1,0.0,0.16912087027312334,0.39084907095123494,0.2801907300882976,0.159839328687344
C000088,3.0,634.26,195.0,211.42,4.666666666666667,0.0,0.0,0.0,0.7557468546022136,0.0,0.2442531453977864
C000089,1.0,234.46,317.0,234.46,4.0,1.0,0.0,1.0,0.0,0.0,0.0
C000090,5.0,1576.03,182.0,315.206,4.2,0.0,1.0,0.0,0.2051293439845688,0.21474845021985622,0.5801222057955749
C000091,7.0,1133.33,174.0,161.9042857142857,4.142857142857143,0.2857142857142857,0.0,0.1687063785481722,0.7871758446348373,0.04411777681699064,0.0
C000092,6.0,2052.38,34.0,342.06333333333333,3.6666666666666665,0.0,1.0,0.6177559711164599,0.20716923766553952,0.0,0.17507479121800054
C000093,9.0,3520.79,22.0,391.19888888888886,4.111111111111111,0.1111111111111111,0.6666666666666666,0.4264781483701101,0.07028536209203048,0.20777155127116356,0.29546493826669584
C000094,8.0,2265.15,29.0,283.14375,3.375,0.0,0.0,0.022073593360263117,0.5554819769110213,0.3626249917224025,0.05981943800631304
C000095,4.0,615.77,82.0,153.9425,3.5,0.5,0.75,0.8105623853062021,0.0,0.18943761469379802,0.0
C000096,3.0,1010.01,102.0,336.67,4.333333333333333,0.0,0.0,0.7257452896505975,0.0,0.27425471034940246,0.0
C000097,4.0,1989.35,98.0,497.3375,3.5,0.0,0.5,0.0,0.0,0.465453540101038,0.534546459898962
C000098,7.0,2078.4300000000003,1.0,296.91857142857145,3.4285714285714284,0.14285714285714285,0.42857142857142855,0.20340834187343332,0.20760862766607488,0.08160005388682805,0.5073829765736638
C000099,2.0,262.28,435.0,131.14,4.0,0.5,0.5,0.6628031111788929,0.33719688882110727,0.0,0.0
C000100,4.0,923.88,84.0,230.97,3.25,0.0,1.0,0.7540806165302854,0.1917998008399359,0.0,0.05411958262977875
C000101,7.0,1287.1,114.0,183.87142857142857,4.142857142857143,0.14285714285714285,0.14285714285714285,0.2400823556833191,0.5022531271851449,0.08474089037370834,0.1729236267578277
C000102,4.0,889.9599999999999,7.0,222.48999999999998,3.25,0.0,0.75,0.2683154299069621,0.0,0.1168928940626545,0.6147916760303833
C000103,5.0,911.23,40.0,182.246,3.4,0.2,0.6,0.0,0.6071573587348967,0.3928426412651032,0.0
C000104,3.0,1825.3000000000002,17.0,608.4333333333334,2.6666666666666665,0.0,1.0,0.0,0.0,1.0,0.0
C000105,5.0,652.0799999999999,148.0,130.416,4.0,0.2,0.2,0.33552631578947373,0.5877959759538707,0.0,0.07667770825665564
C000106,6.0,790.66,80.0,131.77666666666667,4.0,0.0,0.16666666666666666,0.0849543419421749,0.678483798345686,0.0,0.23656185971213922
C000107,5.0,1809.67,119.0,361.934,3.0,0.0,0.8,0.4253372161775351,0.0,0.4370078522603568,0.137654931562108
C000108,6.0,2649.99,279.0,441.66499999999996,3.0,0.3333333333333333,0.8333333333333334,0.13258917958180977,0.7040705813984204,0.0,0.1633402390197699
C000109,4.0,1024.0,12.0,256.0,4.75,0.0,0.0,0.0,0.329384765625,0.12708984375,0.543525390625
C000110,5.0,1048.96,80.0,209.792,2.6,0.2,0.2,0.4544310555216595,0.49790268456375836,0.0,0.04766625991458206
C000111,6.0,1017.21,170.0,169.535,4.5,0.0,0.3333333333333333,0.5825444106919908,0.1122088850876417,0.3052467042203675,0.0
C000112,7.0,3018.66,99.0,431.2371428571428,3.142857142857143,0.0,0.8571428571428571,0.5023851642781897,0.0,0.0,0.4976148357218104
C000113,3.0,768.5699999999999,230.0,256.19,3.0,0.0,0.0,0.1169184329338902,0.0,0.8830815670661097,0.0
C000114,4.0,1156.13,100.0,289.0325,3.75,0.25,0.25,0.1913885116725628,0.0,0.6524179806769136,0.15619350765052376
C000115,7.0,3748.7799999999997,23.0,535.54,3.5714285714285716,0.0,0.5714285714285714,0.3714915252428791,0.07704906662967685,0.2137708801263344,0.3376885280011097
C000116,3.0,1051.17,165.0,350.39000000000004,2.6666666666666665,0.0,0.0,0.2690050134611908,0.730994986538809,0.0,0.0
C000117,3.0,1239.43,31.0,413.1433333333334,2.6666666666666665,0.0,0.0,0.0,0.49077398481560075,0.5092260151843994,0.0
C000118,1.0,483.2,512.0,483.2,4.0,0.0,0.0,0.0,0.0,1.0,0.0
C000119,8.0,3319.05,7.0,414.88125,2.875,0.125,0.625,0.33977192268872114,0.0,0.32932013678612854,0.3309079405251502
C000120,6.0,1002.7900000000001,40.0,167.1316666666667,4.333333333333333,0.16666666666666666,0.0,0.23562261290998113,0.24424854655511122,0.3707755362538518,0.14935330428105587
C000121,1.0,306.27,75.0,306.27,2.0,0.0,0.0,0.0,1.0,0.0,0.0
C000122,9.0,4732.9,131.0,525.8777777777777,2.888888888888889,0.0,1.0,0.37983477360603446,0.038325339643770204,0.3990724502947453,0.18276743645545016
C000123,7.0,3024.92,12.0,432.13142857142856,3.2857142857142856,0.0,0.8571428571428571,0.3093734710339447,0.17367732039194425,0.20707655078481413,0.30987265778929685
C000124,10.0,3171.2,12.0,317.12,4.0,0.0,0.1,0.2607877144298688,0.16622098890010092,0.2824072906155399,0.2905840060544904
C000125,3.0,1116.87,81.0,372.28999999999996,2.3333333333333335,0.0,0.6666666666666666,1.0,0.0,0.0,0.0
C000126,6.0,4458.87,65.0,743.145,3.5,0.5,1.0,0.6692502809007663,0.044495578476161,0.0,0.28625414062307264
C000127,7.0,1636.66,9.0,233.80857142857144,4.857142857142857,0.0,0.0,0.0,0.34806862757078444,0.6519313724292156,0.0
C000128,6.0,993.41,180.0,165.56833333333333,3.5,0.0,0.0,0.2218721373853696,0.6244450931639505,0.0,0.15368276945067996
C000129,6.0,1278.0,67.0,213.0,3.5,0.0,1.0,0.7857198748043819,0.21428012519561818,0.0,0.0
C000130,7.0,4789.21,158.0,684.1728571428572,3.7142857142857144,0.0,0.8571428571428571,0.8058865658428007,0.15302732600992647,0.041086108147272725,0.0
C000131,5.0,1099.1100000000001,275.0,219.82200000000003,2.8,0.2,0.8,0.0,0.31394491907088456,0.24850105994850374,0.4375540209806115
C000132,0.0,0.0,0.0,0.0,0.0,0.0,0.0,0.0,0.0,0.0,0.0
C000133,2.0,748.0799999999999,56.0,374.03999999999996,3.5,0.0,0.0,0.7306036787509358,0.2693963212490643,0.0,0.0
C000134,0.0,0.0,0.0,0.0,0.0,0.0,0.0,0.0,0.0,0.0,0.0
C000135,4.0,1416.79,19.0,354.1975,3.5,0.0,1.0,0.5871018287819648,0.0,0.0,0.4128981712180351
C000136,1.0,194.69,450.0,194.69,4.0,0.0,0.0,0.0,1.0,0.0,0.0
C000137,8.0,3740.54,75.0,467.5675,4.125,0.25,0.625,0.4571131440914948,0.14223080090040474,0.0,0.4006560550081005
C000138,1.0,50.0,423.0,50.0,3.0,0.0,0.0,1.0,0.0,0.0,0.0
C000139,4.0,1202.74,22.0,300.685,4.0,0.0,0.0,0.0,0.535610356352994,0.0,0.46438964364700597
C000140,4.0,2295.18,321.0,573.795,2.5,0.0,0.75,0.407854721634033,0.12313631174896959,0.0,0.4690089666169974
C000141,0.0,0.0,0.0,0.0,0.0,0.0,0.0,0.0,0.0,0.0,0.0
C000142,3.0,1423.54,23.0,474.5133333333333,4.0,0.0,1.0,1.0,0.0,0.0,0.0
C000143,4.0,1323.92,32.0,330.98,3.25,0.0,0.25,0.22171279231373495,0.18213336153241885,0.5961538461538461,0.0
C000144,3.0,355.18,94.0,118.39333333333333,3.0,0.0,0.0,0.4761247818007771,0.33512585168083786,0.18874936651838506,0.0
C000145,0.0,0.0,0.0,0.0,0.0,0.0,0.0,0.0,0.0,0.0,0.0
C000146,3.0,428.15,89.0,142.71666666666667,4.333333333333333,0.0,0.0,0.3310755576316712,0.0,0.5437580287282495,0.12516641364007944
C000147,5.0,3317.67,19.0,663.534,2.8,0.4,0.6,0.23543028691822876,0.13313259004060077,0.0,0.6314371230411705
C000148,7.0,3427.1499999999996,40.0,489.5928571428571,3.0,0.0,1.0,0.524427002027924,0.35104678814758616,0.041007834498052315,0.08351837532643742
C000149,4.0,987.47,70.0,246.8675,3.0,0.0,1.0,0.26159782069328685,0.0,0.0,0.7384021793067131
C000150,0.0,0.0,0.0,0.0,0.0,0.0,0.0,0.0,0.0,0.0,0.0
C000151,2.0,263.35,26.0,131.675,4.5,0.0,0.0,0.0,1.0,0.0,0.0
C000152,4.0,1734.08,127.0,433.52,3.0,0.25,0.5,0.8742503229378115,0.0,0.0,0.1257496770621886
C000153,1.0,367.72,123.0,367.72,4.0,0.0,0.0,0.0,0.0,0.0,1.0
C000154,9.0,3644.48,66.0,404.9422222222222,3.3333333333333335,0.0,0.8888888888888888,0.5563509746246379,0.2545246509790149,0.0,0.18912437439634738
C000155,3.0,1393.3,9.0,464.43333333333334,2.3333333333333335,0.0,0.6666666666666666,0.9606904471398837,0.0,0.0,0.039309552860116274
C000156,13.0,4852.94,26.0,373.3030769230769,3.5384615384615383,0.15384615384615385,0.6923076923076923,0.43875671242586967,0.11193833016686794,0.07293929040952495,0.3763656669977375
C000157,1.0,193.86,357.0,193.86,4.0,0.0,1.0,0.0,1.0,0.0,0.0
C000158,0.0,0.0,0.0,0.0,0.0,0.0,0.0,0.0,0.0,0.0,0.0
C000159,12.0,4896.57,0.0,408.04749999999996,3.5833333333333335,0.08333333333333333,0.0,0.10288630612857573,0.12819381730476642,0.6221334526004938,0.1467864239661641
C000160,2.0,370.33,273.0,185.165,4.0,0.0,0.0,0.0,0.7285664137390976,0.2714335862609024,0.0
C000161,4.0,2300.1000000000004,14.0,575.0250000000001,3.0,0.0,0.75,0.20613016825355415,0.0,0.674114168949176,0.11975566279726968
C000162,6.0,2753.16,243.0,458.85999999999996,3.8333333333333335,0.0,0.6666666666666666,0.19437664356593878,0.6433189498612504,0.0,0.1623044065728109
C000163,7.0,3093.67,113.0,441.95285714285717,2.5714285714285716,0.14285714285714285,0.42857142857142855,0.22991786454275986,0.6305617599808642,0.13952037547637594,0.0
C000164,5.0,1702.56,227.0,340.512,2.4,0.0,0.8,0.5103197537825392,0.36247768066911007,0.0,0.12720256554835072
C000165,1.0,119.2,537.0,119.2,6.0,1.0,0.0,0.0,1.0,0.0,0.0
C000166,6.0,3021.27,155.0,503.545,3.8333333333333335,0.0,0.3333333333333333,0.3874761275887293,0.238323618875506,0.37420025353576475,0.0
C000167,4.0,1012.28,76.0,253.07,3.25,0.0,0.0,0.0,0.6240862212036196,0.3759137787963805,0.0
C000168,6.0,3548.3700000000003,68.0,591.3950000000001,4.0,0.3333333333333333,0.6666666666666666,0.1917274692323518,0.11565873908301558,0.6926137916846327,0.0
C000169,2.0,1607.45,155.0,803.725,2.5,0.0,1.0,0.9251609692369903,0.0,0.07483903076300973,0.0
C000170,8.0,3752.8,41.0,469.1,4.625,0.125,0.625,0.0,0.12327595395438072,0.5647356640375186,0.3119883820081006
C000171,1.0,196.46,172.0,196.46,5.0,0.0,0.0,0.0,1.0,0.0,0.0
C000172,4.0,654.35,105.0,163.5875,3.5,0.25,0.0,0.0,0.10900894016963399,0.4274012378696416,0.4635898219607244
C000173,7.0,2125.7200000000003,103.0,303.67428571428576,3.857142857142857,0.2857142857142857,0.0,0.13579869408953205,0.07194268294977703,0.7404926330843197,0.05176598987637131
C000174,7.0,3543.58,40.0,506.2257142857143,3.5714285714285716,0.14285714285714285,0.8571428571428571,0.644444319022006,0.07556482427375703,0.0,0.27999085670423696
C000175,7.0,1500.46,29.0,214.35142857142858,3.2857142857142856,0.14285714285714285,0.2857142857142857,0.0,0.47319488690135025,0.21346120523039602,0.3133439078682537
C000176,3.0,2120.5699999999997,269.0,706.8566666666666,3.0,0.0,1.0,0.428134888261175,0.0,0.0,0.5718651117388249
C000177,1.0,148.85,329.0,148.85,2.0,0.0,0.0,0.0,1.0,0.0,0.0
C000178,0.0,0.0,0.0,0.0,0.0,0.0,0.0,0.0,0.0,0.0,0.0
C000179,5.0,1799.94,92.0,359.988,3.6,0.0,0.8,0.3711401491160816,0.11988732957765258,0.08512505972421303,0.4238474615820527
C000180,3.0,1467.52,207.0,489.17333333333335,3.6666666666666665,0.0,0.3333333333333333,0.0,0.0,1.0,0.0
C000181,4.0,979.8199999999999,303.0,244.95499999999998,3.0,0.25,1.0,0.0,0.11875650629707497,0.587883488804066,0.293360004898859
C000182,8.0,2617.26,41.0,327.1575,3.25,0.375,0.625,0.07985832511863551,0.6848765502854129,0.0,0.23526512459595147
C000183,3.0,695.37,21.0,231.79,3.6666666666666665,0.0,0.0,0.0,0.13571192314882724,0.0,0.8642880768511727
C000184,9.0,2888.56,137.0,320.9511111111111,5.111111111111111,0.0,0.2222222222222222,0.3579326723350043,0.1569744093943003,0.3696409283518432,0.11545198991885232
C000185,6.0,1846.2,54.0,307.7,3.6666666666666665,0.0,1.0,0.2617592893510996,0.088923193586827,0.0,0.6493175170620735
C000186,11.0,4568.38,22.0,415.30727272727273,3.090909090909091,0.18181818181818182,0.2727272727272727,0.6639574641338944,0.07496092706823866,0.11810094606840939,0.14298066272945775
C000187,8.0,7136.780000000001,54.0,892.0975000000001,3.25,0.0,1.0,0.6300712646319488,0.0,0.052267268992458774,0.31766146637559234
C000188,0.0,0.0,0.0,0.0,0.0,0.0,0.0,0.0,0.0,0.0,0.0
C000189,5.0,1940.1200000000001,98.0,388.024,3.4,0.0,1.0,0.40645423994392094,0.0,0.5200399975259261,0.07350576253015277
C000190,4.0,989.97,1.0,247.4925,3.25,0.25,0.0,0.12138751679343818,0.0,0.0,0.8786124832065618
C000191,2.0,279.93,4.0,139.965,4.0,0.0,0.5,0.5217733004679741,0.0,0.0,0.47822669953202585
C000192,1.0,1740.14,193.0,1740.14,2.0,0.0,1.0,0.0,0.0,0.0,1.0
C000193,3.0,1762.25,158.0,587.4166666666666,3.0,0.0,0.3333333333333333,0.9649709178606894,0.03502908213931054,0.0,0.0
C000194,4.0,866.18,123.0,216.545,3.5,0.5,1.0,0.5573321942321458,0.0,0.0,0.44266780576785425
C000195,4.0,2182.18,197.0,545.545,3.25,0.0,0.25,0.0,0.38000073321174244,0.0725925450696093,0.5474067217186483
C000196,3.0,1211.97,67.0,403.99,3.6666666666666665,0.3333333333333333,0.6666666666666666,0.6919890756371857,0.0,0.30801092436281424,0.0
C000197,0.0,0.0,0.0,0.0,0.0,0.0,0.0,0.0,0.0,0.0,0.0
C000198,6.0,1850.54,101.0,308.42333333333335,3.0,0.0,0.8333333333333334,0.28115577074799786,0.15218260615820248,0.1889124255622683,0.3777491975315313
C000199,12.0,4868.7699999999995,24.0,405.7308333333333,3.9166666666666665,0.08333333333333333,0.5,0.5084569614091444,0.14523791429868324,0.19333425074505473,0.15297087354711766
C000200,3.0,306.41999999999996,15.0,102.13999999999999,3.6666666666666665,0.3333333333333333,0.0,0.17919848573852884,0.8208015142614713,0.0,0.0
C000201,2.0,432.02,119.0,216.01,4.5,0.0,0.5,0.0,1.0,0.0,0.0
C000202,4.0,669.88,45.0,167.47,4.5,0.0,0.0,0.185122708544814,0.20527557174419298,0.534961485639219,0.07464023407177404
C000203,0.0,0.0,0.0,0.0,0.0,0.0,0.0,0.0,0.0,0.0,0.0
C000204,4.0,402.23,194.0,100.5575,3.5,0.0,0.25,0.41046167615543344,0.31188623424408923,0.2776520896004773,0.0
C000205,10.0,3935.17,10.0,393.517,3.9,0.2,1.0,0.4230897267462396,0.14536347857907028,0.19294719160798643,0.2385996030667036
C000206,3.0,650.6800000000001,85.0,216.89333333333335,4.666666666666667,0.3333333333333333,1.0,0.6198899612712854,0.38011003872871457,0.0,0.0
C000207,0.0,0.0,0.0,0.0,0.0,0.0,0.0,0.0,0.0,0.0,0.0
C000208,5.0,2158.84,14.0,431.76800000000003,3.4,0.0,0.8,0.3330770228456022,0.6669229771543976,0.0,0.0
C000209,10.0,3677.58,39.0,367.758,3.7,0.2,1.0,0.34616786038644975,0.11821904622061247,0.300602570168426,0.23501052322451177
C000210,1.0,112.22,239.0,112.22,2.0,1.0,1.0,0.0,1.0,0.0,0.0
C000211,3.0,633.71,36.0,211.23666666666668,4.666666666666667,0.0,0.3333333333333333,0.13684492906850135,0.6708746903157595,0.19228038061573904,0.0
C000212,7.0,2065.58,178.0,295.0828571428571,3.857142857142857,0.0,0.0,0.2340069133124837,0.1934565594167256,0.3207622072250893,0.25177432004570144
C000213,7.0,1720.49,21.0,245.78428571428572,4.571428571428571,0.0,0.7142857142857143,0.19041087132154214,0.3165493551255747,0.22772000999715195,0.2653197635557312
C000214,2.0,1201.48,251.0,600.74,2.5,0.0,1.0,0.0,0.0,0.0,1.0
C000215,2.0,1180.52,199.0,590.26,3.5,0.0,0.0,0.0,1.0,0.0,0.0
C000216,0.0,0.0,0.0,0.0,0.0,0.0,0.0,0.0,0.0,0.0,0.0
C000217,5.0,2820.02,160.0,564.004,3.8,0.2,0.6,0.0,0.25635633789831275,0.13953447138672775,0.6041091907149594
C000218,6.0,2199.25,159.0,366.5416666666667,4.166666666666667,0.0,0.0,0.0,0.793452313288621,0.1760691144708423,0.03047857224053654
C000219,0.0,0.0,0.0,0.0,0.0,0.0,0.0,0.0,0.0,0.0,0.0
C000220,0.0,0.0,0.0,0.0,0.0,0.0,0.0,0.0,0.0,0.0,0.0
C000221,3.0,562.38,36.0,187.46,3.6666666666666665,0.3333333333333333,0.0,0.2249902201358512,0.6183363562004339,0.0,0.15667342366371492
C000222,6.0,2769.8100000000004,54.0,461.63500000000005,2.6666666666666665,0.16666666666666666,0.16666666666666666,0.0,0.5061357999285149,0.284582697008098,0.20928150306338703
C000223,4.0,1386.1399999999999,155.0,346.53499999999997,3.5,0.0,0.5,0.6603373396626604,0.25493817363325494,0.08472448670408474,0.0
C000224,6.0,1784.24,40.0,297.37333333333333,3.8333333333333335,0.0,0.16666666666666666,0.0,0.36413262789759226,0.2653118414563063,0.37055553064610147
C000225,4.0,1633.91,70.0,408.4775,3.5,0.0,0.5,0.0,0.7471586562295354,0.25284134377046474,0.0
C000226,8.0,1903.97,85.0,237.99625,3.75,0.125,0.25,0.0,0.7984737154471971,0.08063677473909778,0.12088950981370504
C000227,1.0,204.15,469.0,204.15,4.0,0.0,1.0,0.0,0.0,0.0,1.0
C000228,5.0,1498.64,10.0,299.728,3.2,0.2,0.2,0.0,0.8781428495168954,0.12185715048310469,0.0
C000229,6.0,2939.23,23.0,489.87166666666667,3.3333333333333335,0.0,0.8333333333333334,0.13907724131830443,0.24109715809923002,0.09472889158044792,0.5250967090020174
C000230,1.0,453.72,109.0,453.72,3.0,0.0,1.0,0.0,0.0,1.0,0.0
C000231,8.0,2404.91,13.0,300.61375,3.875,0.0,0.25,0.4311263207354953,0.24501540598192867,0.3030674744585037,0.02079079882407242
C000232,7.0,2545.99,62.0,363.7128571428571,3.857142857142857,0.14285714285714285,0.14285714285714285,0.24934897623321384,0.0,0.02095452063833715,0.7296965031284491
C000233,3.0,575.71,81.0,191.90333333333334,3.0,0.0,0.0,0.22276840770526826,0.7772315922947316,0.0,0.0
C000234,3.0,873.73,77.0,291.24333333333334,4.333333333333333,0.0,0.0,0.0,0.30433886898698687,0.6956611310130131,0.0
C000235,2.0,205.19,292.0,102.595,5.0,0.0,0.0,0.0,0.0,1.0,0.0
C000236,5.0,3285.1,61.0,657.02,4.0,0.4,0.4,0.0,0.4895406532525646,0.34467139508690753,0.16578795166052782
C000237,7.0,3970.2200000000003,67.0,567.1742857142857,4.0,0.0,0.8571428571428571,0.11642931625955236,0.13571036365742956,0.5788394597780475,0.1690208603049705
C000238,0.0,0.0,0.0,0.0,0.0,0.0,0.0,0.0,0.0,0.0,0.0
C000239,9.0,2467.41,142.0,274.15666666666664,3.6666666666666665,0.1111111111111111,0.4444444444444444,0.1901183832439684,0.22579546974357728,0.35901208149436054,0.22507406551809384
C000240,4.0,1391.7,153.0,347.925,3.5,0.0,0.75,0.0,0.313106272903643,0.0,0.686893727096357
C000241,6.0,1286.43,144.0,214.405,3.8333333333333335,0.0,0.5,0.32371757499436427,0.5337484355930755,0.0,0.14253398941256037
C000242,5.0,995.12,64.0,199.024,3.6,0.2,0.0,0.22171195433716534,0.3070684942519495,0.0,0.47121955141088506
C000243,1.0,353.39,252.0,353.39,3.0,0.0,1.0,0.0,1.0,0.0,0.0
C000244,2.0,367.09000000000003,239.0,183.54500000000002,4.0,0.0,0.0,0.6371734452041733,0.0,0.0,0.3628265547958266
C000245,5.0,1773.7199999999998,19.0,354.74399999999997,3.4,0.0,0.0,0.0,0.25099790271294226,0.5308391403378211,0.21816295694923662
C000246,0.0,0.0,0.0,0.0,0.0,0.0,0.0,0.0,0.0,0.0,0.0
C000247,10.0,4523.8,83.0,452.38,3.5,0.1,0.9,0.2563729607851806,0.1835492285246916,0.25576506476855737,0.30431274592157037
C000248,3.0,1222.45,123.0,407.48333333333335,2.3333333333333335,0.0,1.0,0.7023600147245286,0.07821178780318214,0.0,0.21942819747228925
C000249,7.0,2774.59,11.0,396.37,4.142857142857143,0.2857142857142857,1.0,0.7456020529159263,0.0892528265437416,0.16514512054033212,0.0
C000250,2.0,848.3,17.0,424.15,2.5,0.0,0.5,0.771837793233526,0.0,0.0,0.22816220676647414
C000251,3.0,581.09,331.0,193.6966666666667,3.0,0.0,0.6666666666666666,0.0,0.8545664182828822,0.14543358171711784,0.0
C000252,8.0,2290.0299999999997,35.0,286.25374999999997,3.5,0.125,0.125,0.0,0.6504936616550875,0.057077854875263644,0.2924284834696489
C000253,1.0,79.49,158.0,79.49,4.0,0.0,1.0,0.0,1.0,0.0,0.0
C000254,0.0,0.0,0.0,0.0,0.0,0.0,0.0,0.0,0.0,0.0,0.0
C000255,7.0,1329.77,24.0,189.96714285714285,2.857142857142857,0.2857142857142857,0.5714285714285714,0.3180850823826677,0.29431405431014385,0.06565797092730322,0.32194289237988527
C000256,5.0,2085.7599999999998,7.0,417.15199999999993,4.0,0.2,1.0,0.7909922522246087,0.0,0.17721118441239642,0.03179656336299478
C000257,4.0,708.12,262.0,177.03,3.75,0.0,0.0,0.7633310738292944,0.07060950121448342,0.1660594249562221,0.0
C000258,2.0,526.29,266.0,263.145,5.5,0.5,0.0,0.0,1.0,0.0,0.0
C000259,4.0,758.67,115.0,189.6675,3.5,0.25,0.0,0.0,0.8733309607602778,0.12666903923972214,0.0
C000260,1.0,196.18,310.0,196.18,3.0,0.0,1.0,1.0,0.0,0.0,0.0
C000261,8.0,2027.71,12.0,253.46375,3.625,0.125,0.5,0.7265782582321929,0.053661519645314175,0.0,0.21976022212249285
C000262,2.0,1688.97,0.0,844.485,4.0,0.0,0.5,0.920383428953741,0.0,0.07961657104625897,0.0
C000263,2.0,132.98000000000002,163.0,66.49000000000001,1.5,0.5,0.5,1.0,0.0,0.0,0.0
C000264,7.0,2688.25,22.0,384.0357142857143,3.5714285714285716,0.2857142857142857,0.8571428571428571,0.2267162652283084,0.17185157630428718,0.5363042871756719,0.06512787129173254
C000265,3.0,1111.23,240.0,370.41,3.6666666666666665,0.3333333333333333,0.6666666666666666,0.2766393995842445,0.0,0.0,0.7233606004157556
C000266,6.0,1052.1100000000001,30.0,175.3516666666667,3.5,0.3333333333333333,0.16666666666666666,0.5342122021461634,0.32094552850937635,0.0,0.14484226934446015
C000267,11.0,1725.08,45.0,156.82545454545453,3.8181818181818183,0.0,0.0,0.10819788067799754,0.3453868806084356,0.25819092447886477,0.2882243142347022
C000268,0.0,0.0,0.0,0.0,0.0,0.0,0.0,0.0,0.0,0.0,0.0
C000269,3.0,1089.5700000000002,151.0,363.19000000000005,3.6666666666666665,0.3333333333333333,0.6666666666666666,0.7231751975549987,0.2768248024450012,0.0,0.0
C000270,10.0,3181.34,42.0,318.134,3.1,0.0,0.3,0.15765997975695778,0.21660055196866726,0.26780539018149585,0.3579340780928791
C000271,7.0,2264.39,192.0,323.4842857142857,4.571428571428571,0.0,0.0,0.0,0.1374100751195686,0.8053515516320068,0.05723837324842452
C000272,10.0,4118.280000000001,10.0,411.8280000000001,3.0,0.1,0.9,0.5516914828520645,0.07196450945540372,0.20143846460172693,0.1749055430908049
C000273,1.0,774.05,503.0,774.05,4.0,0.0,0.0,1.0,0.0,0.0,0.0
C000274,1.0,50.0,359.0,50.0,6.0,1.0,0.0,0.0,0.0,1.0,0.0
C000275,3.0,235.96,359.0,78.65333333333334,3.6666666666666665,0.0,0.0,0.5761993558230208,0.21190032208848958,0.0,0.21190032208848958
C000276,5.0,1281.5900000000001,27.0,256.31800000000004,4.6,0.0,0.0,0.0,0.36576440203185107,0.5409608377094078,0.0932747602587411
C000277,4.0,3529.22,10.0,882.305,4.0,0.0,1.0,0.6070491496704654,0.3929508503295346,0.0,0.0
C000278,0.0,0.0,0.0,0.0,0.0,0.0,0.0,0.0,0.0,0.0,0.0
C000279,0.0,0.0,0.0,0.0,0.0,0.0,0.0,0.0,0.0,0.0,0.0
C000280,4.0,1010.48,49.0,252.62,3.5,0.0,0.0,0.7014290238302588,0.2985709761697411,0.0,0.0
C000281,4.0,1493.4699999999998,5.0,373.36749999999995,5.0,0.0,0.25,0.0,1.0,0.0,0.0
C000282,7.0,1330.3600000000001,24.0,190.0514285714286,3.7142857142857144,0.2857142857142857,0.7142857142857143,0.3385549776000481,0.20615472503683213,0.37323731922186476,0.082052978141255
C000283,6.0,3773.1000000000004,123.0,628.85,3.8333333333333335,0.5,0.6666666666666666,0.3695846916328748,0.11884392144390554,0.03638917600911717,0.47518221091410245
C000284,6.0,1354.1299999999999,40.0,225.6883333333333,3.8333333333333335,0.16666666666666666,0.6666666666666666,0.18032980585320463,0.10101688907268873,0.16130652153042913,0.5573467835436774
C000285,5.0,2574.14,9.0,514.828,3.0,0.0,0.0,0.5341822900075365,0.08509638170418082,0.11971765327449169,0.261003675013791
C000286,1.0,258.67,522.0,258.67,3.0,0.0,0.0,0.0,0.0,1.0,0.0
C000287,1.0,648.66,489.0,648.66,4.0,0.0,0.0,0.0,0.0,0.0,1.0
C000288,9.0,3711.51,161.0,412.39000000000004,3.111111111111111,0.1111111111111111,1.0,0.12298498454806804,0.2952760466764201,0.12342954754264436,0.45830942123286744
C000289,0.0,0.0,0.0,0.0,0.0,0.0,0.0,0.0,0.0,0.0,0.0
C000290,3.0,971.9399999999999,31.0,323.97999999999996,4.333333333333333,0.0,0.3333333333333333,0.0,0.09837026976973888,0.9016297302302612,0.0
C000291,3.0,1703.74,334.0,567.9133333333333,3.6666666666666665,0.0,0.6666666666666666,0.5532945167689906,0.44670548323100945,0.0,0.0
C000292,1.0,119.65,140.0,119.65,2.0,0.0,0.0,0.0,1.0,0.0,0.0
C000293,3.0,383.71999999999997,64.0,127.90666666666665,2.3333333333333335,0.0,0.0,0.19501198790784946,0.3015740644219743,0.0,0.5034139476701761
C000294,7.0,2207.38,142.0,315.34000000000003,3.142857142857143,0.0,0.0,0.10293651297012747,0.5871077929491071,0.06593789922895016,0.24401779485181527
C000295,5.0,845.24,298.0,169.048,3.8,0.0,0.0,0.0,0.1350030760494061,0.5310326061237045,0.33396431782688935
C000296,4.0,2630.33,258.0,657.5825,2.75,0.25,1.0,0.8379709009896097,0.0,0.0,0.16202909901039034
C000297,6.0,3056.0099999999998,125.0,509.335,3.5,0.16666666666666666,1.0,0.6313264681725518,0.03306271903560525,0.12036609827847422,0.21524471451336874
C000298,2.0,889.98,55.0,444.99,4.5,0.5,1.0,0.0,0.0,0.3132879390548102,0.6867120609451898
C000299,0.0,0.0,0.0,0.0,0.0,0.0,0.0,0.0,0.0,0.0,0.0
C000300,6.0,2418.41,61.0,403.0683333333333,4.0,0.3333333333333333,1.0,0.31855640689543957,0.2622590875823372,0.0,0.4191845055222233
C000301,3.0,1511.47,242.0,503.8233333333333,3.0,0.0,0.3333333333333333,0.0,0.45341951874665065,0.033080378704175406,0.513500102549174
C000302,3.0,680.47,164.0,226.82333333333335,4.0,0.3333333333333333,1.0,0.16135906064925715,0.0,0.0,0.8386409393507429
C000303,4.0,864.6800000000001,225.0,216.17000000000002,3.5,0.0,0.5,0.1158925845399454,0.700004625988805,0.18410278947124947,0.0
C000304,8.0,1311.5,83.0,163.9375,3.5,0.125,0.125,0.0,0.6314601601219977,0.06086160884483415,0.3076782310331681
C000305,0.0,0.0,0.0,0.0,0.0,0.0,0.0,0.0,0.0,0.0,0.0
C000306,1.0,294.89,223.0,294.89,2.0,0.0,0.0,0.0,0.0,1.0,0.0
C000307,0.0,0.0,0.0,0.0,0.0,0.0,0.0,0.0,0.0,0.0,0.0
C000308,6.0,1510.01,20.0,251.66833333333332,3.3333333333333335,0.0,0.16666666666666666,0.1849060602247667,0.3968053191700717,0.16587969616095255,0.2524089244442089
C000309,4.0,2243.47,234.0,560.8675,3.5,0.25,0.75,0.6414393773930563,0.24253054420161627,0.11603007840532747,0.0
C000310,0.0,0.0,0.0,0.0,0.0,0.0,0.0,0.0,0.0,0.0,0.0
C000311,8.0,3284.25,37.0,410.53125,3.25,0.25,0.625,0.3164497221587882,0.3221983710131689,0.220567861764482,0.14078404506356096
C000312,0.0,0.0,0.0,0.0,0.0,0.0,0.0,0.0,0.0,0.0,0.0
C000313,9.0,4334.65,53.0,481.62777777777774,3.2222222222222223,0.0,1.0,0.29830782185412896,0.0880924642127969,0.38919174558499536,0.22440796834807888
C000314,0.0,0.0,0.0,0.0,0.0,0.0,0.0,0.0,0.0,0.0,0.0
C000315,3.0,1490.97,21.0,496.99,4.333333333333333,0.0,0.6666666666666666,0.08365694816126415,0.0,0.9163430518387359,0.0
C000316,2.0,642.14,251.0,321.07,3.5,0.0,0.0,0.0,0.0,0.0,1.0
C000317,11.0,2917.0299999999997,0.0,265.18454545454546,3.8181818181818183,0.09090909090909091,0.9090909090909091,0.20860601365087095,0.1875880604587543,0.17392690510553543,0.42987902078483936
C000318,0.0,0.0,0.0,0.0,0.0,0.0,0.0,0.0,0.0,0.0,0.0
C000319,8.0,3169.57,16.0,396.19625,3.75,0.0,0.625,0.07303514356837047,0.5841391734525503,0.0959530788087974,0.24687260417028176
C000320,4.0,2455.7200000000003,79.0,613.9300000000001,2.75,0.0,0.5,0.2415503396152656,0.0,0.0,0.7584496603847345
C000321,9.0,3875.63,103.0,430.6255555555556,4.444444444444445,0.2222222222222222,0.2222222222222222,0.020448288407304102,0.2104148228804091,0.23346139853391576,0.535675490178371
C000322,8.0,3434.48,12.0,429.31,3.375,0.25,0.875,0.7913832661712981,0.15394179031469102,0.029591088024970295,0.025083855489040553
C000323,10.0,5831.16,38.0,583.116,4.1,0.1,0.8,0.1663305414360093,0.5495476028783295,0.1928038331995692,0.09131802248609197
C000324,0.0,0.0,0.0,0.0,0.0,0.0,0.0,0.0,0.0,0.0,0.0
C000325,1.0,178.6,532.0,178.6,3.0,0.0,1.0,0.0,0.0,0.0,1.0
C000326,3.0,384.31,251.0,128.10333333333332,3.0,0.0,0.3333333333333333,0.0,0.7156982644219511,0.284301735578049,0.0
C000327,2.0,356.96999999999997,263.0,178.48499999999999,2.5,1.0,0.5,0.24111269854609632,0.0,0.7588873014539037,0.0
C000328,3.0,1142.5,100.0,380.8333333333333,3.3333333333333335,0.0,1.0,0.8721050328227571,0.0,0.12789496717724289,0.0
C000329,6.0,810.71,321.0,135.11833333333334,4.166666666666667,0.0,0.16666666666666666,0.0,0.7561520149005192,0.07841274931849859,0.1654352357809821
C000330,6.0,2283.29,219.0,380.54833333333335,2.8333333333333335,0.16666666666666666,0.6666666666666666,0.28338056050698773,0.11969570225420337,0.5133776261447298,0.08354611109407915
C000331,4.0,1950.45,84.0,487.6125,3.0,0.25,0.5,0.6153451767540825,0.0,0.34716603860647544,0.037488784639442184
C000332,0.0,0.0,0.0,0.0,0.0,0.0,0.0,0.0,0.0,0.0,0.0
C000333,7.0,1782.44,39.0,254.6342857142857,3.2857142857142856,0.14285714285714285,0.0,0.0,0.08076008168577904,0.5533762707300105,0.3658636475842104
C000334,4.0,1662.35,141.0,415.5875,3.25,0.75,0.0,0.31892200800072185,0.3448972839654706,0.0,0.3361807080338076
C000335,2.0,136.65,166.0,68.325,3.5,0.5,0.0,0.0,0.0,1.0,0.0
C000336,10.0,5046.04,81.0,504.604,3.1,0.2,0.7,0.8838098786375059,0.10588699257239341,0.0,0.010303128790100754
C000337,4.0,1661.33,32.0,415.3325,3.5,0.0,0.5,0.4033093966881956,0.0,0.08178387195800955,0.5149067313537948
C000338,3.0,827.53,407.0,275.8433333333333,5.666666666666667,0.0,0.3333333333333333,0.0,0.4565393399635058,0.5434606600364942,0.0
C000339,2.0,922.11,188.0,461.055,4.5,0.5,1.0,0.0,0.348526748435653,0.0,0.651473251564347
C000340,7.0,3458.96,245.0,494.13714285714286,3.857142857142857,0.14285714285714285,0.8571428571428571,0.4779644748710595,0.05042845248282721,0.04966521729074635,0.42194185535536693
C000341,7.0,1202.1,40.0,171.72857142857143,3.7142857142857144,0.0,0.14285714285714285,0.08318775476249897,0.42995591048997595,0.2325097745611846,0.2543465601863406
C000342,3.0,617.71,39.0,205.90333333333334,2.6666666666666665,0.0,0.0,0.0,0.32136439429505753,0.6786356057049424,0.0
C000343,7.0,3633.05,48.0,519.0071428571429,3.4285714285714284,0.2857142857142857,0.2857142857142857,0.18829908754352406,0.0,0.4592036993710519,0.3524972130854241
C000344,2.0,345.51,294.0,172.755,5.0,0.0,0.0,0.48826372608607566,0.5117362739139244,0.0,0.0
C000345,2.0,274.11,205.0,137.055,3.0,0.5,1.0,0.0,0.533763817445551,0.0,0.46623618255444893
C000346,2.0,1067.75,21.0,533.875,2.5,0.5,0.0,0.0,0.17874970732849452,0.8212502926715055,0.0
C000347,1.0,73.66,264.0,73.66,5.0,0.0,0.0,0.0,0.0,1.0,0.0
C000348,3.0,1084.68,208.0,361.56,5.333333333333333,0.0,0.0,0.2910535826234466,0.17086145222554122,0.5380849651510123,0.0
C000349,4.0,344.47,70.0,86.1175,3.75,0.5,0.25,0.5093331785061108,0.0,0.4906668214938891,0.0
C000350,6.0,2982.5099999999998,18.0,497.085,3.8333333333333335,0.0,0.5,0.0,0.0,0.37335331650187253,0.6266466834981274
C000351,4.0,668.88,88.0,167.22,5.25,0.25,0.0,0.0,0.23225391699557468,0.5212893194593948,0.2464567635450305
C000352,4.0,464.9,68.0,116.225,2.75,0.25,0.25,0.5132931813293181,0.48670681867068194,0.0,0.0
C000353,4.0,1207.93,42.0,301.9825,3.75,0.5,1.0,0.0,0.0,0.15183826877385279,0.8481617312261471
C000354,6.0,826.95,7.0,137.82500000000002,4.5,0.16666666666666666,0.0,0.07089908700646956,0.4097950299292581,0.3938932220811415,0.12541266098313078
C000355,4.0,350.8,56.0,87.7,3.5,0.0,0.0,0.0,0.1425313568985177,0.41302736602052453,0.4444412770809579
C000356,3.0,1147.6599999999999,76.0,382.5533333333333,4.0,0.0,0.6666666666666666,0.4500548943066762,0.0,0.5499451056933239,0.0
C000357,3.0,1318.1100000000001,23.0,439.37000000000006,2.6666666666666665,0.3333333333333333,0.3333333333333333,0.8973302683387578,0.10266973166124226,0.0,0.0
C000358,8.0,1190.95,41.0,148.86875,3.25,0.125,0.125,0.1405012804903648,0.4125865905369663,0.44691212897266885,0.0
C000359,8.0,2396.81,4.0,299.60125,4.0,0.25,0.75,0.0,0.21505250729094086,0.42207350603510496,0.3628739866739541
C000360,2.0,1294.56,521.0,647.28,2.5,0.0,1.0,0.30111389197874183,0.0,0.6988861080212582,0.0
C000361,6.0,2680.91,127.0,446.8183333333333,3.5,0.0,1.0,0.5304318309827634,0.0,0.41459056812798645,0.05497760088925029
C000362,9.0,3710.0299999999997,109.0,412.2255555555555,3.5555555555555554,0.1111111111111111,1.0,0.09733074934704034,0.2934747158378773,0.4829394910553284,0.126255043759754
C000363,6.0,815.45,150.0,135.90833333333333,4.666666666666667,0.0,0.0,0.0,0.7399595315469986,0.2600404684530014,0.0
C000364,6.0,3785.77,14.0,630.9616666666667,3.6666666666666665,0.16666666666666666,0.3333333333333333,0.3752816467984056,0.0,0.2533460828312338,0.3713722703703606
C000365,1.0,205.59,66.0,205.59,5.0,0.0,1.0,0.0,0.0,1.0,0.0
C000366,7.0,1208.75,136.0,172.67857142857142,3.4285714285714284,0.14285714285714285,0.0,0.0,0.549005170630817,0.25747259565667013,0.19352223371251295
C000367,6.0,2107.96,3.0,351.32666666666665,3.0,0.0,0.3333333333333333,0.36630201711607435,0.6336979828839256,0.0,0.0
C000368,1.0,296.06,429.0,296.06,6.0,0.0,1.0,0.0,0.0,1.0,0.0
C000369,4.0,1842.9,198.0,460.725,4.0,0.25,1.0,0.4558033534103858,0.06317217429052037,0.4810244722990938,0.0
C000370,2.0,3705.1800000000003,200.0,1852.5900000000001,2.5,0.0,1.0,0.058331848925018484,0.0,0.0,0.9416681510749815
C000371,4.0,1230.9299999999998,16.0,307.73249999999996,4.25,0.0,0.5,0.0,0.13111224846254457,0.0,0.8688877515374555
C000372,3.0,1319.81,74.0,439.93666666666667,2.3333333333333335,0.3333333333333333,0.6666666666666666,0.819534629984619,0.180465370015381,0.0,0.0
C000373,3.0,497.76000000000005,123.0,165.92000000000002,4.666666666666667,0.3333333333333333,0.0,0.0,0.20837351333976215,0.26591128254580526,0.5257152041144327
C000374,2.0,840.38,242.0,420.19,3.5,0.0,0.5,1.0,0.0,0.0,0.0
C000375,4.0,1811.75,6.0,452.9375,3.0,0.25,0.75,0.8808776045260108,0.0,0.11912239547398924,0.0
C000376,10.0,3760.61,21.0,376.06100000000004,4.1,0.3,0.2,0.0,0.6598956020432856,0.34010439795671443,0.0
C000377,3.0,705.94,64.0,235.31333333333336,3.6666666666666665,0.0,0.6666666666666666,0.0,0.5599484375442672,0.22067031192452616,0.2193812505312066
C000378,0.0,0.0,0.0,0.0,0.0,0.0,0.0,0.0,0.0,0.0,0.0
C000379,4.0,1620.1,74.0,405.025,3.5,0.5,0.75,0.9209061169063637,0.07909388309363619,0.0,0.0
C000380,3.0,696.45,234.0,232.15,3.0,0.0,0.6666666666666666,0.19639600832794887,0.0,0.26281857994113,0.5407854117309211
C000381,5.0,1186.87,20.0,237.37399999999997,3.6,0.0,0.0,0.0,0.41945621677184536,0.5384161702629606,0.04212761296519417
C000382,2.0,996.49,55.0,498.245,2.0,0.0,0.5,0.0,0.4765828056478239,0.5234171943521762,0.0
C000383,4.0,1328.28,51.0,332.07,3.5,0.25,1.0,0.8797542686782907,0.0,0.0,0.12024573132170928
C000384,0.0,0.0,0.0,0.0,0.0,0.0,0.0,0.0,0.0,0.0,0.0
C000385,0.0,0.0,0.0,0.0,0.0,0.0,0.0,0.0,0.0,0.0,0.0
C000386,1.0,246.41,75.0,246.41,3.0,0.0,0.0,1.0,0.0,0.0,0.0
C000387,7.0,910.43,73.0,130.06142857142856,3.4285714285714284,0.14285714285714285,0.0,0.3994156607317422,0.1935568906999989,0.13503509330755797,0.271992355260701
C000388,0.0,0.0,0.0,0.0,0.0,0.0,0.0,0.0,0.0,0.0,0.0
C000389,1.0,208.23,168.0,208.23,4.0,0.0,0.0,0.0,0.0,0.0,1.0
C000390,1.0,288.8,345.0,288.8,4.0,1.0,0.0,0.0,0.0,1.0,0.0
C000391,6.0,2564.0099999999998,26.0,427.335,4.333333333333333,0.5,0.6666666666666666,0.19960140561074252,0.21066220490559706,0.0,0.5897363894836603
C000392,4.0,1070.37,151.0,267.5925,3.5,0.0,0.0,0.0,0.23439558283584183,0.7656044171641582,0.0
C000393,5.0,1193.26,78.0,238.652,5.0,0.0,0.4,0.32696143338417444,0.18550022627088816,0.48753834034493737,0.0
C000394,4.0,1201.44,50.0,300.36,4.0,0.25,1.0,0.7943301371687308,0.0,0.0,0.20566986283126912
C000395,5.0,1136.01,40.0,227.202,3.6,0.0,0.2,0.0,1.0,0.0,0.0
C000396,6.0,2355.1,17.0,392.51666666666665,4.166666666666667,0.0,0.16666666666666666,0.9126746210352003,0.0873253789647998,0.0,0.0
C000397,0.0,0.0,0.0,0.0,0.0,0.0,0.0,0.0,0.0,0.0,0.0
C000398,3.0,1080.6299999999999,5.0,360.21,5.666666666666667,0.0,0.3333333333333333,0.0,0.2710918630798701,0.23446508055486154,0.4944430563652684
C000399,4.0,701.25,144.0,175.3125,3.75,0.0,0.25,0.3305383244206774,0.0,0.4795151515151515,0.18994652406417112
C000400,2.0,821.6500000000001,248.0,410.82500000000005,4.5,0.0,0.5,0.0,0.0,0.4629221688066695,0.5370778311933304
C000401,0.0,0.0,0.0,0.0,0.0,0.0,0.0,0.0,0.0,0.0,0.0
C000402,1.0,398.32,133.0,398.32,4.0,0.0,0.0,0.0,0.0,1.0,0.0
C000403,5.0,1624.01,257.0,324.802,3.6,0.2,0.0,0.06917445089623832,0.1282196538198656,0.04066477423168576,0.7619411210522102
C000404,0.0,0.0,0.0,0.0,0.0,0.0,0.0,0.0,0.0,0.0,0.0
C000405,6.0,1329.52,23.0,221.58666666666667,3.5,0.0,0.0,0.0,0.38774144051988685,0.2597478789337505,0.3525106805463626
C000406,1.0,223.34,517.0,223.34,3.0,0.0,1.0,0.0,0.0,1.0,0.0
C000407,4.0,1949.14,231.0,487.285,3.75,0.0,0.25,0.0,0.7086202119909294,0.05853350708517603,0.23284628092389467
C000408,2.0,1365.67,58.0,682.835,4.0,0.5,1.0,1.0,0.0,0.0,0.0
C000409,10.0,6198.5,92.0,619.85,3.4,0.1,0.9,0.40686940388803744,0.08748729531338226,0.19238041461643945,0.3132628861821408
C000410,6.0,2190.72,85.0,365.11999999999995,4.833333333333333,0.16666666666666666,0.16666666666666666,0.0,0.19434249926964647,0.4219982471516213,0.38365925357873204
C000411,0.0,0.0,0.0,0.0,0.0,0.0,0.0,0.0,0.0,0.0,0.0
C000412,5.0,1803.51,30.0,360.702,3.2,0.2,1.0,0.38106248371231655,0.0,0.15006847757983044,0.468869038707853
C000413,3.0,1149.37,3.0,383.1233333333333,4.0,0.0,0.6666666666666666,0.7952530516717855,0.0,0.2047469483282146,0.0
C000414,1.0,285.43,401.0,285.43,3.0,0.0,0.0,0.0,0.0,0.0,1.0
C000415,11.0,2311.15,27.0,210.10454545454547,3.8181818181818183,0.09090909090909091,0.18181818181818182,0.17420764554442597,0.35516950435930167,0.15365943361529977,0.3169634164809727
C000416,5.0,1820.34,43.0,364.068,3.8,0.0,0.8,0.40452333080633285,0.0,0.0,0.5954766691936672
C000417,8.0,6456.04,27.0,807.005,3.25,0.0,0.875,0.1171770930787294,0.14099664810007376,0.6198768904777542,0.12194936834344274
C000418,7.0,4261.13,5.0,608.7328571428571,4.142857142857143,0.0,0.42857142857142855,0.16923445189421585,0.0,0.6226376571472825,0.20812789095850162
C000419,5.0,1937.23,18.0,387.446,3.4,0.0,1.0,0.4662740097974944,0.0,0.24929409517713436,0.28443189502537125
C000420,0.0,0.0,0.0,0.0,0.0,0.0,0.0,0.0,0.0,0.0,0.0
C000421,8.0,2286.47,66.0,285.80875,4.5,0.125,0.0,0.32273766985790325,0.4379283349442591,0.23933399519783774,0.0
C000422,2.0,320.34,150.0,160.17,4.0,0.0,1.0,0.2866641693200974,0.0,0.0,0.7133358306799026
C000423,8.0,1555.8600000000001,21.0,194.48250000000002,3.0,0.0,0.0,0.20904194464797607,0.21941562865553457,0.36205699741621994,0.20948542928026945
C000424,1.0,323.84,31.0,323.84,4.0,0.0,0.0,0.0,1.0,0.0,0.0
C000425,0.0,0.0,0.0,0.0,0.0,0.0,0.0,0.0,0.0,0.0,0.0
C000426,3.0,850.42,221.0,283.4733333333333,3.3333333333333335,0.0,0.3333333333333333,0.32309917452552855,0.0,0.264316455398509,0.4125843700759625
C000427,3.0,691.7,3.0,230.5666666666667,4.333333333333333,0.0,0.0,0.0,0.5888680063611392,0.0,0.41113199363886077
C000428,3.0,1197.01,120.0,399.00333333333333,3.6666666666666665,0.0,0.0,0.0,0.18664004477823912,0.0,0.813359955221761
C000429,5.0,2602.84,74.0,520.568,3.6,0.0,0.8,0.0,0.37131748397903824,0.08960596886477847,0.5390765471561833
C000430,3.0,675.03,123.0,225.01,3.6666666666666665,0.0,0.6666666666666666,0.14162333525917367,0.44993555841962585,0.0,0.4084411063212005
C000431,5.0,1325.17,6.0,265.034,3.8,0.0,0.0,0.6021567044228288,0.3601122874800969,0.03773100809707434,0.0
C000432,0.0,0.0,0.0,0.0,0.0,0.0,0.0,0.0,0.0,0.0,0.0
C000433,4.0,1471.29,26.0,367.8225,2.75,0.5,0.75,0.18589129267513543,0.0,0.26109740431865913,0.5530113030062055
C000434,5.0,1640.96,82.0,328.192,4.0,0.4,0.2,0.26995782956318254,0.7300421704368175,0.0,0.0
C000435,1.0,83.21,51.0,83.21,4.0,0.0,1.0,0.0,0.0,0.0,1.0
C000436,10.0,6545.46,68.0,654.546,3.9,0.2,0.2,0.22084620485038484,0.25760145199879,0.5045940239494245,0.016958319201400666
C000437,7.0,2391.9300000000003,81.0,341.70428571428573,3.2857142857142856,0.2857142857142857,0.7142857142857143,0.3505830020109284,0.0,0.17251759039771228,0.47689940759135924
C000438,8.0,3083.0299999999997,144.0,385.37874999999997,4.25,0.25,0.5,0.28117144497458674,0.23785042636626955,0.3293480764053545,0.1516300522537893
C000439,6.0,1536.1599999999999,44.0,256.02666666666664,3.5,0.0,0.16666666666666666,0.5546557650244766,0.06701124882824705,0.0,0.37833298614727634
C000440,0.0,0.0,0.0,0.0,0.0,0.0,0.0,0.0,0.0,0.0,0.0
C000441,3.0,289.36,94.0,96.45333333333333,4.0,0.6666666666666666,0.0,0.0,0.0,0.827204865910976,0.17279513408902406
C000442,3.0,2891.1800000000003,348.0,963.7266666666668,3.0,0.0,0.6666666666666666,0.07919257880865252,0.03382701872591813,0.0,0.8869804024654293
C000443,1.0,479.9,237.0,479.9,6.0,0.0,0.0,0.0,0.0,1.0,0.0
C000444,1.0,124.38,117.0,124.38,4.0,0.0,1.0,1.0,0.0,0.0,0.0
C000445,3.0,1843.63,326.0,614.5433333333334,3.6666666666666665,0.0,0.6666666666666666,0.0,0.0,0.28232345969635986,0.7176765403036401
C000446,2.0,354.13,121.0,177.065,4.5,0.0,0.0,0.0,0.0,0.7119701804422105,0.2880298195577895
C000447,7.0,1549.38,15.0,221.34,4.0,0.42857142857142855,0.14285714285714285,0.0,0.25970388155262103,0.6337760910815939,0.10652002736578503
C000448,2.0,551.05,414.0,275.525,3.0,0.0,0.0,1.0,0.0,0.0,0.0
C000449,6.0,3115.86,40.0,519.3100000000001,4.166666666666667,0.0,0.16666666666666666,0.2784656563516974,0.33679947109305297,0.15240736104959784,0.2323275115056517
C000450,5.0,2267.5299999999997,133.0,453.506,3.8,0.0,0.8,0.10249478507450838,0.07466714883595807,0.16002875375408482,0.6628093123354487
C000451,6.0,1439.78,36.0,239.96333333333334,3.3333333333333335,0.16666666666666666,1.0,0.18198613677089553,0.10876661712206032,0.18828571031685395,0.5209615357901901
C000452,7.0,1896.1,65.0,270.87142857142857,3.857142857142857,0.0,0.2857142857142857,0.0778545435367333,0.34115289277991667,0.0,0.58099256368335
C000453,6.0,2655.66,30.0,442.60999999999996,4.5,0.16666666666666666,0.16666666666666666,0.5041383309610417,0.038800147609257214,0.4570615214297011,0.0
C000454,2.0,482.28000000000003,127.0,241.14000000000001,5.0,0.0,0.0,0.0,0.6006054574106329,0.0,0.3993945425893672
C000455,4.0,1640.31,200.0,410.0775,3.5,0.0,0.0,0.48123830251598787,0.3542927861196969,0.0,0.16446891136431527
C000456,3.0,909.96,136.0,303.32,4.0,0.0,0.0,0.530155171655897,0.09191612818145853,0.0,0.37792870016264446
C000457,7.0,2611.11,81.0,373.0157142857143,3.5714285714285716,0.0,0.7142857142857143,0.03505788725867543,0.13749324999712764,0.32560481940630615,0.5018440433378908
C000458,3.0,1275.55,378.0,425.18333333333334,4.333333333333333,0.6666666666666666,0.3333333333333333,0.11520520559758533,0.32356238485359257,0.561232409548822,0.0
C000459,4.0,1484.33,267.0,371.0825,4.0,0.25,0.0,0.24074161406156314,0.3486219371703058,0.0,0.4106364487681311
C000460,5.0,1903.03,76.0,380.606,4.2,0.0,0.2,0.0,0.3233159750503145,0.030698412531594357,0.6459856124180912
C000461,7.0,3659.7799999999997,177.0,522.8257142857143,3.4285714285714284,0.14285714285714285,0.8571428571428571,0.7045888004196974,0.059066391968916165,0.0,0.2363448076113865
C000462,4.0,1736.3899999999999,89.0,434.09749999999997,3.0,0.25,1.0,0.5412666509251954,0.0,0.0,0.4587333490748046
C000463,0.0,0.0,0.0,0.0,0.0,0.0,0.0,0.0,0.0,0.0,0.0
C000464,4.0,685.64,61.0,171.41,3.75,0.25,0.0,0.20248235225482764,0.3175281488827957,0.10420920599731638,0.3757802928650604
C000465,0.0,0.0,0.0,0.0,0.0,0.0,0.0,0.0,0.0,0.0,0.0
C000466,6.0,2462.59,141.0,410.4316666666667,3.5,0.0,0.16666666666666666,0.43124921322672477,0.258585473018245,0.2626827851976984,0.04748252855733193
C000467,4.0,1465.52,286.0,366.38,4.5,0.0,0.75,0.768751023527485,0.11169414269337846,0.0,0.11955483377913642
C000468,8.0,2956.88,6.0,369.61,4.5,0.125,0.875,0.24118665620518923,0.071974513676578,0.33422052974757177,0.352618300370661
C000469,3.0,1120.08,102.0,373.35999999999996,3.0,0.3333333333333333,1.0,0.16983608313691878,0.7270462824083994,0.10311763445468182,0.0
C000470,0.0,0.0,0.0,0.0,0.0,0.0,0.0,0.0,0.0,0.0,0.0
C000471,6.0,1453.19,227.0,242.19833333333335,3.6666666666666665,0.0,0.16666666666666666,0.0,0.8227348110020024,0.04745422140256951,0.12981096759542798
C000472,5.0,2605.75,64.0,521.15,4.6,0.0,0.4,0.2046167130384726,0.663509546195913,0.1318737407656145,0.0
C000473,1.0,267.1,7.0,267.1,3.0,0.0,0.0,1.0,0.0,0.0,0.0
C000474,4.0,1630.92,60.0,407.73,4.25,0.0,1.0,0.0,0.29373605081794324,0.3819071444338165,0.32435680474824025
C000475,0.0,0.0,0.0,0.0,0.0,0.0,0.0,0.0,0.0,0.0,0.0
C000476,0.0,0.0,0.0,0.0,0.0,0.0,0.0,0.0,0.0,0.0,0.0
C000477,8.0,2719.08,33.0,339.885,4.625,0.0,0.375,0.0,0.8609676802447886,0.13903231975521133,0.0
C000478,3.0,1033.31,186.0,344.43666666666667,3.3333333333333335,0.0,0.3333333333333333,0.0,0.31138767649592086,0.15897455749000786,0.5296377660140713
C000479,1.0,623.56,220.0,623.56,4.0,0.0,0.0,1.0,0.0,0.0,0.0
C000480,2.0,533.78,190.0,266.89,5.0,0.0,0.0,0.0,0.6513919592341414,0.34860804076585866,0.0
C000481,4.0,919.79,77.0,229.9475,3.0,0.0,0.5,0.26745235325454725,0.7325476467454528,0.0,0.0
C000482,7.0,1745.87,147.0,249.41,3.2857142857142856,0.0,0.42857142857142855,0.22886583766259802,0.29567493570540765,0.42476243935688224,0.05069678727511213
C000483,7.0,2179.64,184.0,311.3771428571428,3.5714285714285716,0.2857142857142857,0.14285714285714285,0.7535005780771138,0.10013121432897176,0.04752619698665835,0.09884201060725625
C000484,3.0,434.59000000000003,219.0,144.86333333333334,3.0,0.0,0.0,0.22674244690397846,0.7732575530960215,0.0,0.0
C000485,0.0,0.0,0.0,0.0,0.0,0.0,0.0,0.0,0.0,0.0,0.0
C000486,6.0,2322.43,45.0,387.07166666666666,3.1666666666666665,0.0,0.6666666666666666,0.0,0.8418811331234956,0.15811886687650434,0.0
C000487,3.0,1695.3899999999999,41.0,565.13,3.6666666666666665,0.0,0.0,0.06680468800688928,0.6463409598971328,0.2868543520959779,0.0
C000488,7.0,5120.72,83.0,731.5314285714286,3.5714285714285716,0.2857142857142857,0.7142857142857143,0.27571122810854726,0.0,0.075813557468481,0.6484752144229717
C000489,5.0,1357.12,201.0,271.424,3.6,0.4,0.0,0.26150966753124266,0.3955582409809008,0.34293209148785664,0.0
C000490,3.0,457.47,148.0,152.49,4.0,0.3333333333333333,0.0,0.0,1.0,0.0,0.0
C000491,2.0,813.3699999999999,91.0,406.68499999999995,1.5,1.0,1.0,0.3189692267971526,0.0,0.0,0.6810307732028474
C000492,4.0,1820.37,107.0,455.0925,2.25,0.0,0.75,0.0,0.31472173239506257,0.0,0.6852782676049375
C000493,0.0,0.0,0.0,0.0,0.0,0.0,0.0,0.0,0.0,0.0,0.0
C000494,0.0,0.0,0.0,0.0,0.0,0.0,0.0,0.0,0.0,0.0,0.0
C000495,7.0,1783.79,13.0,254.82714285714286,3.5714285714285716,0.14285714285714285,0.0,0.0,0.2467611097718902,0.5209525784985901,0.23228631172951975
C000496,6.0,2171.4900000000002,8.0,361.915,4.0,0.16666666666666666,1.0,0.10495097836048058,0.0,0.5031199775269515,0.39192904411256785
C000497,4.0,1744.04,1.0,436.01,2.5,0.0,0.5,0.0,0.8797447306254443,0.12025526937455562,0.0
C000498,6.0,1470.37,26.0,245.06166666666664,3.1666666666666665,0.0,0.16666666666666666,0.0,0.44198399042417896,0.5035331243156485,0.054482885260172614
C000499,5.0,1196.0099999999998,22.0,239.20199999999994,4.4,0.2,0.0,0.10331017299186462,0.4991011780837952,0.3975886489243401,0.0
C000500,4.0,1132.4,7.0,283.1,3.75,0.0,0.25,0.2116036736135641,0.0,0.37092016955139523,0.4174761568350406
C000501,5.0,1183.96,17.0,236.792,2.6,0.2,0.2,0.11785871144295414,0.20505760329740866,0.6770836852596371,0.0
C000502,3.0,1179.07,108.0,393.0233333333333,4.666666666666667,0.0,0.0,0.385676847006539,0.6143231529934609,0.0,0.0
C000503,6.0,2016.4699999999998,60.0,336.0783333333333,4.333333333333333,0.0,0.8333333333333334,0.07976810961730153,0.0,0.7383397719777631,0.18189211840493535
C000504,10.0,4161.06,13.0,416.10600000000005,3.6,0.0,0.4,0.24967195858747532,0.08565125232512869,0.5598044728987325,0.10487231618866345
C000505,9.0,1719.99,5.0,191.11,4.111111111111111,0.1111111111111111,0.8888888888888888,0.24990261571288208,0.22357106727364695,0.10473316705329683,0.42179314996017425
C000506,5.0,1974.15,32.0,394.83000000000004,3.2,0.2,1.0,0.27077982929362,0.0,0.11215459818149583,0.6170655725248841
C000507,3.0,1200.06,258.0,400.02,5.0,0.3333333333333333,0.3333333333333333,0.0,0.7175724547105978,0.1288852224055464,0.1535423228838558
C000508,5.0,1466.96,67.0,293.392,4.4,0.0,0.4,0.0,0.27996673392594207,0.7200332660740579,0.0
C000509,5.0,4617.26,123.0,923.452,3.6,0.2,0.8,0.01817744723060863,0.1778045854034644,0.20500903133026946,0.5990089360356574
C000510,9.0,1360.77,15.0,151.19666666666666,3.5555555555555554,0.2222222222222222,0.0,0.0,0.737619142103368,0.18733511173820705,0.07504574615842502
C000511,4.0,4360.08,162.0,1090.02,5.0,0.5,0.5,0.5813494247811967,0.41865057521880333,0.0,0.0
C000512,4.0,959.0899999999999,85.0,239.77249999999998,4.75,0.0,0.0,0.5187938566766415,0.48120614332335865,0.0,0.0
C000513,4.0,835.81,72.0,208.9525,3.5,0.25,0.0,0.0,0.6246036778693722,0.11899833694260657,0.2563979851880212
C000514,4.0,1091.05,123.0,272.7625,3.0,0.0,0.5,0.0,0.0,0.0,1.0
C000515,3.0,802.41,47.0,267.46999999999997,2.3333333333333335,0.3333333333333333,0.3333333333333333,0.0,0.5027978215625428,0.4972021784374572,0.0
C000516,2.0,757.1800000000001,193.0,378.59000000000003,6.0,0.5,0.0,0.0,0.7716130906785704,0.2283869093214295,0.0
C000517,1.0,136.81,86.0,136.81,3.0,0.0,0.0,0.0,1.0,0.0,0.0
C000518,1.0,544.9,511.0,544.9,10.0,0.0,0.0,0.0,1.0,0.0,0.0
C000519,4.0,2573.2,169.0,643.3,2.25,0.0,0.5,0.16555650551842063,0.7467044924607492,0.08773900202083008,0.0
C000520,4.0,1510.34,44.0,377.585,3.25,0.25,1.0,0.5214984705430564,0.27890408782128523,0.19959744163565815,0.0
C000521,1.0,152.3,181.0,152.3,3.0,0.0,0.0,0.0,0.0,1.0,0.0
C000522,5.0,902.78,109.0,180.55599999999998,3.6,0.0,0.0,0.45560380159064223,0.0,0.06630629832295798,0.47808990008639984
C000523,3.0,1577.49,66.0,525.83,3.6666666666666665,0.0,1.0,0.0,0.0,0.48644999334385636,0.5135500066561436
C000524,5.0,1979.3899999999999,0.0,395.878,4.0,0.2,1.0,0.0,0.2157583902111257,0.0,0.7842416097888744
C000525,4.0,1095.29,446.0,273.8225,4.0,0.0,0.75,0.37501483625341236,0.0,0.6249851637465876,0.0
C000526,8.0,2312.7799999999997,91.0,289.09749999999997,3.25,0.375,0.5,0.709691367099335,0.15920666903034444,0.13110196387032058,0.0
C000527,2.0,501.64,22.0,250.82,4.5,0.5,0.0,0.0,0.6889004066661351,0.31109959333386494,0.0
C000528,1.0,73.76,285.0,73.76,1.0,0.0,0.0,0.0,1.0,0.0,0.0
C000529,4.0,1587.9199999999998,268.0,396.97999999999996,4.5,0.0,0.5,0.6129464960451408,0.31048163635447634,0.0765718676003829,0.0
C000530,2.0,377.9,66.0,188.95,3.5,0.0,0.0,0.0,0.0,1.0,0.0
C000531,5.0,819.34,2.0,163.868,4.0,0.2,0.2,0.5530793077354944,0.0,0.07523128371616179,0.37168940854834387
C000532,5.0,1008.07,107.0,201.614,4.0,0.0,0.0,0.0,0.2897219439126251,0.7102780560873749,0.0
C000533,8.0,2015.42,116.0,251.9275,3.125,0.25,0.375,0.0,0.6560171080965754,0.05915392325172916,0.2848289686516954
C000534,6.0,2194.33,7.0,365.72166666666664,3.0,0.16666666666666666,0.5,0.41609511787197,0.32994581489566294,0.25395906723236705,0.0
C000535,4.0,1422.17,256.0,355.5425,3.75,0.0,0.0,0.5239036120857563,0.11878326782311538,0.0,0.35731312009112837
C000536,3.0,528.41,14.0,176.13666666666666,4.666666666666667,0.0,0.0,0.0,0.21753941068488486,0.7824605893151152,0.0
C000537,6.0,4300.15,133.0,716.6916666666666,2.5,0.0,0.8333333333333334,0.3602316198272154,0.04061951327279281,0.467579037940537,0.1315698289594549
C000538,3.0,777.4300000000001,133.0,259.1433333333334,4.0,0.0,0.6666666666666666,0.0,0.2190936804599771,0.35145286392344005,0.4294534556165828
C000539,1.0,262.61,111.0,262.61,3.0,0.0,1.0,0.0,0.0,1.0,0.0
C000540,1.0,162.26,355.0,162.26,2.0,0.0,1.0,1.0,0.0,0.0,0.0
C000541,0.0,0.0,0.0,0.0,0.0,0.0,0.0,0.0,0.0,0.0,0.0
C000542,7.0,2714.38,102.0,387.7685714285714,3.5714285714285716,0.2857142857142857,0.7142857142857143,0.18877975817682124,0.16311275503061473,0.0,0.6481074867925639
C000543,4.0,1524.56,6.0,381.14,4.5,0.25,0.0,0.08193183607073516,0.21709214461877527,0.7009760193104895,0.0
C000544,1.0,217.73,405.0,217.73,5.0,0.0,0.0,0.0,1.0,0.0,0.0
C000545,3.0,504.68,13.0,168.22666666666666,4.333333333333333,0.0,0.3333333333333333,0.0,0.3489736070381232,0.0,0.6510263929618768
C000546,1.0,426.21,138.0,426.21,4.0,0.0,1.0,0.0,0.0,0.0,1.0
C000547,0.0,0.0,0.0,0.0,0.0,0.0,0.0,0.0,0.0,0.0,0.0
C000548,4.0,936.51,168.0,234.1275,2.75,0.5,0.75,0.6763302046961591,0.17968841763568996,0.0,0.14398137766815092
C000549,5.0,862.31,172.0,172.462,5.2,0.0,0.0,0.0,0.4663520079785692,0.5336479920214309,0.0
C000550,5.0,1442.9099999999999,238.0,288.582,3.4,0.2,0.6,0.30062166039461924,0.0,0.08321378325744502,0.6161645563479358
C000551,4.0,2123.78,78.0,530.945,4.75,0.25,0.5,0.5749512661386773,0.10851877313092695,0.31652996073039585,0.0
C000552,3.0,1037.23,86.0,345.74333333333334,5.0,0.0,0.0,0.8535233265524521,0.1464766734475478,0.0,0.0
C000553,0.0,0.0,0.0,0.0,0.0,0.0,0.0,0.0,0.0,0.0,0.0
C000554,5.0,1057.89,62.0,211.57800000000003,5.2,0.0,0.6,0.31961735152047943,0.44034824036525533,0.0,0.24003440811426519
C000555,6.0,2706.7799999999997,33.0,451.12999999999994,3.1666666666666665,0.0,0.5,0.13557437250164403,0.0,0.446755924013034,0.41766970348532206
C000556,4.0,483.31,12.0,120.8275,5.25,0.25,0.0,0.0,0.3658728352403219,0.29591773395957044,0.33820943080010757
C000557,2.0,1997.23,260.0,998.615,4.5,0.0,0.5,0.0,0.7685945033871913,0.23140549661280874,0.0
C000558,0.0,0.0,0.0,0.0,0.0,0.0,0.0,0.0,0.0,0.0,0.0
C000559,0.0,0.0,0.0,0.0,0.0,0.0,0.0,0.0,0.0,0.0,0.0
C000560,1.0,308.85,267.0,308.85,2.0,0.0,1.0,0.0,0.0,0.0,1.0
C000561,12.0,5402.57,15.0,450.21416666666664,4.583333333333333,0.0,0.6666666666666666,0.5846180614041095,0.2968938856877375,0.032999109682984216,0.08548894322516878
C000562,3.0,1179.38,91.0,393.1266666666667,4.666666666666667,0.3333333333333333,0.3333333333333333,0.6654259017449846,0.0,0.3345740982550153,0.0
C000563,5.0,1281.6200000000001,135.0,256.324,3.6,0.0,0.0,0.052691125294549085,0.7818230052589691,0.07135500382328615,0.09413086562319563
C000564,4.0,1076.82,50.0,269.205,3.5,0.25,0.75,0.27244107650303667,0.3777140097695065,0.0,0.34984491372745674
C000565,0.0,0.0,0.0,0.0,0.0,0.0,0.0,0.0,0.0,0.0,0.0
C000566,4.0,1400.3899999999999,2.0,350.09749999999997,2.75,0.5,1.0,0.20749933946971916,0.33203607566463633,0.0,0.4604645848656446
C000567,0.0,0.0,0.0,0.0,0.0,0.0,0.0,0.0,0.0,0.0,0.0
C000568,0.0,0.0,0.0,0.0,0.0,0.0,0.0,0.0,0.0,0.0,0.0
C000569,6.0,1413.71,46.0,235.61833333333334,4.5,0.0,0.6666666666666666,0.4483239136739501,0.049019954587574535,0.44146960833551435,0.061186523402961004
C000570,9.0,3591.52,17.0,399.0577777777778,4.0,0.2222222222222222,0.8888888888888888,0.6672550897670068,0.17804439346015058,0.09622388292422152,0.0584766338486212
C000571,2.0,1309.63,20.0,654.815,2.0,0.0,0.5,0.0,0.0,0.18306697311454379,0.8169330268854562
C000572,3.0,851.73,88.0,283.91,2.0,0.0,1.0,0.5993448628086365,0.0,0.4006551371913635,0.0
C000573,3.0,1986.7599999999998,230.0,662.2533333333332,3.0,0.0,0.6666666666666666,0.17621152026414869,0.10812579274799171,0.7156626869878596,0.0
C000574,10.0,3893.96,15.0,389.396,3.2,0.0,1.0,0.3476923234958757,0.14001684660345767,0.43445746746242897,0.07783336243823769
C000575,0.0,0.0,0.0,0.0,0.0,0.0,0.0,0.0,0.0,0.0,0.0
C000576,5.0,1198.34,135.0,239.66799999999998,3.0,0.0,0.2,0.7846938264599362,0.21530617354006376,0.0,0.0
C000577,2.0,413.53,80.0,206.765,5.0,0.0,1.0,0.0,0.0,1.0,0.0
C000578,0.0,0.0,0.0,0.0,0.0,0.0,0.0,0.0,0.0,0.0,0.0
C000579,7.0,3976.79,76.0,568.1128571428571,3.5714285714285716,0.14285714285714285,0.2857142857142857,0.0,0.2942725162756896,0.02736880750555096,0.6783586762187593
C000580,0.0,0.0,0.0,0.0,0.0,0.0,0.0,0.0,0.0,0.0,0.0
C000581,4.0,1314.8899999999999,181.0,328.72249999999997,3.25,0.25,0.25,0.7475454220505137,0.0,0.0,0.2524545779494862
C000582,9.0,1954.65,0.0,217.18333333333334,4.444444444444445,0.3333333333333333,0.1111111111111111,0.21768603074719262,0.5746808891617425,0.10593712429335175,0.10169595579771315
C000583,2.0,1184.21,285.0,592.105,2.5,0.0,0.0,0.1775023011121338,0.8224976988878662,0.0,0.0
C000584,7.0,1578.97,181.0,225.56714285714287,3.857142857142857,0.2857142857142857,0.0,0.0,0.31401483245406814,0.5491554621050432,0.13682970544088868
C000585,7.0,2726.23,1.0,389.4614285714286,3.7142857142857144,0.2857142857142857,1.0,0.18313935361286465,0.11046390069803354,0.15370676722066737,0.5526899784684344
C000586,4.0,759.65,4.0,189.9125,3.5,0.5,1.0,0.26079115382083856,0.0,0.0,0.7392088461791614
C000587,6.0,3801.44,88.0,633.5733333333334,3.6666666666666665,0.0,1.0,0.49966065490971845,0.2806673260659119,0.08317637526831938,0.13649564375605033
C000588,8.0,3893.4500000000003,72.0,486.68125000000003,3.0,0.125,0.875,0.17810168359681003,0.09794655125916603,0.17179365344360398,0.55215811170042
C000589,3.0,563.39,247.0,187.79666666666665,3.6666666666666665,0.0,0.3333333333333333,0.0,0.533573545856334,0.14031132962956389,0.32611512451410213
C000590,1.0,2188.27,430.0,2188.27,4.0,0.0,1.0,1.0,0.0,0.0,0.0
C000591,1.0,199.34,279.0,199.34,3.0,0.0,0.0,0.0,1.0,0.0,0.0
C000592,4.0,1559.1399999999999,224.0,389.78499999999997,3.75,0.0,0.25,0.43063483715381556,0.2634914119322191,0.0,0.3058737509139654
C000593,10.0,2514.2400000000002,9.0,251.42400000000004,3.9,0.1,0.4,0.3697538818887616,0.19736779305078275,0.10790934835178823,0.3249689767086674
C000594,6.0,2654.08,19.0,442.34666666666664,3.0,0.3333333333333333,0.8333333333333334,0.0,0.20133907041234628,0.05625678201109236,0.7424041475765615
C000595,2.0,282.58,181.0,141.29,4.0,0.0,0.5,1.0,0.0,0.0,0.0
C000596,2.0,1738.38,181.0,869.19,5.0,0.0,0.5,0.485791368975713,0.5142086310242869,0.0,0.0
C000597,3.0,825.8,138.0,275.26666666666665,4.0,0.0,0.3333333333333333,0.0,1.0,0.0,0.0
C000598,3.0,722.77,51.0,240.92333333333332,4.333333333333333,0.3333333333333333,0.3333333333333333,0.0,0.5096503728710379,0.0,0.49034962712896224
C000599,5.0,2328.54,50.0,465.70799999999997,3.8,0.4,0.8,0.1151751741434547,0.6308888831628403,0.25393594269370506,0.0
C000600,3.0,1788.21,67.0,596.07,3.6666666666666665,0.3333333333333333,0.0,0.36475581726978373,0.6352441827302162,0.0,0.0
C000601,6.0,1202.81,32.0,200.46833333333333,4.0,0.3333333333333333,0.5,0.3826290104006451,0.5110366558309292,0.10633433376842559,0.0
C000602,8.0,2199.24,19.0,274.905,3.25,0.25,1.0,0.2810743711463961,0.14030756079372875,0.2657781779160074,0.3128398901438679
C000603,3.0,404.6,128.0,134.86666666666667,4.666666666666667,0.0,0.3333333333333333,0.0,0.0,0.8183638161146811,0.1816361838853188
C000604,3.0,2503.45,198.0,834.4833333333332,4.0,0.0,1.0,0.14804369969442172,0.0,0.33820128223052187,0.5137550180750565
C000605,4.0,3609.7,74.0,902.425,3.0,0.0,0.5,0.823195833448763,0.17680416655123696,0.0,0.0
C000606,2.0,604.01,188.0,302.005,4.5,0.0,0.5,0.0,0.0,1.0,0.0
C000607,0.0,0.0,0.0,0.0,0.0,0.0,0.0,0.0,0.0,0.0,0.0
C000608,8.0,2895.85,32.0,361.98125,4.25,0.125,0.625,0.0,0.2753940984512319,0.11127648186197489,0.6133294196867931
C000609,3.0,834.28,139.0,278.0933333333333,5.0,0.0,0.6666666666666666,0.0,0.10791341036582443,0.0,0.8920865896341756
C000610,5.0,2219.7200000000003,190.0,443.9440000000001,3.4,0.2,0.8,0.11064909087632674,0.0,0.24447227578253108,0.644878633341142
C000611,3.0,350.58000000000004,144.0,116.86000000000001,4.0,0.3333333333333333,0.6666666666666666,0.0,0.0,0.5907068286838952,0.4092931713161047
C000612,8.0,4322.83,93.0,540.35375,3.25,0.375,0.875,0.11740919721571284,0.0,0.018390730146686313,0.8642000726376008
C000613,4.0,808.57,96.0,202.1425,3.5,0.0,1.0,0.6025328666658422,0.0,0.0,0.3974671333341578
C000614,7.0,1985.44,51.0,283.63428571428574,3.857142857142857,0.14285714285714285,0.14285714285714285,0.284501168506729,0.14901482794745752,0.14008481747119028,0.42639918607462324
C000615,0.0,0.0,0.0,0.0,0.0,0.0,0.0,0.0,0.0,0.0,0.0
C000616,6.0,2883.35,176.0,480.55833333333334,4.0,0.0,0.3333333333333333,0.0,0.1410442714203964,0.7988312206287825,0.0601245079508211
C000617,0.0,0.0,0.0,0.0,0.0,0.0,0.0,0.0,0.0,0.0,0.0
C000618,3.0,1664.74,60.0,554.9133333333333,2.0,0.0,0.3333333333333333,0.48478441077886036,0.21234547136489781,0.3028701178562418,0.0
C000619,7.0,1782.7,10.0,254.67142857142858,3.7142857142857144,0.14285714285714285,0.0,0.1968194311998654,0.6218208335670613,0.18135973523307344,0.0
C000620,4.0,1971.24,48.0,492.81,2.5,0.0,1.0,0.0477465960512165,0.0,0.4755027292465656,0.4767506747022179
C000621,5.0,2042.5,2.0,408.5,4.6,0.0,0.0,0.0,0.533219094247246,0.3792753977968176,0.08750550795593635
C000622,7.0,2318.6800000000003,41.0,331.24000000000007,3.7142857142857144,0.2857142857142857,0.5714285714285714,0.22646937050390742,0.38367519450721965,0.34169872513671573,0.04815670985215726
C000623,0.0,0.0,0.0,0.0,0.0,0.0,0.0,0.0,0.0,0.0,0.0
C000624,0.0,0.0,0.0,0.0,0.0,0.0,0.0,0.0,0.0,0.0,0.0
C000625,1.0,323.02,207.0,323.02,3.0,0.0,1.0,1.0,0.0,0.0,0.0
C000626,6.0,2566.16,14.0,427.6933333333333,3.6666666666666665,0.16666666666666666,0.5,0.04911618916981015,0.08010802132368987,0.0522726564204882,0.8185031330860117
C000627,6.0,2661.87,230.0,443.645,3.5,0.0,1.0,0.4764056847253998,0.0,0.43365378474531063,0.08994053052928956
C000628,5.0,2854.41,120.0,570.882,4.2,0.2,0.2,0.10718852582495156,0.4997074701952418,0.39310400397980666,0.0
C000629,0.0,0.0,0.0,0.0,0.0,0.0,0.0,0.0,0.0,0.0,0.0
C000630,4.0,1447.2399999999998,40.0,361.80999999999995,3.25,0.0,0.25,0.343958154832647,0.0,0.1212860341062989,0.5347558110610542
C000631,4.0,1774.71,86.0,443.6775,3.5,0.0,0.25,0.0,0.7667280851519404,0.23327191484805967,0.0
C000632,2.0,747.98,191.0,373.99,3.5,0.0,0.0,0.47164362683494204,0.0,0.0,0.5283563731650579
C000633,6.0,3107.2000000000003,35.0,517.8666666666667,2.8333333333333335,0.0,0.6666666666666666,0.7011296343975283,0.0,0.03379248197734294,0.26507788362512874
C000634,9.0,3147.16,245.0,349.6844444444444,4.444444444444445,0.0,0.2222222222222222,0.1825232908399954,0.5213398746806645,0.04811957447349356,0.24801726000584653
C000635,0.0,0.0,0.0,0.0,0.0,0.0,0.0,0.0,0.0,0.0,0.0
C000636,5.0,4398.09,22.0,879.618,4.6,0.0,0.6,0.59430570997865,0.07837947836447187,0.08554622574799517,0.2417685859088832
C000637,7.0,2079.27,13.0,297.0385714285714,2.7142857142857144,0.2857142857142857,0.2857142857142857,0.4906914445935352,0.14840785467976741,0.2108480380133412,0.15005266271335613
C000638,6.0,1910.3000000000002,57.0,318.3833333333334,3.3333333333333335,0.0,0.0,0.09930377427629168,0.15634717060147618,0.03866931895513794,0.7056797361670941
C000639,0.0,0.0,0.0,0.0,0.0,0.0,0.0,0.0,0.0,0.0,0.0
C000640,8.0,1760.59,18.0,220.07375,3.625,0.375,0.0,0.20634560005452715,0.5010025048421268,0.11709710949170449,0.17555478561164156
C000641,0.0,0.0,0.0,0.0,0.0,0.0,0.0,0.0,0.0,0.0,0.0
C000642,3.0,1320.49,25.0,440.16333333333336,3.0,0.3333333333333333,0.3333333333333333,0.0,0.2194715597997713,0.4980802580860135,0.2824481821142152
C000643,4.0,1185.44,135.0,296.36,5.0,0.0,0.5,0.5214182075853692,0.2817856660817924,0.0,0.1967961263328384
C000644,1.0,128.07,3.0,128.07,3.0,1.0,0.0,0.0,0.0,0.0,1.0
C000645,1.0,195.79,47.0,195.79,5.0,0.0,0.0,0.0,1.0,0.0,0.0
C000646,6.0,1692.73,46.0,282.12166666666667,3.1666666666666665,0.5,0.0,0.2867498065255534,0.0,0.029538083450993364,0.6837121100234532
C000647,2.0,661.73,122.0,330.865,4.5,0.0,0.0,0.0,1.0,0.0,0.0
C000648,1.0,361.15,232.0,361.15,1.0,0.0,1.0,0.0,0.0,1.0,0.0
C000649,1.0,327.11,126.0,327.11,4.0,0.0,1.0,1.0,0.0,0.0,0.0
C000650,6.0,2558.58,35.0,426.43,4.166666666666667,0.0,0.5,0.33934057172337784,0.1402223108130291,0.17409656919072297,0.3463405482728701
C000651,7.0,3536.7,154.0,505.24285714285713,4.714285714285714,0.0,0.5714285714285714,0.11175106737919531,0.4533435123137388,0.21075296180054853,0.22415245850651738
C000652,6.0,2696.17,93.0,449.3616666666667,4.0,0.16666666666666666,0.6666666666666666,0.025180162971919426,0.6559935018934266,0.31882633513465397,0.0
C000653,5.0,1666.1399999999999,204.0,333.22799999999995,3.4,0.0,0.0,0.3316888136651182,0.31801049131525566,0.3195409749480836,0.03075972007154261
C000654,4.0,1692.99,187.0,423.2475,3.75,0.0,0.0,0.3069126220473837,0.5183137525915689,0.17477362536104762,0.0
C000655,0.0,0.0,0.0,0.0,0.0,0.0,0.0,0.0,0.0,0.0,0.0
C000656,6.0,1714.49,145.0,285.74833333333333,4.5,0.16666666666666666,0.0,0.0,0.45668391183383983,0.0,0.5433160881661602
C000657,7.0,3139.3199999999997,117.0,448.47428571428566,3.142857142857143,0.14285714285714285,0.42857142857142855,0.520810239160073,0.18804709300103206,0.10679701336595186,0.1843456544729432
C000658,7.0,1959.28,6.0,279.89714285714285,3.7142857142857144,0.0,0.42857142857142855,0.6778153199134377,0.1410620227838798,0.18112265730268265,0.0
C000659,11.0,2233.75,46.0,203.0681818181818,3.3636363636363638,0.09090909090909091,0.0,0.028194739787353103,0.41400335758254053,0.1788069390039172,0.3789949636261891
C000660,4.0,1508.54,18.0,377.135,3.25,0.25,1.0,0.29017460591035044,0.13146486006337252,0.0,0.5783605340262771
C000661,7.0,5873.82,189.0,839.1171428571428,2.7142857142857144,0.14285714285714285,0.8571428571428571,0.8395933140613775,0.0,0.0,0.1604066859386226
C000662,5.0,2306.12,28.0,461.224,4.2,0.0,0.8,0.17991258043813851,0.4460305621563492,0.0,0.3740568574055123
C000663,5.0,1533.79,46.0,306.758,3.4,0.0,0.0,0.5389525293553876,0.13016123458882897,0.2714256840897385,0.0594605519660449
C000664,8.0,1202.18,1.0,150.2725,4.125,0.0,0.0,0.07411535710126603,0.4185812440732669,0.3985509657455622,0.10875243307990484
C000665,0.0,0.0,0.0,0.0,0.0,0.0,0.0,0.0,0.0,0.0,0.0
C000666,1.0,509.23,263.0,509.23,3.0,0.0,1.0,0.0,0.0,0.0,1.0
C000667,3.0,720.54,225.0,240.17999999999998,3.3333333333333335,0.0,1.0,0.29223915396785743,0.0,0.0,0.7077608460321426
C000668,7.0,1805.4,112.0,257.9142857142857,3.4285714285714284,0.0,0.14285714285714285,0.0,0.5553672316384181,0.10443115099147003,0.3402016173701119
C000669,6.0,3671.4,288.0,611.9,3.1666666666666665,0.0,0.6666666666666666,0.8313640573078389,0.0,0.14033066405186034,0.0283052786403007
C000670,7.0,1310.37,175.0,187.19571428571427,3.2857142857142856,0.0,0.14285714285714285,0.43145829040652645,0.21125331013377907,0.17080671871303527,0.18648168074665936
C000671,4.0,1224.58,102.0,306.145,3.75,0.0,0.75,0.07391105521893221,0.0,0.1611899590063532,0.7648989857747147
C000672,6.0,1814.1799999999998,8.0,302.3633333333333,3.0,0.0,0.16666666666666666,0.3075714647940116,0.6924285352059883,0.0,0.0
C000673,3.0,1011.02,135.0,337.00666666666666,3.3333333333333335,0.3333333333333333,1.0,0.6888093212794999,0.0,0.07346046566833495,0.23773021305216513
C000674,0.0,0.0,0.0,0.0,0.0,0.0,0.0,0.0,0.0,0.0,0.0
C000675,5.0,1348.94,55.0,269.788,3.6,0.2,1.0,0.6202129079128798,0.16238676293978976,0.21740032914733048,0.0
C000676,4.0,1323.84,223.0,330.96,2.75,0.0,0.5,0.1358623398598018,0.15276015228426396,0.5034822939328015,0.20789521392313273
C000677,0.0,0.0,0.0,0.0,0.0,0.0,0.0,0.0,0.0,0.0,0.0
C000678,4.0,1615.19,74.0,403.7975,3.75,0.25,1.0,0.38380004829153225,0.4619146973421084,0.0,0.15428525436635937
C000679,8.0,2123.25,28.0,265.40625,3.0,0.25,0.0,0.12569881078535264,0.5477357824090427,0.0,0.32656540680560464
C000680,9.0,2416.11,51.0,268.4566666666667,5.333333333333333,0.0,0.3333333333333333,0.5431458004809384,0.0756670846939916,0.28387366469241887,0.09731345013265126
C000681,2.0,352.46,287.0,176.23,4.5,0.0,0.0,0.1437893661692107,0.0,0.8562106338307893,0.0
C000682,8.0,3480.67,110.0,435.08375,2.5,0.25,0.125,0.0,0.6247676453096674,0.019191707343701066,0.35604064734663154
C000683,6.0,2069.54,57.0,344.92333333333335,3.3333333333333335,0.16666666666666666,0.8333333333333334,0.3315036191617461,0.0,0.16264967094136862,0.5058467098968854
C000684,0.0,0.0,0.0,0.0,0.0,0.0,0.0,0.0,0.0,0.0,0.0
C000685,7.0,1921.76,16.0,274.53714285714284,4.428571428571429,0.42857142857142855,0.8571428571428571,0.09543335275997003,0.04983973024727333,0.4795343851469486,0.375192531845808
C000686,9.0,5112.1900000000005,65.0,568.0211111111112,3.111111111111111,0.0,0.7777777777777778,0.15443870435175533,0.029629180449083466,0.6194683687421634,0.1964637464569979
C000687,8.0,2660.9900000000002,41.0,332.62375000000003,3.125,0.125,0.875,0.5686605361162576,0.0,0.14907985373864618,0.2822596101450964
C000688,7.0,2136.24,51.0,305.1771428571428,3.7142857142857144,0.0,0.5714285714285714,0.12450380107104071,0.4016121784069206,0.14776897726847174,0.32611504325356705
C000689,5.0,893.54,112.0,178.708,3.6,0.0,0.6,0.3168520715356895,0.4418156993531347,0.1253105624818139,0.11602166662936185
C000690,6.0,1073.73,1.0,178.955,4.666666666666667,0.0,0.0,0.38632617138386743,0.17288331330967746,0.440790515306455,0.0
C000691,8.0,1492.97,12.0,186.62125,3.625,0.125,0.375,0.04168201638345044,0.10520640066444739,0.318418990334702,0.5346925926174003
C000692,8.0,4247.75,137.0,530.96875,4.25,0.25,0.625,0.0217362132893885,0.6609240185980813,0.3173397681125302,0.0
C000693,3.0,2019.98,73.0,673.3266666666667,3.6666666666666665,0.0,0.6666666666666666,0.9752472796760364,0.0,0.024752720323963605,0.0
C000694,1.0,136.97,325.0,136.97,4.0,0.0,0.0,0.0,0.0,0.0,1.0
C000695,1.0,203.51,411.0,203.51,4.0,0.0,1.0,1.0,0.0,0.0,0.0
C000696,3.0,1401.4499999999998,43.0,467.1499999999999,4.0,0.0,0.6666666666666666,0.5146526811516643,0.3798993899175853,0.10544792893075029,0.0
C000697,1.0,67.19,265.0,67.19,3.0,0.0,1.0,0.0,0.0,1.0,0.0
C000698,7.0,3746.7999999999997,41.0,535.2571428571429,4.714285714285714,0.2857142857142857,0.5714285714285714,0.6901355823636169,0.1958044197715384,0.0,0.11405999786484468
C000699,4.0,1798.61,112.0,449.6525,3.75,0.0,1.0,0.288700718888475,0.10207326769004953,0.0,0.6092260134214754
C000700,5.0,1461.0700000000002,43.0,292.21400000000006,4.2,0.0,0.8,0.5439985763857995,0.0,0.19775917649393937,0.25824224712026117
C000701,3.0,1168.22,397.0,389.4066666666667,2.6666666666666665,0.0,0.3333333333333333,0.0,0.20425091164335485,0.36149869031518034,0.4342503980414648
C000702,2.0,643.97,121.0,321.985,2.5,0.0,1.0,0.0,0.0,1.0,0.0
C000703,3.0,632.45,17.0,210.8166666666667,5.333333333333333,0.0,1.0,0.10630089335125306,0.7634595620207131,0.13023954462803383,0.0
C000704,4.0,1608.31,114.0,402.0775,3.25,0.25,0.5,0.43880843867164915,0.0,0.0,0.5611915613283509
C000705,4.0,1335.1299999999999,20.0,333.78249999999997,5.25,0.25,0.25,0.40071753312411523,0.15636679574273665,0.44291567113314806,0.0
C000706,4.0,1615.45,172.0,403.8625,3.0,0.0,1.0,0.891312018323068,0.10868798167693214,0.0,0.0
C000707,6.0,3617.98,63.0,602.9966666666667,3.1666666666666665,0.3333333333333333,1.0,0.6716261560318189,0.10943952150094806,0.21893432246723313,0.0
C000708,8.0,4293.65,85.0,536.70625,2.75,0.0,0.625,0.13241647549287902,0.16794801625656494,0.21039209064548814,0.48924341760506795
C000709,4.0,1004.14,111.0,251.035,3.5,0.25,0.5,0.6209094349393511,0.10011552173999642,0.0,0.2789750433206525
C000710,7.0,1697.48,20.0,242.49714285714285,3.7142857142857144,0.14285714285714285,0.0,0.0,0.9050062445507459,0.0,0.09499375544925419
C000711,1.0,152.1,171.0,152.1,6.0,1.0,0.0,0.0,1.0,0.0,0.0
C000712,1.0,357.43,535.0,357.43,6.0,1.0,0.0,0.0,1.0,0.0,0.0
C000713,6.0,1397.4,113.0,232.9,3.1666666666666665,0.16666666666666666,0.16666666666666666,0.057692858165163875,0.42244883354801777,0.0,0.5198583082868183
C000714,3.0,1119.62,154.0,373.20666666666665,3.0,0.0,0.0,0.0,0.1817848913024062,0.7422696986477555,0.07594541004983835
C000715,5.0,797.6600000000001,9.0,159.532,3.4,0.0,0.8,0.564062382468721,0.0,0.0,0.43593761753127896
C000716,3.0,1698.61,139.0,566.2033333333333,4.0,0.0,0.0,0.42409381788638945,0.5759061821136106,0.0,0.0
C000717,7.0,2929.2,261.0,418.45714285714286,2.857142857142857,0.14285714285714285,0.42857142857142855,0.2639901679639492,0.26209203878192,0.25548613956028954,0.21843165369384135
C000718,5.0,1523.58,28.0,304.716,3.4,0.0,0.0,0.08519408235865528,0.3946756980270153,0.1843683954895706,0.33576182412475875
C000719,0.0,0.0,0.0,0.0,0.0,0.0,0.0,0.0,0.0,0.0,0.0
C000720,4.0,1418.8400000000001,32.0,354.71000000000004,3.5,0.25,0.5,0.0,0.3501804290829128,0.6063826788080403,0.043436892109046825
C000721,5.0,790.6800000000001,62.0,158.13600000000002,4.4,0.6,0.0,0.18503060656649972,0.3426164820154803,0.0,0.47235291141801994
C000722,7.0,2279.38,48.0,325.6257142857143,3.7142857142857144,0.2857142857142857,0.7142857142857143,0.5557871000008774,0.0,0.2561924733918873,0.18802042660723528
C000723,6.0,2181.17,267.0,363.52833333333336,4.666666666666667,0.16666666666666666,0.8333333333333334,0.0,0.20971313561070432,0.14222183507016875,0.6480650293191269
C000724,6.0,2638.42,19.0,439.7366666666667,3.3333333333333335,0.16666666666666666,0.6666666666666666,0.7253015062044709,0.0,0.08445205842890822,0.19024643536662095
C000725,1.0,1071.22,125.0,1071.22,2.0,1.0,1.0,1.0,0.0,0.0,0.0
C000726,3.0,1198.19,134.0,399.3966666666667,3.6666666666666665,0.0,0.0,0.15472504360744121,0.8452749563925587,0.0,0.0
C000727,0.0,0.0,0.0,0.0,0.0,0.0,0.0,0.0,0.0,0.0,0.0
C000728,3.0,615.02,383.0,205.00666666666666,4.0,0.0,0.0,0.0,0.0,1.0,0.0
C000729,3.0,608.31,119.0,202.76999999999998,4.333333333333333,0.0,0.0,0.0,0.6929197284279397,0.0,0.30708027157206036
C000730,10.0,2393.83,185.0,239.38299999999998,3.8,0.0,0.2,0.2703199475317796,0.5491450938454276,0.038498974446807,0.14203598417598576
C000731,1.0,392.12,104.0,392.12,4.0,0.0,0.0,1.0,0.0,0.0,0.0
C000732,4.0,698.1800000000001,57.0,174.54500000000002,5.25,0.25,0.25,0.23605660431407371,0.7639433956859262,0.0,0.0
C000733,7.0,2137.45,143.0,305.34999999999997,3.857142857142857,0.14285714285714285,0.0,0.0,0.736396173009895,0.0,0.26360382699010504
C000734,4.0,1111.13,48.0,277.7825,3.75,0.25,0.0,0.0,0.8038393347313096,0.04499923501300478,0.15116143025568568
C000735,8.0,1251.64,208.0,156.455,3.625,0.375,0.0,0.04544437697740565,0.3760506215844812,0.5785050014381132,0.0
C000736,6.0,3597.24,69.0,599.54,3.8333333333333335,0.0,0.8333333333333334,0.888564566167395,0.11143543383260501,0.0,0.0
C000737,3.0,1047.86,320.0,349.28666666666663,3.3333333333333335,0.0,0.0,0.0,0.7539747676216288,0.04771629797873762,0.19830893439963357
C000738,9.0,5115.88,51.0,568.4311111111111,4.0,0.2222222222222222,0.1111111111111111,0.817851474233172,0.016470284682205214,0.13119932445639848,0.03447891662822427
C000739,6.0,1293.59,29.0,215.59833333333333,2.8333333333333335,0.16666666666666666,1.0,0.5830208953377809,0.0,0.12287509952921712,0.2941040051330019
C000740,2.0,602.98,239.0,301.49,3.5,0.0,0.0,0.7172874722213008,0.2827125277786991,0.0,0.0
C000741,5.0,1041.32,283.0,208.26399999999998,2.8,0.0,0.0,0.14606461030230858,0.711779280144432,0.1421561095532593,0.0
C000742,2.0,740.6,336.0,370.3,5.5,0.0,0.0,0.0,1.0,0.0,0.0
C000743,5.0,1903.69,75.0,380.738,4.0,0.2,0.4,0.17466079035977497,0.0,0.5360956878483366,0.2892435217918884
C000744,3.0,1301.0,192.0,433.6666666666667,4.0,0.0,0.0,0.0,0.0,0.34627209838585704,0.653727901614143
C000745,2.0,758.25,268.0,379.125,3.5,0.0,0.0,0.0,0.06594131223211341,0.9340586877678866,0.0
C000746,4.0,766.46,186.0,191.615,4.5,0.0,0.75,0.0,0.721929389661561,0.2780706103384391,0.0
C000747,6.0,2141.04,23.0,356.84,3.8333333333333335,0.0,0.8333333333333334,0.5755660800358704,0.1833968538654112,0.0,0.24103706609871842
C000748,6.0,2192.94,12.0,365.49,4.166666666666667,0.0,0.0,0.3146597718131823,0.16347460486835025,0.49600536266382117,0.025860260654646274
C000749,2.0,579.01,124.0,289.505,3.5,0.0,1.0,1.0,0.0,0.0,0.0
C000750,3.0,1263.83,81.0,421.27666666666664,3.3333333333333335,0.3333333333333333,0.0,0.5967574752933544,0.0,0.2200216801310303,0.1832208445756154
C000751,8.0,1433.56,43.0,179.195,3.75,0.125,0.125,0.1712450124166411,0.6421217109852395,0.18663327659811937,0.0
C000752,4.0,1205.15,61.0,301.2875,3.5,0.0,0.25,0.4719744430153922,0.0848359125420072,0.3135709247811475,0.12961871966145294
C000753,3.0,866.79,298.0,288.93,4.333333333333333,0.3333333333333333,0.3333333333333333,0.0,1.0,0.0,0.0
C000754,8.0,2213.08,28.0,276.635,3.25,0.0,0.0,0.4137627198293781,0.29303504617998444,0.1458148824263018,0.1473873515643357
C000755,3.0,751.13,261.0,250.37666666666667,3.0,0.3333333333333333,0.0,0.522599283745823,0.39276822920133664,0.08463248705284039,0.0
C000756,3.0,1294.4,209.0,431.4666666666667,4.0,0.3333333333333333,0.3333333333333333,0.0,0.0,0.8619437577255871,0.13805624227441285
C000757,6.0,1220.86,1.0,203.47666666666666,3.6666666666666665,0.0,0.5,0.48080861032387,0.0,0.4511000442311157,0.06809134544501416
C000758,6.0,1631.33,3.0,271.8883333333333,4.666666666666667,0.0,0.3333333333333333,0.0,0.5706325513538033,0.3482618476948257,0.08110560095137097
C000759,6.0,2762.94,139.0,460.49,3.5,0.16666666666666666,0.3333333333333333,0.17415868603733706,0.2967853084033675,0.47695570660238734,0.05210029895690822
C000760,1.0,340.08,122.0,340.08,4.0,0.0,1.0,1.0,0.0,0.0,0.0
C000761,5.0,1710.49,35.0,342.098,2.8,0.0,0.2,0.0,0.18770644669071432,0.07052949739548316,0.7417640559138025
C000762,8.0,1543.33,8.0,192.91625,4.0,0.0,0.0,0.10026371547238765,0.3084304717720773,0.08799155073769059,0.5033142620178446
C000763,6.0,2070.29,40.0,345.04833333333335,2.6666666666666665,0.0,0.3333333333333333,0.0,0.3057880779987345,0.54707311536065,0.14713880664061557
C000764,8.0,1325.97,77.0,165.74625,4.875,0.5,0.0,0.0,0.5905186391848986,0.3685528330203549,0.04092852779474649
C000765,3.0,551.4300000000001,189.0,183.81000000000003,3.0,0.0,0.0,0.0,0.6945940554558149,0.0,0.3054059445441851
C000766,5.0,1497.61,52.0,299.522,3.6,0.4,0.2,0.03679195518192319,0.5575283284700289,0.40567971634804784,0.0
C000767,1.0,247.9,57.0,247.9,1.0,0.0,1.0,1.0,0.0,0.0,0.0
C000768,2.0,259.69,35.0,129.845,5.5,0.5,0.0,0.0,0.7968731949632254,0.2031268050367746,0.0
C000769,8.0,2762.23,10.0,345.27875,4.0,0.5,0.875,0.5512647389971147,0.07846558758684108,0.16176060646651438,0.20850906694952995
C000770,5.0,2778.7200000000003,95.0,555.744,3.6,0.2,0.8,0.06475283583808372,0.3253836298727471,0.08422583059826105,0.525637703690908
C000771,2.0,757.24,286.0,378.62,5.0,0.5,0.0,0.0,0.0,0.591384501611114,0.40861549838888594
C000772,1.0,98.32,70.0,98.32,7.0,0.0,1.0,0.0,1.0,0.0,0.0
C000773,4.0,1374.1599999999999,134.0,343.53999999999996,3.5,0.0,0.75,0.8770667171217326,0.0,0.0,0.12293328287826745
C000774,3.0,986.14,84.0,328.7133333333333,5.0,0.3333333333333333,0.6666666666666666,0.0,0.5065305129089176,0.0,0.4934694870910824
C000775,10.0,2962.24,17.0,296.224,3.4,0.2,0.9,0.2136390029167117,0.2695527708760938,0.0,0.5168082262071946
C000776,4.0,1840.78,93.0,460.195,5.0,0.0,0.0,0.0,0.8448266495724638,0.15517335042753613,0.0
C000777,4.0,1773.77,9.0,443.4425,4.25,0.0,0.25,0.646104060842161,0.35389593915783896,0.0,0.0
C000778,2.0,1569.94,90.0,784.97,1.0,0.0,0.5,1.0,0.0,0.0,0.0
C000779,0.0,0.0,0.0,0.0,0.0,0.0,0.0,0.0,0.0,0.0,0.0
C000780,4.0,504.89,33.0,126.2225,3.5,0.25,0.0,0.24514250628849849,0.7548574937115016,0.0,0.0
C000781,4.0,1838.6100000000001,40.0,459.65250000000003,3.75,0.0,0.75,0.3462180669092412,0.0,0.07238620479601438,0.5813957282947444
C000782,1.0,228.6,540.0,228.6,7.0,0.0,0.0,0.0,0.0,1.0,0.0
C000783,0.0,0.0,0.0,0.0,0.0,0.0,0.0,0.0,0.0,0.0,0.0
C000784,0.0,0.0,0.0,0.0,0.0,0.0,0.0,0.0,0.0,0.0,0.0
C000785,0.0,0.0,0.0,0.0,0.0,0.0,0.0,0.0,0.0,0.0,0.0
C000786,2.0,334.06,172.0,167.03,2.5,0.5,0.5,1.0,0.0,0.0,0.0
C000787,2.0,394.80999999999995,14.0,197.40499999999997,3.0,0.0,0.0,0.0,0.8294116157138878,0.0,0.1705883842861123
C000788,10.0,4806.24,2.0,480.62399999999997,3.6,0.3,0.1,0.18303080994706883,0.2032940510669463,0.6136751389859849,0.0
C000789,7.0,1284.87,84.0,183.55285714285714,3.2857142857142856,0.2857142857142857,0.7142857142857143,0.6749087456318539,0.07394522403044668,0.18653248966821548,0.06461354066948408
C000790,5.0,1913.43,94.0,382.68600000000004,3.2,0.2,0.8,0.4941022143480557,0.0,0.22595025686855544,0.279947528783389
C000791,6.0,1839.88,70.0,306.6466666666667,3.1666666666666665,0.0,0.5,0.08049438006826531,0.35963758505989524,0.5598680348718393,0.0
C000792,6.0,1688.58,16.0,281.43,3.1666666666666665,0.0,0.5,0.6438309111798077,0.15552120716815312,0.05738549550509896,0.14326238614694
C000793,5.0,1861.5800000000002,141.0,372.31600000000003,4.4,0.0,1.0,0.0,0.0,0.27321952320072196,0.726780476799278
C000794,4.0,2518.77,301.0,629.6925,3.25,0.25,0.5,0.2443136927944989,0.7556863072055011,0.0,0.0
C000795,2.0,899.3199999999999,118.0,449.65999999999997,5.5,0.0,0.0,0.0,0.680002668683005,0.31999733131699504,0.0
C000796,0.0,0.0,0.0,0.0,0.0,0.0,0.0,0.0,0.0,0.0,0.0
C000797,4.0,1103.9699999999998,180.0,275.99249999999995,3.5,0.25,0.75,0.30403000081523956,0.0,0.0,0.6959699991847605
C000798,5.0,2787.0,87.0,557.4,4.4,0.2,0.8,0.21107642626480086,0.0,0.5228238249013275,0.26609974883387155
C000799,4.0,1985.65,30.0,496.4125,4.25,0.25,0.5,0.0,1.0,0.0,0.0
C000800,7.0,3179.95,7.0,454.2785714285714,3.2857142857142856,0.0,0.7142857142857143,0.06641613861853174,0.44538121668579694,0.0,0.4882026446956714
C000801,2.0,701.75,173.0,350.875,4.0,0.5,0.5,0.0,0.0,0.0,1.0
C000802,1.0,371.32,103.0,371.32,2.0,0.0,1.0,0.0,1.0,0.0,0.0
C000803,1.0,74.0,469.0,74.0,3.0,0.0,0.0,0.0,0.0,0.0,1.0
C000804,3.0,675.8100000000001,359.0,225.27,3.3333333333333335,0.0,0.3333333333333333,0.3012533108418046,0.0,0.0,0.6987466891581954
C000805,0.0,0.0,0.0,0.0,0.0,0.0,0.0,0.0,0.0,0.0,0.0
C000806,7.0,5746.36,78.0,820.9085714285713,3.5714285714285716,0.14285714285714285,0.42857142857142855,0.13479489624736357,0.4820599475146006,0.03427735122755971,0.3488678050104762
C000807,8.0,3569.03,111.0,446.12875,3.375,0.0,0.75,0.15726682039657833,0.20373883099889883,0.22341084272197206,0.4155835058825507
C000808,2.0,370.88,167.0,185.44,3.5,0.5,1.0,0.0,0.6022972389991372,0.0,0.3977027610008628
C000809,11.0,2313.22,2.0,210.29272727272726,3.5454545454545454,0.0,0.0,0.26014819169815234,0.25734690172140995,0.2085534449814544,0.2739514615989832
C000810,2.0,1073.43,103.0,536.715,3.5,0.0,1.0,0.0745926609094212,0.9254073390905787,0.0,0.0
C000811,5.0,1361.0,190.0,272.2,5.0,0.2,0.6,0.15434239529757532,0.0,0.3687582659808964,0.47689933872152834
C000812,2.0,1223.17,207.0,611.585,2.5,0.0,0.0,0.0,0.870312385032334,0.0,0.12968761496766598
C000813,1.0,224.3,206.0,224.3,1.0,1.0,1.0,0.0,0.0,1.0,0.0
C000814,2.0,188.69,33.0,94.345,3.5,0.5,0.0,0.0,0.3835391382691187,0.6164608617308813,0.0
C000815,3.0,491.46,477.0,163.82,3.6666666666666665,0.0,0.3333333333333333,0.7694013754934278,0.0,0.23059862450657226,0.0
C000816,7.0,1934.33,9.0,276.3328571428571,4.571428571428571,0.0,0.7142857142857143,0.0,0.29396225049500346,0.3482756303216101,0.3577621191833865
C000817,7.0,3140.79,57.0,448.6842857142857,3.857142857142857,0.14285714285714285,1.0,0.0965712448142028,0.11021749305111135,0.1171456862763827,0.6760655758583032
C000818,6.0,3134.54,108.0,522.4233333333333,4.5,0.3333333333333333,0.3333333333333333,0.03123903347859654,0.0,0.15103651572479534,0.8177244507966082
C000819,0.0,0.0,0.0,0.0,0.0,0.0,0.0,0.0,0.0,0.0,0.0
C000820,1.0,1294.55,293.0,1294.55,5.0,0.0,0.0,0.0,1.0,0.0,0.0
C000821,3.0,2330.94,263.0,776.98,3.3333333333333335,0.3333333333333333,1.0,1.0,0.0,0.0,0.0
C000822,4.0,2574.8999999999996,138.0,643.7249999999999,3.5,0.0,0.25,0.3321449376674822,0.32662627674861155,0.3412287855839062,0.0
C000823,2.0,1736.73,360.0,868.365,3.5,0.5,0.5,0.0,0.0,0.28192637888445526,0.7180736211155446
C000824,0.0,0.0,0.0,0.0,0.0,0.0,0.0,0.0,0.0,0.0,0.0
C000825,7.0,3113.93,9.0,444.84714285714284,4.142857142857143,0.2857142857142857,0.7142857142857143,0.40122931472448004,0.20604830551746503,0.31683435401566507,0.07588802574238984
C000826,4.0,1814.97,115.0,453.7425,3.25,0.0,0.25,0.05330666622588803,0.0,0.0,0.946693333774112
C000827,0.0,0.0,0.0,0.0,0.0,0.0,0.0,0.0,0.0,0.0,0.0
C000828,6.0,2787.81,72.0,464.635,3.1666666666666665,0.3333333333333333,0.6666666666666666,0.5827800316377372,0.0,0.3215570645058307,0.09566290385643211
C000829,0.0,0.0,0.0,0.0,0.0,0.0,0.0,0.0,0.0,0.0,0.0
C000830,0.0,0.0,0.0,0.0,0.0,0.0,0.0,0.0,0.0,0.0,0.0
C000831,8.0,2359.45,95.0,294.93125,3.375,0.125,0.875,0.4561062959588039,0.2084892665663608,0.06779969908241326,0.26760473839242194
C000832,0.0,0.0,0.0,0.0,0.0,0.0,0.0,0.0,0.0,0.0,0.0
C000833,1.0,541.94,113.0,541.94,5.0,0.0,0.0,0.0,1.0,0.0,0.0
C000834,5.0,1936.04,46.0,387.20799999999997,2.2,0.0,0.4,0.2795396789322535,0.0,0.0,0.7204603210677465
C000835,7.0,5330.79,19.0,761.5414285714286,3.2857142857142856,0.14285714285714285,1.0,0.0,0.0,0.0,1.0
C000836,4.0,2105.6200000000003,125.0,526.4050000000001,3.25,0.25,0.25,0.13043189179434087,0.18208888593383424,0.0,0.687479222271825
C000837,3.0,1122.0900000000001,233.0,374.03000000000003,3.3333333333333335,0.0,0.3333333333333333,0.06077943836947125,0.9392205616305287,0.0,0.0
C000838,5.0,2923.15,151.0,584.63,3.4,0.0,0.8,0.20451909754887707,0.15078254622581802,0.10670338504695277,0.5379949711783522
C000839,6.0,1115.01,10.0,185.835,2.1666666666666665,0.0,0.0,0.0,0.1136133308221451,0.30228428444587935,0.5841023847319755
C000840,4.0,3015.12,30.0,753.78,3.5,0.0,1.0,0.0,0.830099631192125,0.0,0.16990036880787499
C000841,5.0,1873.1,85.0,374.62,4.0,0.0,1.0,0.2189578773156799,0.0,0.0,0.7810421226843202
C000842,2.0,852.26,9.0,426.13,6.5,0.0,0.0,0.0,1.0,0.0,0.0
C000843,8.0,2128.65,28.0,266.08125,3.875,0.0,0.25,0.17450496793742515,0.40772320484814323,0.2713503863951331,0.14642144081929864
C000844,1.0,1013.04,61.0,1013.04,6.0,0.0,1.0,0.0,0.0,1.0,0.0
C000845,1.0,1388.31,150.0,1388.31,7.0,0.0,1.0,0.0,0.0,1.0,0.0
C000846,0.0,0.0,0.0,0.0,0.0,0.0,0.0,0.0,0.0,0.0,0.0
C000847,3.0,3109.15,76.0,1036.3833333333334,3.3333333333333335,0.3333333333333333,0.6666666666666666,0.5459498576781435,0.0,0.0,0.4540501423218565
C000848,6.0,1392.1100000000001,183.0,232.01833333333335,3.6666666666666665,0.16666666666666666,0.6666666666666666,0.4255123517538125,0.07992184525648116,0.0,0.49456580298970626
C000849,5.0,1521.96,14.0,304.392,2.8,0.2,0.6,0.084529159767668,0.0,0.1909182895739704,0.7245525506583615
C000850,2.0,517.67,19.0,258.835,5.5,0.0,1.0,0.0,0.27390036123399075,0.0,0.7260996387660092
C000851,4.0,1428.52,33.0,357.13,4.25,0.0,0.5,0.0,0.0,1.0,0.0
C000852,7.0,3474.2799999999997,5.0,496.32571428571424,2.7142857142857144,0.0,0.42857142857142855,0.03070564260796482,0.591328275210979,0.37796608218105626,0.0
C000853,5.0,1562.52,163.0,312.504,6.4,0.2,0.0,0.0,0.538489107339426,0.46151089266057393,0.0
C000854,2.0,499.65999999999997,305.0,249.82999999999998,5.5,0.5,1.0,0.0,0.0,1.0,0.0
C000855,4.0,3861.04,175.0,965.26,3.5,0.0,1.0,0.4433287404429895,0.0,0.0,0.5566712595570106
C000856,7.0,1380.99,2.0,197.28428571428572,4.285714285714286,0.14285714285714285,0.0,0.07462762221305005,0.5776290921730064,0.34774328561394363,0.0
C000857,7.0,2081.84,33.0,297.4057142857143,4.428571428571429,0.0,0.14285714285714285,0.3432204203973408,0.36351496752872453,0.0,0.29326461207393456
C000858,10.0,2380.4900000000002,27.0,238.04900000000004,3.5,0.0,0.1,0.08429356981125734,0.5941591857138656,0.23560695487063585,0.08594028960424115
C000859,6.0,2410.75,58.0,401.7916666666667,3.1666666666666665,0.0,0.8333333333333334,0.0,0.06976667012340558,0.5700051851083687,0.3602281447682257
C000860,2.0,609.14,77.0,304.57,3.5,0.0,1.0,0.2921495879436583,0.0,0.7078504120563418,0.0
C000861,1.0,427.0,15.0,427.0,4.0,0.0,1.0,0.0,0.0,0.0,1.0
C000862,8.0,2046.33,100.0,255.79125,3.875,0.125,0.0,0.09849828717753246,0.26652104010594585,0.40272585555604423,0.23225481716047755
C000863,7.0,4575.68,4.0,653.6685714285715,3.4285714285714284,0.14285714285714285,0.8571428571428571,0.4069930589551717,0.0,0.5930069410448282,0.0
C000864,3.0,1636.78,102.0,545.5933333333334,4.666666666666667,0.0,0.6666666666666666,0.0,0.0,0.5042033749190483,0.4957966250809516
C000865,6.0,1413.99,129.0,235.665,3.6666666666666665,0.0,0.16666666666666666,0.26003719969731043,0.5128183367633434,0.22714446353934611,0.0
C000866,2.0,890.52,112.0,445.26,3.5,0.0,1.0,0.6517652607465301,0.0,0.0,0.3482347392534699
C000867,6.0,575.98,7.0,95.99666666666667,3.5,0.16666666666666666,0.0,0.31461161845897423,0.5985798117990208,0.08680856974200493,0.0
C000868,9.0,4357.37,172.0,484.15222222222224,2.888888888888889,0.0,0.8888888888888888,0.15092360758898143,0.0678367914590682,0.04828141746053238,0.732958183491418
C000869,3.0,384.31,108.0,128.10333333333332,3.3333333333333335,0.0,0.3333333333333333,0.0,0.6213213291353334,0.0,0.37867867086466656
C000870,5.0,3417.7400000000002,173.0,683.548,3.6,0.0,0.6,0.0940416766635262,0.2328351483729014,0.0,0.6731231749635724
C000871,5.0,2500.6800000000003,0.0,500.1360000000001,2.6,0.4,1.0,0.0,0.5618391797431098,0.2347121582929443,0.2034486619639458
C000872,1.0,147.14,350.0,147.14,4.0,0.0,1.0,1.0,0.0,0.0,0.0
C000873,4.0,983.9300000000001,19.0,245.98250000000002,4.0,0.0,0.5,0.47050095027085265,0.2827640177654915,0.24673503196365595,0.0
C000874,6.0,3325.54,47.0,554.2566666666667,3.6666666666666665,0.16666666666666666,0.8333333333333334,0.16647822609260451,0.40260829820119437,0.0,0.4309134757062011
C000875,4.0,1223.02,223.0,305.755,4.0,0.0,0.25,0.0,1.0,0.0,0.0
C000876,8.0,2636.78,150.0,329.5975,4.0,0.375,0.25,0.17637800650793775,0.26291158155022415,0.5607104119418382,0.0
C000877,4.0,1813.3999999999999,101.0,453.34999999999997,4.75,0.25,0.0,0.0,0.4474247270320944,0.0,0.5525752729679057
C000878,0.0,0.0,0.0,0.0,0.0,0.0,0.0,0.0,0.0,0.0,0.0
C000879,7.0,4735.79,46.0,676.5414285714286,3.142857142857143,0.0,0.42857142857142855,0.061706705744976026,0.687431241672456,0.0,0.25086205258256805
C000880,3.0,1042.07,42.0,347.3566666666666,3.0,0.0,1.0,0.2951433205063,0.0,0.0,0.7048566794937001
C000881,6.0,4142.19,11.0,690.3649999999999,3.5,0.16666666666666666,0.8333333333333334,0.20860221283910205,0.0,0.7589970522839368,0.032400734876961226
C000882,7.0,2276.67,3.0,325.23857142857145,3.2857142857142856,0.0,0.5714285714285714,0.4123478589343207,0.0,0.4973711605107459,0.09028098055493329
C000883,3.0,378.02,16.0,126.00666666666666,3.3333333333333335,0.0,0.6666666666666666,0.0,0.5897571557060474,0.0,0.4102428442939527
C000884,0.0,0.0,0.0,0.0,0.0,0.0,0.0,0.0,0.0,0.0,0.0
C000885,0.0,0.0,0.0,0.0,0.0,0.0,0.0,0.0,0.0,0.0,0.0
C000886,3.0,563.72,420.0,187.90666666666667,5.0,0.3333333333333333,0.0,0.0,0.7680586106577734,0.0,0.23194138934222663
C000887,3.0,901.4000000000001,268.0,300.4666666666667,3.6666666666666665,0.0,0.3333333333333333,0.0,0.5777901042822277,0.4222098957177723,0.0
C000888,1.0,803.27,359.0,803.27,6.0,0.0,1.0,0.0,0.0,1.0,0.0
C000889,0.0,0.0,0.0,0.0,0.0,0.0,0.0,0.0,0.0,0.0,0.0
C000890,3.0,407.37,68.0,135.79,4.333333333333333,0.0,1.0,0.0,0.0,1.0,0.0
C000891,7.0,1552.13,34.0,221.73285714285717,4.142857142857143,0.42857142857142855,0.0,0.4958798554244812,0.2183579983635391,0.2857621462119797,0.0
C000892,7.0,1609.33,22.0,229.9042857142857,4.142857142857143,0.0,0.2857142857142857,0.16880316653514194,0.5147856561426184,0.24253571361995366,0.07387546370228605
C000893,0.0,0.0,0.0,0.0,0.0,0.0,0.0,0.0,0.0,0.0,0.0
C000894,3.0,540.1700000000001,83.0,180.0566666666667,4.0,0.0,0.0,0.3329692504211637,0.3784919562359997,0.2885387933428365,0.0
C000895,7.0,3646.79,24.0,520.97,3.857142857142857,0.0,0.14285714285714285,0.07429821843319741,0.23824514161769667,0.687456639949106,0.0
C000896,1.0,306.02,309.0,306.02,4.0,0.0,0.0,0.0,0.0,0.0,1.0
C000897,2.0,1129.0900000000001,120.0,564.5450000000001,3.0,0.0,0.5,0.0,0.0,0.47914692362876293,0.520853076371237
C000898,8.0,3104.94,15.0,388.1175,3.0,0.0,0.375,0.1585666711756105,0.5401006138604932,0.05539559540603039,0.24593711955786585
C000899,3.0,950.28,92.0,316.76,2.6666666666666665,0.0,0.3333333333333333,0.4731026644778381,0.0,0.526897335522162,0.0
C000900,2.0,550.82,6.0,275.41,2.0,0.0,1.0,0.0,0.0,1.0,0.0
C000901,6.0,1621.39,19.0,270.2316666666667,2.5,0.3333333333333333,0.0,0.21725186414126152,0.6145961181455418,0.0,0.1681520177131967
C000902,5.0,2224.16,77.0,444.832,3.4,0.0,0.6,0.6809312279692109,0.0,0.31906877203078915,0.0
C000903,2.0,187.29,5.0,93.645,3.5,0.0,0.0,0.0,0.42965454642532974,0.5703454535746703,0.0
C000904,10.0,3541.8900000000003,49.0,354.189,4.0,0.1,0.3,0.3324072740824814,0.0,0.3280790764252984,0.33951364949222024
C000905,3.0,2060.81,32.0,686.9366666666666,4.333333333333333,0.0,0.6666666666666666,0.5332223737268356,0.0,0.3139154021962238,0.1528622240769406
C000906,8.0,5861.26,30.0,732.6575,3.5,0.0,0.875,0.3323807508965649,0.0,0.15603129702487178,0.5115879520785632
C000907,2.0,349.8,394.0,174.9,2.0,0.0,1.0,0.4642652944539737,0.0,0.5357347055460263,0.0
C000908,0.0,0.0,0.0,0.0,0.0,0.0,0.0,0.0,0.0,0.0,0.0
C000909,0.0,0.0,0.0,0.0,0.0,0.0,0.0,0.0,0.0,0.0,0.0
C000910,6.0,2777.1400000000003,33.0,462.85666666666674,3.3333333333333335,0.0,1.0,0.7917461849240585,0.18366737002815844,0.024586445047782967,0.0
C000911,10.0,3069.85,11.0,306.985,2.9,0.1,0.0,0.3125853054709513,0.24665374529700146,0.32368356760102285,0.1170773816310243
C000912,1.0,328.05,300.0,328.05,4.0,0.0,0.0,0.0,0.0,0.0,1.0
C000913,2.0,301.21000000000004,315.0,150.60500000000002,2.5,0.5,0.0,0.0,1.0,0.0,0.0
C000914,3.0,713.35,285.0,237.78333333333333,4.0,0.0,0.6666666666666666,0.29142777037919676,0.0,0.5732249246512933,0.13534730496951008
C000915,3.0,829.3599999999999,378.0,276.4533333333333,2.0,0.0,0.6666666666666666,0.4159713514034919,0.0806766663451336,0.5033519822513746,0.0
C000916,2.0,581.35,130.0,290.675,3.0,0.0,0.5,0.0,1.0,0.0,0.0
C000917,8.0,2128.31,131.0,266.03875,4.125,0.125,0.5,0.44620849406336477,0.17347096992449404,0.0,0.38032053601214105
C000918,7.0,4334.51,74.0,619.2157142857143,4.0,0.0,0.7142857142857143,0.4339729288893093,0.05551031143081917,0.19281764259397255,0.31769911708589893
C000919,3.0,469.75,12.0,156.58333333333334,3.6666666666666665,0.0,0.0,0.3145290047897818,0.3452261841405002,0.34024481106971793,0.0
C000920,2.0,692.66,97.0,346.33,4.5,0.0,0.0,0.30681719747062053,0.6931828025293795,0.0,0.0
C000921,3.0,2095.32,30.0,698.44,4.333333333333333,0.3333333333333333,0.3333333333333333,0.0,0.17371570929500027,0.7961886489891759,0.030095641715823834
C000922,2.0,1063.3400000000001,304.0,531.6700000000001,2.5,0.5,0.5,0.29492918539695673,0.0,0.0,0.7050708146030432
C000923,4.0,985.59,68.0,246.3975,4.0,0.0,0.75,0.0,0.1623900404833653,0.8376099595166348,0.0
C000924,5.0,1150.3899999999999,138.0,230.07799999999997,4.4,0.0,1.0,0.4847834212745243,0.06105755439459662,0.18860560331713594,0.2655534210137432
C000925,3.0,795.57,154.0,265.19,3.3333333333333335,0.3333333333333333,1.0,0.44454919114597086,0.0,0.5554508088540292,0.0
C000926,0.0,0.0,0.0,0.0,0.0,0.0,0.0,0.0,0.0,0.0,0.0
C000927,3.0,1019.86,34.0,339.9533333333333,3.3333333333333335,0.0,0.3333333333333333,0.24334712607612807,0.0,0.7566528739238719,0.0
C000928,1.0,340.88,411.0,340.88,2.0,0.0,0.0,0.0,1.0,0.0,0.0
C000929,7.0,2081.46,2.0,297.3514285714286,3.2857142857142856,0.0,1.0,0.2524526053827602,0.13663005774792691,0.0,0.6109173368693128
C000930,1.0,490.05,230.0,490.05,8.0,0.0,0.0,0.0,1.0,0.0,0.0
C000931,1.0,895.3,493.0,895.3,4.0,0.0,1.0,0.0,0.0,0.0,1.0
C000932,6.0,1515.88,63.0,252.64666666666668,3.6666666666666665,0.16666666666666666,0.16666666666666666,0.0,0.032984141224899066,0.9241496688392221,0.04286618993587883
C000933,12.0,3912.18,0.0,326.015,3.5,0.16666666666666666,0.8333333333333334,0.32034057737629656,0.21459390927820293,0.3131246517287037,0.15194086161679676
C000934,10.0,4959.67,80.0,495.967,3.9,0.3,0.3,0.06697824653656392,0.15608699772363888,0.5634528103684318,0.21348194537136542
C000935,4.0,2715.12,251.0,678.78,2.5,0.0,0.75,0.11814947405639531,0.0,0.18005465688441027,0.7017958690591944
C000936,5.0,900.0,24.0,180.0,4.6,0.0,0.0,0.0,0.05555555555555555,0.7875,0.15694444444444444
C000937,1.0,311.17,21.0,311.17,2.0,0.0,0.0,0.0,0.0,0.0,1.0
C000938,0.0,0.0,0.0,0.0,0.0,0.0,0.0,0.0,0.0,0.0,0.0
C000939,9.0,2210.52,12.0,245.61333333333334,4.111111111111111,0.1111111111111111,0.2222222222222222,0.2545192986265675,0.2306380399182093,0.4230904945442701,0.09175216691095307
C000940,4.0,1104.21,120.0,276.0525,4.5,0.25,0.5,0.5824345006837468,0.3642966464712329,0.053268852845020434,0.0
C000941,5.0,3084.3199999999997,190.0,616.8639999999999,4.8,0.0,0.0,0.09096980858017327,0.9090301914198268,0.0,0.0
C000942,5.0,3394.2,162.0,678.8399999999999,3.4,0.2,0.4,0.0,0.10474338577573507,0.895256614224265,0.0
C000943,0.0,0.0,0.0,0.0,0.0,0.0,0.0,0.0,0.0,0.0,0.0
C000944,6.0,1670.2,58.0,278.3666666666667,3.8333333333333335,0.0,0.8333333333333334,0.6337863728894743,0.1851275296371692,0.0,0.18108609747335647
C000945,5.0,1133.8600000000001,13.0,226.77200000000002,3.6,0.2,1.0,0.5698587127158555,0.0,0.4301412872841444,0.0
C000946,1.0,481.02,459.0,481.02,3.0,1.0,0.0,0.0,0.0,1.0,0.0
C000947,8.0,2499.12,8.0,312.39,4.125,0.125,0.5,0.12556820000640226,0.6739772399884759,0.0,0.2004545600051218
C000948,1.0,542.17,242.0,542.17,7.0,0.0,1.0,0.0,0.0,1.0,0.0
C000949,4.0,908.42,138.0,227.105,3.0,0.25,0.0,0.40345875255938884,0.09497809383324894,0.4078950265295789,0.09366812707778341
C000950,6.0,1613.03,140.0,268.8383333333333,4.166666666666667,0.3333333333333333,0.6666666666666666,0.8222227732900192,0.0,0.11754896065169278,0.060228266058287815
C000951,8.0,1963.03,16.0,245.37875,3.0,0.0,0.0,0.12228544647814858,0.37286236073824647,0.3200562395887989,0.184795953194806
C000952,5.0,1608.26,142.0,321.652,3.0,0.8,0.6,0.03108950045390671,0.4561948938604455,0.060636961685299647,0.45207864400034825
C000953,7.0,2700.5299999999997,4.0,385.78999999999996,3.2857142857142856,0.2857142857142857,0.7142857142857143,0.6402039599634146,0.35979604003658544,0.0,0.0
C000954,9.0,2379.08,81.0,264.34222222222223,3.5555555555555554,0.1111111111111111,0.1111111111111111,0.0,0.9114447601593894,0.0,0.08855523984061066
C000955,6.0,1342.08,126.0,223.67999999999998,4.333333333333333,0.0,0.0,0.1272874940391035,0.8311799594659037,0.04153254649499285,0.0
C000956,3.0,628.4200000000001,190.0,209.47333333333336,4.0,0.0,0.3333333333333333,0.119394672352885,0.48002927978103815,0.40057604786607676,0.0
C000957,2.0,764.4,6.0,382.2,4.5,0.0,1.0,0.0,0.0,0.24662480376766094,0.7533751962323391
C000958,4.0,1275.5900000000001,147.0,318.89750000000004,3.5,0.0,0.25,0.5585180191127243,0.05895311189331995,0.3825288689939557,0.0
C000959,4.0,795.7,136.0,198.925,3.25,0.0,0.0,0.0,1.0,0.0,0.0
C000960,2.0,359.97,191.0,179.985,5.0,0.0,0.0,0.0,1.0,0.0,0.0
C000961,8.0,2453.01,0.0,306.62625,3.5,0.375,0.625,0.03173651962283072,0.0831998238898333,0.0,0.885063656487336
C000962,5.0,1622.4299999999998,86.0,324.486,3.6,0.0,1.0,0.07305091745098402,0.0,0.0,0.926949082549016
C000963,5.0,1226.72,71.0,245.344,3.8,0.2,0.0,0.6139542845963218,0.0,0.321899047867484,0.06414666753619408
C000964,2.0,486.05,154.0,243.025,2.5,0.0,0.0,0.0,0.0,0.6831601687069232,0.31683983129307686
C000965,3.0,1266.79,34.0,422.2633333333333,4.666666666666667,0.0,1.0,0.6625723284838055,0.0,0.1463778526827651,0.1910498188334294
C000966,5.0,1068.8,53.0,213.76,4.2,0.4,0.0,0.0,0.4383701347305389,0.19520022455089817,0.3664296407185628
C000967,3.0,962.95,18.0,320.98333333333335,3.3333333333333335,0.0,0.3333333333333333,0.2957578275092165,0.3576198141128823,0.3466223583779012,0.0
C000968,3.0,1483.8200000000002,171.0,494.60666666666674,5.666666666666667,0.0,1.0,0.0,0.641674866223666,0.358325133776334,0.0
C000969,3.0,953.5799999999999,40.0,317.85999999999996,3.3333333333333335,0.0,1.0,0.0,0.0,0.2695106860462677,0.7304893139537323
C000970,1.0,410.3,413.0,410.3,4.0,0.0,0.0,0.0,1.0,0.0,0.0
C000971,8.0,1807.1200000000001,79.0,225.89000000000001,3.375,0.125,0.25,0.2574040462171854,0.5357087520474568,0.20688720173535793,0.0
C000972,1.0,970.48,288.0,970.48,4.0,0.0,0.0,1.0,0.0,0.0,0.0
C000973,0.0,0.0,0.0,0.0,0.0,0.0,0.0,0.0,0.0,0.0,0.0
C000974,4.0,886.83,212.0,221.7075,4.0,0.25,1.0,0.2316904028957072,0.2682588545719022,0.30072279918360906,0.19932794334878165
C000975,5.0,862.96,74.0,172.592,3.2,0.0,0.2,0.17477055715212755,0.3440599796050802,0.4232293501436915,0.057940113099100764
C000976,4.0,2420.1400000000003,165.0,605.0350000000001,3.25,0.0,0.5,0.0,1.0,0.0,0.0
C000977,8.0,6958.45,131.0,869.80625,3.75,0.25,0.875,0.29218001135310306,0.06309738519354166,0.24472260345335528,0.4
C000978,2.0,854.25,197.0,427.125,3.0,0.0,0.0,0.6195961369622476,0.0,0.38040386303775237,0.0
C000979,4.0,1796.49,3.0,449.1225,3.5,0.25,0.75,1.0,0.0,0.0,0.0
C000980,8.0,2759.17,5.0,344.89625,3.0,0.25,0.625,0.40310310709379993,0.0,0.0,0.5968968929062001
C000981,3.0,1135.97,298.0,378.6566666666667,2.6666666666666665,0.0,0.3333333333333333,0.49241617296231416,0.0,0.5075838270376859,0.0
C000982,2.0,1129.05,109.0,564.525,4.0,0.0,0.5,0.0,0.0,0.0,1.0
C000983,0.0,0.0,0.0,0.0,0.0,0.0,0.0,0.0,0.0,0.0,0.0
C000984,7.0,2512.7200000000003,65.0,358.96000000000004,3.5714285714285716,0.14285714285714285,0.5714285714285714,0.4784058709287147,0.0,0.5215941290712853,0.0
C000985,8.0,2797.65,12.0,349.70625,3.5,0.25,0.5,0.04746841098779333,0.7513806230228942,0.0,0.20115096598931245
C000986,3.0,386.87,156.0,128.95666666666668,4.0,0.0,0.0,0.3238038617623491,0.6761961382376509,0.0,0.0
C000987,6.0,1140.71,13.0,190.11833333333334,4.0,0.0,0.16666666666666666,0.0,0.31198990102655366,0.5530239938284052,0.13498610514504125
C000988,8.0,1398.24,1.0,174.78,3.5,0.0,0.125,0.03575924018766449,0.5219704771713011,0.07225512072319487,0.37001516191783956
C000989,5.0,1935.58,17.0,387.116,3.2,0.2,1.0,0.16594509139379413,0.0,0.0,0.8340549086062059
C000990,4.0,1506.83,327.0,376.7075,3.0,0.0,0.25,0.13972379100495744,0.0,0.8602762089950425,0.0
C000991,3.0,636.75,250.0,212.25,3.3333333333333335,0.3333333333333333,0.0,0.20755398508048684,0.2706713780918728,0.5217746368276404,0.0
C000992,1.0,450.78,439.0,450.78,7.0,1.0,0.0,0.0,0.0,1.0,0.0
C000993,5.0,1002.6800000000001,169.0,200.536,3.8,0.0,0.2,0.0,0.33611920054254596,0.10258507200702119,0.5612957274504328
C000994,1.0,344.75,88.0,344.75,3.0,0.0,0.0,0.0,1.0,0.0,0.0
C000995,12.0,2760.12,23.0,230.01,3.8333333333333335,0.16666666666666666,0.08333333333333333,0.17058316305088184,0.49998550787646917,0.15643885048476153,0.1729924785878875
C000996,8.0,4066.56,40.0,508.32,3.5,0.0,0.75,0.6470530374567202,0.05836136685552409,0.0,0.2945855956877558
C000997,1.0,937.08,399.0,937.08,4.0,0.0,0.0,1.0,0.0,0.0,0.0
C000998,3.0,891.8599999999999,159.0,297.28666666666663,4.0,0.0,0.0,0.0,0.3904985087345547,0.5336712040006278,0.07583028726481734
C000999,1.0,206.3,408.0,206.3,3.0,1.0,0.0,0.0,1.0,0.0,0.0
C001000,7.0,2029.85,27.0,289.9785714285714,3.857142857142857,0.0,0.0,0.5580116757395868,0.3126684237751558,0.12931990048525754,0.0
C001001,3.0,917.5799999999999,37.0,305.85999999999996,4.333333333333333,0.0,0.3333333333333333,0.0,0.8337692626256021,0.1662307373743979,0.0
C001002,8.0,3365.33,47.0,420.66625,3.375,0.0,0.25,0.5624589564767793,0.03164622785878354,0.15708414925133643,0.24881066641310065
C001003,7.0,2244.83,43.0,320.69,2.5714285714285716,0.14285714285714285,0.2857142857142857,0.13800154131938722,0.4965053032969089,0.3654931553837039,0.0
C001004,9.0,4058.51,78.0,450.9455555555556,3.7777777777777777,0.1111111111111111,0.4444444444444444,0.04927916895609473,0.29267144838869436,0.10835750065910889,0.549691881996102
C001005,0.0,0.0,0.0,0.0,0.0,0.0,0.0,0.0,0.0,0.0,0.0
C001006,4.0,1701.92,76.0,425.48,3.5,0.0,0.5,0.039478941430854564,0.0,0.0,0.9605210585691454
C001007,2.0,328.69,269.0,164.345,3.5,0.0,1.0,1.0,0.0,0.0,0.0
C001008,8.0,1859.1999999999998,67.0,232.39999999999998,3.875,0.125,0.0,0.0,0.7146299483648881,0.07597353700516352,0.20939651462994835
C001009,6.0,3271.3999999999996,90.0,545.2333333333332,3.8333333333333335,0.0,0.8333333333333334,0.44204621874426847,0.0,0.4111481322980986,0.1468056489576328
C001010,4.0,1103.1299999999999,70.0,275.78249999999997,5.75,0.25,0.0,0.7805607679965191,0.058334013216937264,0.16110521878654377,0.0
C001011,11.0,7086.65,117.0,644.2409090909091,2.6363636363636362,0.18181818181818182,0.9090909090909091,0.811235209866439,0.044837828875420684,0.04172775570967946,0.10219920554846083
C001012,4.0,1149.09,131.0,287.2725,2.25,0.0,0.25,0.0,0.1393189393346039,0.6037299080141677,0.2569511526512283
C001013,0.0,0.0,0.0,0.0,0.0,0.0,0.0,0.0,0.0,0.0,0.0
C001014,7.0,1865.77,29.0,266.5385714285714,4.142857142857143,0.0,0.5714285714285714,0.20666534460303254,0.3423144331830826,0.19644436345315874,0.25457585876072614
C001015,4.0,1220.8999999999999,1.0,305.22499999999997,3.5,0.0,0.5,0.1241133589974609,0.08384798099762472,0.5512818412646409,0.2407568187402736
C001016,8.0,2685.24,16.0,335.655,3.5,0.25,0.125,0.18145491650653203,0.5012959735442643,0.06471302378930749,0.25253608615989637
C001017,3.0,1710.81,251.0,570.27,3.0,0.3333333333333333,1.0,0.07346227810218552,0.0,0.8499190441954396,0.0766186777023749
C001018,0.0,0.0,0.0,0.0,0.0,0.0,0.0,0.0,0.0,0.0,0.0
C001019,7.0,1098.72,187.0,156.96,3.857142857142857,0.0,0.0,0.17560433959516528,0.40617263725061886,0.4182230231542158,0.0
C001020,3.0,1499.19,46.0,499.73,3.0,0.6666666666666666,0.6666666666666666,0.0,0.2948859050553966,0.7051140949446034,0.0
C001021,7.0,1798.49,144.0,256.9271428571429,4.0,0.0,0.42857142857142855,0.6273540581265394,0.21159417066539152,0.12322559480453046,0.037826176403538525
C001022,8.0,3395.8500000000004,8.0,424.48125000000005,3.875,0.0,0.25,0.33313897845900137,0.0,0.3058762901777169,0.36098473136328163
C001023,2.0,658.75,53.0,329.375,3.5,0.0,0.0,0.0,1.0,0.0,0.0
C001024,3.0,782.37,211.0,260.79,4.0,0.3333333333333333,1.0,0.10837583240666182,0.4318800567506423,0.0,0.4597441108426959
C001025,8.0,2576.51,2.0,322.06375,3.0,0.125,0.5,0.0,0.6326697742294809,0.20485074771687278,0.1624794780536462
C001026,0.0,0.0,0.0,0.0,0.0,0.0,0.0,0.0,0.0,0.0,0.0
C001027,6.0,937.98,73.0,156.33,2.8333333333333335,0.16666666666666666,0.3333333333333333,0.06087549841147999,0.8114458730463336,0.0,0.1276786285421864
C001028,0.0,0.0,0.0,0.0,0.0,0.0,0.0,0.0,0.0,0.0,0.0
C001029,2.0,240.39000000000001,295.0,120.19500000000001,3.5,0.0,1.0,0.7249469611880693,0.2750530388119306,0.0,0.0
C001030,0.0,0.0,0.0,0.0,0.0,0.0,0.0,0.0,0.0,0.0,0.0
C001031,6.0,1352.3600000000001,19.0,225.39333333333335,3.1666666666666665,0.5,0.6666666666666666,0.48360643615605314,0.19895589931675,0.3174376645271969,0.0
C001032,5.0,1338.6100000000001,97.0,267.72200000000004,3.0,0.0,0.4,0.13570793584389776,0.17748261256079065,0.0,0.6868094515953115
C001033,5.0,3353.58,47.0,670.716,3.6,0.0,1.0,0.0,0.23136767275568199,0.5722869291920872,0.19634539805223075
C001034,11.0,4652.599999999999,5.0,422.96363636363634,3.909090909090909,0.0,0.8181818181818182,0.10596655633409276,0.3416412328590465,0.1109981515711645,0.44139405923569613
C001035,2.0,1443.46,94.0,721.73,7.0,0.0,1.0,0.0,0.49810178321532983,0.5018982167846702,0.0
C001036,3.0,964.59,340.0,321.53000000000003,4.0,0.0,1.0,0.0,0.6979234700753688,0.0,0.3020765299246312
C001037,3.0,605.8199999999999,161.0,201.93999999999997,4.0,0.3333333333333333,0.6666666666666666,0.3606351721633489,0.34861840150539763,0.2907464263312535,0.0
C001038,4.0,2590.79,277.0,647.6975,4.25,0.0,0.75,0.33417992195430735,0.0,0.12043430768221276,0.5453857703634799
C001039,5.0,1794.55,207.0,358.90999999999997,3.6,0.2,1.0,0.0,0.0,0.5369145468223232,0.46308545317767685
C001040,6.0,981.4200000000001,160.0,163.57000000000002,4.333333333333333,0.0,0.0,0.0,0.7350369872225958,0.21366998838417803,0.051293024393226146
C001041,8.0,4170.25,79.0,521.28125,4.25,0.125,0.375,0.35888495893531563,0.038940111504106464,0.6021749295605778,0.0
C001042,0.0,0.0,0.0,0.0,0.0,0.0,0.0,0.0,0.0,0.0,0.0
C001043,8.0,2135.79,19.0,266.97375,2.875,0.0,0.0,0.0,0.34785723315494504,0.31564901043641935,0.3364937564086357
C001044,0.0,0.0,0.0,0.0,0.0,0.0,0.0,0.0,0.0,0.0,0.0
C001045,1.0,242.28,284.0,242.28,3.0,0.0,1.0,1.0,0.0,0.0,0.0
C001046,1.0,1406.39,168.0,1406.39,2.0,0.0,0.0,0.0,0.0,1.0,0.0
C001047,3.0,970.34,195.0,323.44666666666666,4.666666666666667,0.3333333333333333,0.0,0.15223529896737226,0.0,0.8477647010326277,0.0
C001048,3.0,355.28999999999996,112.0,118.42999999999999,3.0,0.0,0.0,0.0,0.48498409749781873,0.0,0.5150159025021813
C001049,0.0,0.0,0.0,0.0,0.0,0.0,0.0,0.0,0.0,0.0,0.0
C001050,3.0,754.63,26.0,251.54333333333332,3.3333333333333335,0.0,0.3333333333333333,0.15305513960483946,0.35846706332904865,0.0,0.4884777970661119
C001051,1.0,674.35,113.0,674.35,2.0,1.0,0.0,0.0,0.0,1.0,0.0
C001052,5.0,1541.17,28.0,308.23400000000004,3.4,0.2,0.8,0.22412842191322177,0.7758715780867782,0.0,0.0
C001053,3.0,527.1800000000001,220.0,175.7266666666667,3.0,0.0,0.0,0.0,0.6418111460981069,0.3581888539018931,0.0
C001054,0.0,0.0,0.0,0.0,0.0,0.0,0.0,0.0,0.0,0.0,0.0
C001055,5.0,1242.28,46.0,248.456,3.6,0.6,0.8,0.473162250056348,0.0,0.20331970248253214,0.32351804746111984
C001056,2.0,895.99,85.0,447.995,3.5,0.0,1.0,0.0,0.0,0.6972399245527294,0.30276007544727057
C001057,5.0,1386.0,39.0,277.2,3.6,0.0,0.4,0.5793795093795093,0.0,0.12773448773448773,0.29288600288600286
C001058,1.0,236.53,252.0,236.53,1.0,0.0,1.0,0.0,0.0,0.0,1.0
C001059,7.0,3062.63,102.0,437.5185714285714,4.142857142857143,0.14285714285714285,0.14285714285714285,0.0,0.2953115459588654,0.5476796087023245,0.15700884533881007
C001060,5.0,898.34,16.0,179.668,4.8,0.4,0.6,0.4208206247077944,0.0,0.5791793752922056,0.0
C001061,6.0,2267.15,76.0,377.85833333333335,2.5,0.16666666666666666,0.8333333333333334,0.47400480779833704,0.10570981187834946,0.2027655867498842,0.21751979357342918
C001062,6.0,3017.5299999999997,81.0,502.9216666666666,3.5,0.16666666666666666,0.8333333333333334,0.45195905260262537,0.0,0.2747810295175193,0.2732599178798554
C001063,4.0,939.8299999999999,77.0,234.95749999999998,3.5,0.0,0.25,0.0,0.05320111083919433,0.9467988891608057,0.0
C001064,3.0,1083.79,68.0,361.2633333333333,3.3333333333333335,0.0,0.6666666666666666,0.8435213463862926,0.0,0.0,0.15647865361370747
C001065,4.0,655.3199999999999,66.0,163.82999999999998,3.75,0.0,1.0,0.5659372520295429,0.3247115912836477,0.1093511566868095,0.0
C001066,4.0,1313.47,226.0,328.3675,3.25,0.0,0.25,0.0,0.20525782850007995,0.5774094573914896,0.21733271410843033
C001067,5.0,2051.8,108.0,410.36,3.6,0.0,1.0,0.4486255970367482,0.03055853397017253,0.0,0.5208158689930792
C001068,6.0,3621.21,43.0,603.535,4.0,0.3333333333333333,0.6666666666666666,0.22018607040188226,0.0,0.7798139295981177,0.0
C001069,7.0,2961.87,5.0,423.1242857142857,4.285714285714286,0.14285714285714285,1.0,0.6225762778244825,0.0,0.08580390091394963,0.2916198212615679
C001070,8.0,3893.63,39.0,486.70375,3.5,0.25,1.0,0.5078808207251331,0.0,0.2167925560466711,0.2753266232281958
C001071,0.0,0.0,0.0,0.0,0.0,0.0,0.0,0.0,0.0,0.0,0.0
C001072,2.0,121.86,381.0,60.93,3.5,0.0,1.0,0.0,0.41030690956835714,0.0,0.5896930904316429
C001073,7.0,2760.42,30.0,394.3457142857143,3.142857142857143,0.0,0.7142857142857143,0.5349222219807132,0.039519348504937664,0.3695234783112715,0.056034951203077804
C001074,3.0,464.75,17.0,154.91666666666666,4.666666666666667,0.3333333333333333,0.3333333333333333,0.37686928456159224,0.0,0.2155137170521786,0.40761699838622917
C001075,0.0,0.0,0.0,0.0,0.0,0.0,0.0,0.0,0.0,0.0,0.0
C001076,1.0,563.86,307.0,563.86,4.0,1.0,1.0,1.0,0.0,0.0,0.0
C001077,6.0,2364.5099999999998,131.0,394.085,3.3333333333333335,0.0,0.16666666666666666,0.34898562492863217,0.46955606024081104,0.18145831483055688,0.0
C001078,3.0,1454.08,228.0,484.6933333333333,3.3333333333333335,0.3333333333333333,0.3333333333333333,0.5001375440140845,0.0,0.49986245598591544,0.0
C001079,6.0,3926.48,14.0,654.4133333333333,3.8333333333333335,0.0,0.6666666666666666,0.14453658238422198,0.0,0.0,0.855463417615778
C001080,4.0,1653.7,0.0,413.425,4.25,0.0,1.0,0.4863094878152023,0.0,0.2196770877426377,0.29401342444216
C001081,10.0,2663.67,20.0,266.367,3.9,0.1,0.8,0.17442100560504867,0.6207600791389324,0.0,0.20481891525601897
C001082,4.0,1559.6200000000001,9.0,389.90500000000003,3.0,0.0,0.0,0.04468396147779587,0.21798899731985996,0.6324938125953757,0.10483322860696835
C001083,1.0,268.82,246.0,268.82,3.0,0.0,0.0,0.0,0.0,1.0,0.0
C001084,2.0,946.4399999999999,32.0,473.21999999999997,5.0,0.0,1.0,0.16790287815392418,0.0,0.8320971218460759,0.0
C001085,6.0,1871.58,29.0,311.93,4.0,0.16666666666666666,0.3333333333333333,0.0,0.3421173553895639,0.6578826446104361,0.0
C001086,0.0,0.0,0.0,0.0,0.0,0.0,0.0,0.0,0.0,0.0,0.0
C001087,8.0,3857.26,142.0,482.1575,3.75,0.125,0.75,0.14704738596827802,0.45136444004293197,0.227508646033713,0.17407952795507692
C001088,5.0,1434.46,92.0,286.892,4.0,0.2,0.0,0.2659676812180193,0.0,0.2886382332027383,0.4453940855792423
C001089,4.0,2355.1099999999997,5.0,588.7774999999999,3.5,0.0,0.25,0.0,0.6965152370802213,0.3034847629197787,0.0
C001090,3.0,584.26,124.0,194.75333333333333,3.3333333333333335,0.6666666666666666,0.0,0.0,0.8081675966179441,0.19183240338205593,0.0
C001091,5.0,1305.4,59.0,261.08000000000004,3.2,0.4,0.6,0.20581430979010265,0.3991037229967826,0.3950819672131147,0.0
C001092,3.0,987.6500000000001,188.0,329.2166666666667,3.0,0.0,1.0,0.6999645623449603,0.3000354376550397,0.0,0.0
C001093,3.0,905.66,2.0,301.88666666666666,3.0,0.0,1.0,0.0,1.0,0.0,0.0
C001094,7.0,1810.1599999999999,77.0,258.5942857142857,3.5714285714285716,0.14285714285714285,0.0,0.0,0.6421863260706235,0.3578136739293764,0.0
C001095,5.0,1612.43,68.0,322.486,3.4,0.0,1.0,0.9424409121636288,0.0,0.05755908783637119,0.0
C001096,6.0,1645.71,75.0,274.285,3.5,0.16666666666666666,0.3333333333333333,0.1850022178877202,0.2927004150184419,0.14982591100497658,0.37247145608886134
C001097,8.0,2425.86,85.0,303.2325,3.5,0.25,0.875,0.12870899392380433,0.0,0.2567584279389577,0.6145325781372379
C001098,2.0,765.46,250.0,382.73,4.0,0.0,0.5,0.0,0.42908839129412374,0.5709116087058762,0.0
C001099,10.0,4396.47,74.0,439.64700000000005,3.3,0.2,0.8,0.10325101729341951,0.10544368550223249,0.7281136912113584,0.06319160599298984
C001100,3.0,1792.97,281.0,597.6566666666666,4.0,0.0,1.0,0.8333825998204097,0.0,0.0,0.16661740017959029
C001101,5.0,2616.81,187.0,523.362,3.6,0.2,0.4,0.5473419927316083,0.0,0.28668111173528077,0.16597689553311093
C001102,3.0,1140.92,401.0,380.3066666666667,3.3333333333333335,0.0,1.0,1.0,0.0,0.0,0.0
C001103,4.0,810.58,22.0,202.645,3.0,0.25,0.0,0.4699967924202423,0.4215746749241284,0.1084285326556293,0.0
C001104,2.0,990.47,132.0,495.235,5.0,0.0,1.0,0.0,0.11150261996829787,0.8884973800317021,0.0
C001105,7.0,1802.72,112.0,257.5314285714286,3.7142857142857144,0.0,0.42857142857142855,0.028151903789828698,0.285091417413686,0.4104242478033194,0.27633243099316585
C001106,8.0,2050.86,6.0,256.3575,3.625,0.125,0.125,0.5893283793140439,0.08330651531552616,0.32736510537042995,0.0
C001107,5.0,981.1300000000001,147.0,196.22600000000003,3.8,0.2,0.0,0.0,0.3000825578669493,0.47062061092821544,0.2292968312048352
C001108,8.0,3827.63,50.0,478.45375,4.125,0.125,0.25,0.0803081802577574,0.08610550131543541,0.38388767984366307,0.44969863858314413
C001109,1.0,259.46,433.0,259.46,4.0,0.0,0.0,0.0,1.0,0.0,0.0
C001110,3.0,747.45,170.0,249.15,3.6666666666666665,0.3333333333333333,1.0,0.7409191250250853,0.2590808749749147,0.0,0.0
C001111,3.0,437.93,87.0,145.97666666666666,3.6666666666666665,0.0,0.6666666666666666,0.0,1.0,0.0,0.0
C001112,0.0,0.0,0.0,0.0,0.0,0.0,0.0,0.0,0.0,0.0,0.0
C001113,2.0,142.32999999999998,136.0,71.16499999999999,2.0,0.5,0.0,0.36085154219068366,0.6391484578093164,0.0,0.0
C001114,1.0,183.58,53.0,183.58,2.0,1.0,0.0,0.0,1.0,0.0,0.0
C001115,4.0,1500.41,0.0,375.1025,4.25,0.5,0.0,0.41242726987956624,0.5875727301204339,0.0,0.0
C001116,5.0,1268.52,36.0,253.704,4.6,0.0,0.4,0.8295493961466907,0.05366884243054899,0.11678176142276037,0.0
C001117,6.0,1578.01,65.0,263.00166666666667,3.5,0.16666666666666666,1.0,0.13780014068351912,0.4033307773714996,0.17252742378058442,0.2863416581643969
C001118,6.0,2707.04,12.0,451.17333333333335,3.3333333333333335,0.3333333333333333,0.8333333333333334,0.45892931024292216,0.0,0.5001736213724215,0.0408970683846563
C001119,2.0,632.4399999999999,95.0,316.21999999999997,3.5,0.5,0.0,0.8965593574093986,0.1034406425906015,0.0,0.0
C001120,7.0,2838.62,67.0,405.51714285714286,2.857142857142857,0.14285714285714285,1.0,0.14056125863976157,0.10932424910696042,0.13854267214350635,0.6115718201097716
C001121,8.0,2837.55,68.0,354.69375,3.25,0.0,1.0,0.5194128737819598,0.30296558650948885,0.10685274268294832,0.07076879702560308
C001122,3.0,1066.5,213.0,355.5,3.0,0.3333333333333333,0.3333333333333333,0.0,0.0,1.0,0.0
C001123,6.0,1528.17,207.0,254.69500000000002,4.166666666666667,0.16666666666666666,0.16666666666666666,0.3878037129376967,0.5362950457082655,0.0,0.07590124135403784
C001124,7.0,3963.97,8.0,566.2814285714286,2.5714285714285716,0.14285714285714285,0.2857142857142857,0.5547822006725581,0.1665779508926657,0.12765737379445355,0.15098247464032274
C001125,12.0,4414.66,8.0,367.8883333333333,4.25,0.16666666666666666,0.4166666666666667,0.48623450050513517,0.3499136966380197,0.16385180285684517,0.0
C001126,4.0,781.53,437.0,195.3825,4.75,0.25,0.25,0.2738474530728187,0.5908538379844663,0.13529870894271492,0.0
C001127,5.0,1581.12,288.0,316.224,3.6,0.0,0.6,0.583396579639749,0.0,0.24881096943938474,0.16779245092086625
C001128,6.0,2200.82,13.0,366.80333333333334,4.166666666666667,0.0,0.8333333333333334,0.08234203615016221,0.06736580001999254,0.5982451995165439,0.2520469643133014
C001129,6.0,2651.68,33.0,441.94666666666666,2.8333333333333335,0.16666666666666666,0.5,0.19641133168406447,0.3705462197550232,0.0,0.43304244856091234
C001130,6.0,1835.5700000000002,91.0,305.92833333333334,3.8333333333333335,0.0,0.0,0.0,0.327881802382911,0.672118197617089,0.0
C001131,4.0,1203.37,212.0,300.8425,3.75,0.25,0.5,0.15805612571362093,0.39442565461994233,0.0,0.4475182196664368
C001132,5.0,932.46,170.0,186.49200000000002,3.4,0.0,0.0,0.0,0.5850438624713123,0.41495613752868754,0.0
C001133,4.0,2542.3,35.0,635.575,4.0,0.5,1.0,0.12408449042205875,0.0,0.6588679542146875,0.2170475553632537
C001134,1.0,241.64,386.0,241.64,5.0,0.0,1.0,0.0,0.0,1.0,0.0
C001135,9.0,1744.1,24.0,193.7888888888889,3.3333333333333335,0.1111111111111111,0.1111111111111111,0.3453643713089846,0.23560575655065652,0.3296313284788716,0.08939854366148729
C001136,9.0,8829.4,45.0,981.0444444444444,2.7777777777777777,0.2222222222222222,0.7777777777777778,0.8222393367612747,0.007843115047455091,0.11578589711645183,0.05413165107481821
C001137,4.0,578.0699999999999,90.0,144.51749999999998,3.75,0.0,0.75,0.3836905565069974,0.37391665369245936,0.24239278980054318,0.0
C001138,7.0,3194.92,68.0,456.4171428571429,3.857142857142857,0.14285714285714285,0.7142857142857143,0.3761471335745496,0.10356440849849136,0.44810824684186146,0.07218021108509759
C001139,2.0,471.52,8.0,235.76,4.5,0.0,0.5,0.0,1.0,0.0,0.0
C001140,0.0,0.0,0.0,0.0,0.0,0.0,0.0,0.0,0.0,0.0,0.0
C001141,2.0,239.39,127.0,119.695,4.0,0.0,0.0,0.0,0.2673879443585781,0.732612055641422,0.0
C001142,6.0,2773.7799999999997,29.0,462.2966666666666,3.0,0.0,0.3333333333333333,0.4811052066133579,0.45245837809775824,0.0,0.06643641528888376
C001143,6.0,1203.21,25.0,200.535,3.6666666666666665,0.16666666666666666,0.0,0.43610841000324135,0.15104595207819085,0.19216928050797447,0.2206763574105933
C001144,3.0,1009.15,11.0,336.3833333333333,2.6666666666666665,0.0,0.0,0.9009067036614973,0.09909329633850271,0.0,0.0
C001145,0.0,0.0,0.0,0.0,0.0,0.0,0.0,0.0,0.0,0.0,0.0
C001146,7.0,2728.1400000000003,0.0,389.73428571428576,4.428571428571429,0.0,1.0,0.4494307476889017,0.14147734353808825,0.26610071330650187,0.14299119546650832
C001147,6.0,1076.8899999999999,25.0,179.48166666666665,4.666666666666667,0.0,0.3333333333333333,0.4516060136132753,0.3085644773375183,0.23982950904920652,0.0
C001148,4.0,738.9,95.0,184.725,3.5,0.25,0.75,0.38578968737312225,0.6142103126268778,0.0,0.0
C001149,3.0,1027.2,185.0,342.40000000000003,3.6666666666666665,0.0,0.6666666666666666,0.3690031152647975,0.3107476635514018,0.0,0.3202492211838006
C001150,3.0,765.31,50.0,255.10333333333332,2.6666666666666665,0.0,0.3333333333333333,0.0,0.34907423135722776,0.6509257686427723,0.0
C001151,5.0,1366.84,13.0,273.368,4.0,0.2,0.6,0.0,0.0,0.5574610049457142,0.44253899505428573
C001152,3.0,1533.84,16.0,511.28,4.333333333333333,0.0,0.3333333333333333,0.2588144786939968,0.5736778281959005,0.0,0.16750769311010277
C001153,11.0,5207.67,13.0,473.42454545454547,3.6363636363636362,0.09090909090909091,0.09090909090909091,0.18803418803418803,0.17978865788346804,0.24668805819109124,0.3854890958912527
C001154,2.0,306.68,311.0,153.34,1.0,0.0,1.0,0.0,0.2248597887048389,0.7751402112951611,0.0
C001155,7.0,4457.71,203.0,636.8157142857143,4.142857142857143,0.0,0.2857142857142857,0.15018249280460147,0.3902631620271395,0.3054931792332835,0.15406116593497557
C001156,2.0,4697.76,306.0,2348.88,3.0,0.0,0.5,0.0,0.9847629508531726,0.015237049146827423,0.0
C001157,1.0,280.71,30.0,280.71,3.0,0.0,1.0,1.0,0.0,0.0,0.0
C001158,5.0,2025.59,162.0,405.118,3.2,0.0,0.8,0.4234173746908308,0.38324636278812596,0.14429869815708019,0.049037564363963095
C001159,2.0,359.45,32.0,179.725,3.0,0.0,1.0,1.0,0.0,0.0,0.0
C001160,4.0,1268.65,8.0,317.1625,4.0,0.25,1.0,0.0,0.0,0.12114452370630197,0.878855476293698
C001161,1.0,81.97,176.0,81.97,4.0,0.0,1.0,1.0,0.0,0.0,0.0
C001162,1.0,514.14,200.0,514.14,2.0,0.0,0.0,0.0,1.0,0.0,0.0
C001163,6.0,966.82,4.0,161.13666666666668,3.8333333333333335,0.16666666666666666,0.16666666666666666,0.0,0.6177675265302746,0.25613868145052854,0.12609379201919696
C001164,3.0,669.3399999999999,135.0,223.11333333333332,4.0,0.0,0.3333333333333333,0.27591358651806264,0.4579436459796217,0.26614276750231575,0.0
C001165,4.0,1369.4399999999998,142.0,342.35999999999996,2.75,0.0,0.0,0.15604188573431474,0.42210684659422826,0.0,0.421851267671457
C001166,8.0,2375.99,52.0,296.99875,2.625,0.125,1.0,0.48947175703601453,0.04424261044869718,0.13243742608344314,0.3338482064318453
C001167,9.0,2167.96,41.0,240.88444444444445,4.333333333333333,0.0,0.5555555555555556,0.5133489547777634,0.277458993708371,0.1668665473532722,0.04232550416059337
C001168,2.0,468.64,143.0,234.32,4.0,0.0,0.0,0.0,0.7229643222942984,0.27703567770570164,0.0
C001169,4.0,2774.57,103.0,693.6425,3.75,0.0,1.0,1.0,0.0,0.0,0.0
C001170,5.0,1034.42,60.0,206.88400000000001,3.2,0.0,0.4,0.2564528914754161,0.28451692736025985,0.1530906208309971,0.3059395603333269
C001171,4.0,2194.33,60.0,548.5825,3.25,0.0,1.0,0.05670067856703413,0.0,0.8113137039551936,0.13198561747777227
C001172,8.0,2512.5299999999997,39.0,314.06624999999997,3.625,0.125,0.5,0.15751453713985503,0.5231818127544745,0.2584685555993361,0.060835094506334245
C001173,4.0,1354.27,24.0,338.5675,3.5,0.25,1.0,0.27707178036875957,0.5860426650520206,0.0,0.1368855545792198
C001174,0.0,0.0,0.0,0.0,0.0,0.0,0.0,0.0,0.0,0.0,0.0
C001175,0.0,0.0,0.0,0.0,0.0,0.0,0.0,0.0,0.0,0.0,0.0
C001176,3.0,674.37,198.0,224.79,3.0,0.0,0.3333333333333333,0.0,0.0,0.38305381318860565,0.6169461868113943
C001177,0.0,0.0,0.0,0.0,0.0,0.0,0.0,0.0,0.0,0.0,0.0
C001178,3.0,495.5,39.0,165.16666666666666,3.6666666666666665,0.0,0.3333333333333333,0.0,0.0,0.0,1.0
C001179,2.0,943.0899999999999,117.0,471.54499999999996,4.0,0.0,0.0,0.0,1.0,0.0,0.0
C001180,1.0,99.46,347.0,99.46,7.0,0.0,0.0,0.0,1.0,0.0,0.0
C001181,9.0,1841.0300000000002,27.0,204.5588888888889,3.7777777777777777,0.0,0.0,0.063915308278518,0.23219067587165879,0.5322835586600978,0.17161045718972529
C001182,6.0,1452.71,82.0,242.11833333333334,4.5,0.16666666666666666,0.3333333333333333,0.3547714271946913,0.1389059068912584,0.5063226659140503,0.0
C001183,0.0,0.0,0.0,0.0,0.0,0.0,0.0,0.0,0.0,0.0,0.0
C001184,2.0,2941.38,218.0,1470.69,3.0,0.0,1.0,0.0,0.038128361517383,0.0,0.9618716384826169
C001185,5.0,964.7,48.0,192.94,3.8,0.2,0.0,0.0,0.6912097024981859,0.308790297501814,0.0
C001186,0.0,0.0,0.0,0.0,0.0,0.0,0.0,0.0,0.0,0.0,0.0
C001187,1.0,231.87,70.0,231.87,3.0,0.0,1.0,0.0,0.0,1.0,0.0
C001188,4.0,856.72,98.0,214.18,3.25,0.5,0.75,0.6988981230740499,0.0,0.0,0.3011018769259501
C001189,0.0,0.0,0.0,0.0,0.0,0.0,0.0,0.0,0.0,0.0,0.0
C001190,7.0,4704.26,32.0,672.0371428571428,3.5714285714285716,0.14285714285714285,0.2857142857142857,0.30189232737986416,0.0,0.5062900434924941,0.19181762912764172
C001191,9.0,3455.9,9.0,383.9888888888889,3.0,0.2222222222222222,0.3333333333333333,0.705144824792384,0.294855175207616,0.0,0.0
C001192,5.0,2572.94,6.0,514.588,3.0,0.2,0.8,0.31248688271005154,0.0,0.6875131172899485,0.0
C001193,8.0,2207.48,82.0,275.935,3.0,0.125,0.5,0.46182071864750757,0.04496076974649827,0.49321851160599417,0.0
C001194,4.0,1024.63,109.0,256.1575,4.25,0.0,1.0,0.32867474112606504,0.0,0.4360500863726419,0.23527517250129318
C001195,4.0,1803.1999999999998,47.0,450.79999999999995,4.25,0.0,0.75,0.5451197870452529,0.0,0.4548802129547471,0.0
C001196,7.0,1977.89,99.0,282.5557142857143,3.142857142857143,0.42857142857142855,0.7142857142857143,0.29239745385233756,0.49566457184171014,0.0,0.21193797430595232
C001197,5.0,1376.98,22.0,275.396,3.6,0.0,0.6,0.0,0.4337898880158027,0.0,0.5662101119841972
C001198,5.0,1165.09,80.0,233.01799999999997,4.2,0.2,0.0,0.0,0.4643074783922272,0.5356925216077727,0.0
C001199,5.0,1138.94,51.0,227.788,5.2,0.2,0.0,0.0,0.0,0.5971692977681001,0.4028307022318998
C001200,1.0,308.82,462.0,308.82,6.0,0.0,1.0,0.0,1.0,0.0,0.0
C001201,5.0,1165.44,20.0,233.08800000000002,3.0,0.2,0.4,0.6508700576606261,0.0,0.2237695634266887,0.12536037891268534
C001202,3.0,1481.19,165.0,493.73,3.3333333333333335,0.0,0.3333333333333333,0.0,0.10485488019767888,0.8951451198023211,0.0
C001203,4.0,1191.4299999999998,104.0,297.85749999999996,4.0,0.0,0.5,0.5957798611752264,0.0,0.3236279093190536,0.08059222950572002
C001204,5.0,796.3599999999999,9.0,159.272,4.6,0.0,0.0,0.09632578230950825,0.9036742176904917,0.0,0.0
C001205,0.0,0.0,0.0,0.0,0.0,0.0,0.0,0.0,0.0,0.0,0.0
C001206,2.0,597.47,420.0,298.735,3.0,0.5,0.5,0.6032771519908949,0.0,0.39672284800910507,0.0
C001207,10.0,9576.88,54.0,957.6879999999999,3.4,0.2,0.9,0.17557597046219642,0.0856656865283892,0.0,0.7387583430094142
C001208,4.0,532.37,46.0,133.0925,3.0,0.0,0.0,0.4922516295057948,0.11492007438435674,0.1568833705881248,0.2359449255217236
C001209,1.0,110.56,340.0,110.56,1.0,0.0,0.0,0.0,0.0,0.0,1.0
C001210,8.0,1883.75,68.0,235.46875,4.125,0.0,0.0,0.2319681486396815,0.28731519575315195,0.057879230258792304,0.42283742534837426
C001211,11.0,3464.33,38.0,314.9390909090909,3.727272727272727,0.18181818181818182,0.5454545454545454,0.7433067865936558,0.2041375965915487,0.03010105850193255,0.022454558312862805
C001212,2.0,708.3299999999999,438.0,354.16499999999996,4.5,0.0,0.0,0.0,0.8089732186974998,0.0,0.19102678130250028
C001213,2.0,546.13,32.0,273.065,3.5,0.0,1.0,1.0,0.0,0.0,0.0
C001214,3.0,322.65,68.0,107.55,5.0,0.0,0.0,0.46297845963117934,0.0,0.5370215403688207,0.0
C001215,5.0,2995.0699999999997,11.0,599.0139999999999,6.6,0.0,0.6,0.0,0.7181601765568083,0.28183982344319164,0.0
C001216,8.0,1258.76,31.0,157.345,4.125,0.125,0.25,0.0,0.5018907496266166,0.4981092503733833,0.0
C001217,8.0,638.43,66.0,79.80375,4.375,0.375,0.125,0.0,0.45090299641307585,0.18938646366868725,0.3597105399182369
C001218,6.0,1593.92,57.0,265.65333333333336,3.6666666666666665,0.16666666666666666,0.0,0.32921978518369804,0.0457112025697651,0.6250690122465368,0.0
C001219,8.0,2009.1100000000001,66.0,251.13875000000002,4.75,0.125,0.125,0.0,0.6261777603018251,0.2921293508070738,0.08169288889110103
C001220,4.0,791.0799999999999,181.0,197.76999999999998,4.25,0.25,0.0,0.0,0.07056176366486323,0.30459624816706277,0.6248419881680741
C001221,0.0,0.0,0.0,0.0,0.0,0.0,0.0,0.0,0.0,0.0,0.0
C001222,3.0,1780.8899999999999,243.0,593.63,3.6666666666666665,0.0,0.3333333333333333,0.0,0.0,0.5552055432957679,0.4447944567042322
C001223,5.0,2929.45,38.0,585.89,3.8,0.0,1.0,0.0,0.0,0.5199747392855314,0.4800252607144686
C001224,0.0,0.0,0.0,0.0,0.0,0.0,0.0,0.0,0.0,0.0,0.0
C001225,0.0,0.0,0.0,0.0,0.0,0.0,0.0,0.0,0.0,0.0,0.0
C001226,8.0,2451.27,8.0,306.40875,3.5,0.0,0.0,0.026737160737087307,0.6708318545080714,0.0,0.3024309847548413
C001227,4.0,1847.02,336.0,461.755,3.25,0.25,0.5,0.6648060118461088,0.3351939881538911,0.0,0.0
C001228,6.0,2126.2200000000003,22.0,354.37000000000006,3.1666666666666665,0.0,0.0,0.6948951660693624,0.3051048339306374,0.0,0.0
C001229,8.0,3509.0600000000004,0.0,438.63250000000005,4.0,0.25,0.75,0.14706502596136858,0.5146677457780717,0.21067180384490436,0.1275954244156555
C001230,3.0,781.68,98.0,260.56,4.0,0.0,0.0,0.5977765837682939,0.40222341623170604,0.0,0.0
C001231,7.0,3123.64,138.0,446.2342857142857,3.857142857142857,0.0,0.42857142857142855,0.19791333188203508,0.35150017287523533,0.0,0.4505864952427296
C001232,2.0,380.84000000000003,171.0,190.42000000000002,5.0,0.5,0.0,0.0,0.6227024472219305,0.3772975527780695,0.0
C001233,4.0,1870.1299999999999,127.0,467.53249999999997,3.25,0.0,0.5,0.0,0.6562859266468106,0.17836193205819917,0.1653521412949902
C001234,9.0,5663.25,53.0,629.25,3.6666666666666665,0.2222222222222222,1.0,0.2711764446210215,0.29410674082902927,0.30350064009182004,0.13121617445812916
C001235,3.0,649.69,213.0,216.56333333333336,4.0,0.3333333333333333,1.0,0.28855300220104974,0.0,0.0,0.7114469977989503
C001236,5.0,1925.0,198.0,385.0,3.4,0.2,0.2,0.06816103896103896,0.931838961038961,0.0,0.0
C001237,6.0,781.51,48.0,130.25166666666667,2.5,0.3333333333333333,0.16666666666666666,0.2546608488694962,0.5186625890903508,0.0,0.22667656204015305
C001238,4.0,1952.37,177.0,488.0925,4.0,0.0,0.5,0.5219348791468831,0.2754549598692871,0.0,0.20261016098382992
C001239,6.0,2485.15,141.0,414.19166666666666,3.3333333333333335,0.0,0.8333333333333334,0.5489286360984247,0.18044786029012333,0.05968653803593345,0.21093696557551858
C001240,0.0,0.0,0.0,0.0,0.0,0.0,0.0,0.0,0.0,0.0,0.0
C001241,7.0,2442.65,28.0,348.95,3.2857142857142856,0.14285714285714285,0.5714285714285714,0.3979121036579125,0.020469571981249872,0.158827502916914,0.4227908214439236
C001242,2.0,339.7,59.0,169.85,5.0,0.0,0.0,0.0,0.8528113040918457,0.14718869590815425,0.0
C001243,0.0,0.0,0.0,0.0,0.0,0.0,0.0,0.0,0.0,0.0,0.0
C001244,0.0,0.0,0.0,0.0,0.0,0.0,0.0,0.0,0.0,0.0,0.0
C001245,4.0,1862.97,34.0,465.7425,3.25,0.0,1.0,0.0,0.4554877426904352,0.2868591550051799,0.257653102304385
C001246,7.0,2108.52,13.0,301.21714285714285,5.142857142857143,0.14285714285714285,0.14285714285714285,0.0,0.698428281448599,0.24907992335856427,0.052491795192836685
C001247,0.0,0.0,0.0,0.0,0.0,0.0,0.0,0.0,0.0,0.0,0.0
C001248,8.0,1520.5900000000001,80.0,190.07375000000002,3.625,0.125,0.25,0.22574790048599558,0.5428090412274184,0.23144305828658615,0.0
C001249,5.0,2779.0,95.0,555.8,3.4,0.0,1.0,0.6072256207268801,0.0,0.3927743792731198,0.0
C001250,1.0,136.62,392.0,136.62,2.0,0.0,0.0,0.0,0.0,1.0,0.0
C001251,0.0,0.0,0.0,0.0,0.0,0.0,0.0,0.0,0.0,0.0,0.0
C001252,1.0,131.91,16.0,131.91,4.0,0.0,1.0,0.0,0.0,1.0,0.0
C001253,3.0,1092.85,69.0,364.2833333333333,4.0,0.3333333333333333,0.6666666666666666,0.21212426225008008,0.7878757377499199,0.0,0.0
C001254,5.0,1162.26,184.0,232.452,3.4,0.0,0.2,0.31561784798582077,0.6843821520141792,0.0,0.0
C001255,2.0,208.79000000000002,68.0,104.39500000000001,3.5,0.5,1.0,1.0,0.0,0.0,0.0
C001256,6.0,1527.91,2.0,254.65166666666667,3.1666666666666665,0.0,0.0,0.0,0.7506986668062909,0.24930133319370906,0.0
C001257,6.0,1451.54,170.0,241.92333333333332,4.5,0.16666666666666666,0.5,0.09773068603000952,0.3114209735866734,0.08930515176984444,0.5015431886134726
C001258,1.0,199.52,92.0,199.52,6.0,0.0,0.0,0.0,0.0,1.0,0.0
C001259,3.0,782.0799999999999,78.0,260.6933333333333,3.0,0.0,0.0,0.09359656301145662,0.9064034369885433,0.0,0.0
C001260,3.0,2173.0099999999998,215.0,724.3366666666666,4.333333333333333,0.0,0.6666666666666666,0.8866595183639284,0.11334048163607163,0.0,0.0
C001261,9.0,1699.8899999999999,42.0,188.87666666666667,3.4444444444444446,0.0,0.0,0.5676249639682568,0.37902452511633106,0.0,0.05335051091541217
C001262,6.0,2734.0299999999997,66.0,455.6716666666666,3.3333333333333335,0.0,0.16666666666666666,0.10235439991514358,0.021462822280662614,0.27779139219394083,0.5983913856102531
C001263,4.0,2249.26,92.0,562.315,4.25,0.25,1.0,0.7989961142775845,0.0,0.20100388572241537,0.0
C001264,0.0,0.0,0.0,0.0,0.0,0.0,0.0,0.0,0.0,0.0,0.0
C001265,0.0,0.0,0.0,0.0,0.0,0.0,0.0,0.0,0.0,0.0,0.0
C001266,0.0,0.0,0.0,0.0,0.0,0.0,0.0,0.0,0.0,0.0,0.0
C001267,9.0,2834.94,48.0,314.99333333333334,3.111111111111111,0.0,0.5555555555555556,0.0,0.778778386844166,0.11595307131720602,0.10526854183862798
C001268,6.0,1816.44,105.0,302.74,3.3333333333333335,0.16666666666666666,0.16666666666666666,0.14977648587346679,0.8021184294554182,0.04810508467111493,0.0
C001269,7.0,3245.91,85.0,463.70142857142855,3.5714285714285716,0.14285714285714285,0.8571428571428571,0.39751872356288376,0.0,0.5804381513966808,0.022043125040435502
C001270,1.0,99.86,390.0,99.86,4.0,0.0,1.0,0.0,0.0,1.0,0.0
C001271,4.0,1454.89,88.0,363.7225,2.75,0.0,1.0,1.0,0.0,0.0,0.0
C001272,1.0,700.67,466.0,700.67,3.0,1.0,1.0,1.0,0.0,0.0,0.0
C001273,5.0,2480.39,125.0,496.078,3.6,0.2,0.8,0.6165482041130629,0.0,0.2935304528723306,0.08992134301460658
C001274,10.0,4862.66,23.0,486.26599999999996,3.1,0.1,0.7,0.32762109627241054,0.0,0.5270572073720967,0.1453216963554927
C001275,1.0,219.56,517.0,219.56,2.0,0.0,0.0,0.0,1.0,0.0,0.0
C001276,1.0,455.82,265.0,455.82,3.0,0.0,1.0,0.0,0.0,0.0,1.0
C001277,3.0,572.86,398.0,190.95333333333335,4.333333333333333,0.0,0.6666666666666666,0.0,0.0,1.0,0.0
C001278,1.0,56.72,453.0,56.72,4.0,0.0,0.0,0.0,1.0,0.0,0.0
C001279,3.0,1555.44,53.0,518.48,3.0,0.3333333333333333,0.6666666666666666,0.7916730957156818,0.0,0.0,0.20832690428431827
C001280,8.0,3709.69,15.0,463.71125,3.875,0.0,0.5,0.19091622211020332,0.40166159436502785,0.0,0.407422183524769
C001281,0.0,0.0,0.0,0.0,0.0,0.0,0.0,0.0,0.0,0.0,0.0
C001282,4.0,3055.49,48.0,763.8725,4.75,0.0,1.0,0.44510700411390647,0.06630687712936387,0.3505984310208837,0.137987687735846
C001283,9.0,2238.09,152.0,248.67666666666668,4.444444444444445,0.0,0.0,0.08614488246674622,0.6131656903877861,0.3006894271454678,0.0
C001284,7.0,1126.25,113.0,160.89285714285714,4.285714285714286,0.0,0.0,0.2473784683684795,0.6691675915649279,0.0,0.08345394006659267
C001285,6.0,3711.8,150.0,618.6333333333333,2.8333333333333335,0.5,0.8333333333333334,0.5369039280133627,0.3369362573414516,0.0,0.1261598146451856
C001286,3.0,282.7,162.0,94.23333333333333,2.6666666666666665,0.0,0.0,0.0,0.7370003537318712,0.2629996462681288,0.0
C001287,9.0,5254.36,123.0,583.8177777777778,3.6666666666666665,0.2222222222222222,1.0,0.7009340814104857,0.09318546882969571,0.16750470085795413,0.03837574890186435
C001288,8.0,6191.43,38.0,773.92875,2.375,0.125,0.625,0.24890372660273957,0.4601957867568558,0.21285228129850453,0.07804820534190002
C001289,5.0,1496.1399999999999,34.0,299.22799999999995,4.2,0.0,0.8,0.6475664042135094,0.0,0.049834908497867855,0.30259868728862277
C001290,5.0,1652.95,73.0,330.59000000000003,4.4,0.2,0.0,0.0,0.5835990199340573,0.41640098006594267,0.0
C001291,10.0,3366.62,139.0,336.662,4.5,0.2,0.1,0.03366878352769246,0.6387266754192632,0.24509151612002544,0.08251302493301889
C001292,6.0,3790.87,43.0,631.8116666666666,3.5,0.16666666666666666,0.6666666666666666,0.596008304162369,0.0,0.40399169583763095,0.0
C001293,4.0,1003.8299999999999,186.0,250.95749999999998,4.0,0.0,0.0,0.0,0.7423468117111464,0.2576531882888537,0.0
C001294,3.0,1025.47,22.0,341.8233333333333,3.3333333333333335,0.0,0.3333333333333333,0.2974245955513082,0.0,0.4543672657415624,0.2482081387071294
C001295,5.0,1222.02,169.0,244.404,3.0,0.0,1.0,0.6661102109621774,0.0,0.24941490319307377,0.08447488584474887
C001296,2.0,243.57,250.0,121.785,4.0,0.0,0.0,0.0,1.0,0.0,0.0
C001297,2.0,977.44,37.0,488.72,3.0,0.0,1.0,0.0,0.49849607137010965,0.0,0.5015039286298903
C001298,3.0,1902.62,215.0,634.2066666666666,3.3333333333333335,0.0,0.6666666666666666,0.0357717253051056,0.0887302771967077,0.8754979974981868,0.0
C001299,5.0,1597.6100000000001,55.0,319.52200000000005,3.4,0.0,0.0,0.0,0.5648875507789761,0.4351124492210239,0.0
C001300,0.0,0.0,0.0,0.0,0.0,0.0,0.0,0.0,0.0,0.0,0.0
C001301,6.0,1491.98,73.0,248.66333333333333,4.166666666666667,0.0,0.0,0.09219962734084908,0.459087923430609,0.13443209694499925,0.3142803522835427
C001302,10.0,5079.25,219.0,507.925,3.9,0.0,0.1,0.0814903775163656,0.3379239060884973,0.5435526898656298,0.03703302652950731
C001303,0.0,0.0,0.0,0.0,0.0,0.0,0.0,0.0,0.0,0.0,0.0
C001304,5.0,1676.8899999999999,198.0,335.378,3.4,0.0,1.0,0.7023299083422287,0.15176904865554686,0.0,0.14590104300222434
C001305,8.0,4164.46,37.0,520.5575,3.0,0.125,0.625,0.04743472142846852,0.49671025775250566,0.0,0.4558550208190258
C001306,5.0,3197.71,36.0,639.542,3.0,0.2,1.0,0.34475296383974785,0.15976120411169242,0.4954858320485598,0.0
C001307,0.0,0.0,0.0,0.0,0.0,0.0,0.0,0.0,0.0,0.0,0.0
C001308,7.0,1429.42,159.0,204.20285714285714,3.2857142857142856,0.14285714285714285,0.0,0.0,0.672440570301241,0.12660379734437746,0.20095563235438152
C001309,4.0,3050.01,46.0,762.5025,3.5,0.0,1.0,0.39721181242028714,0.0,0.0,0.6027881875797128
C001310,6.0,1139.4,7.0,189.9,3.5,0.16666666666666666,0.3333333333333333,0.23773038441284886,0.3731788660698613,0.23295594172371423,0.15613480779357555
C001311,6.0,2297.7400000000002,11.0,382.9566666666667,4.0,0.0,0.16666666666666666,0.8548095084735435,0.11391628295629617,0.0,0.03127420857016024
C001312,2.0,692.52,157.0,346.26,4.0,0.0,1.0,0.0,1.0,0.0,0.0
C001313,3.0,1000.15,144.0,333.3833333333333,2.6666666666666665,0.0,0.6666666666666666,0.8279658051292307,0.1720341948707694,0.0,0.0
C001314,7.0,5253.41,106.0,750.4871428571429,3.2857142857142856,0.42857142857142855,0.8571428571428571,0.761077090880019,0.0,0.2389229091199811,0.0
C001315,4.0,1835.51,150.0,458.8775,3.5,0.0,0.5,0.0,0.7269096872258937,0.0,0.2730903127741064
C001316,0.0,0.0,0.0,0.0,0.0,0.0,0.0,0.0,0.0,0.0,0.0
C001317,6.0,949.37,112.0,158.22833333333332,3.3333333333333335,0.16666666666666666,0.3333333333333333,0.0,0.21684906832952383,0.48158252314692906,0.3015684085235472
C001318,6.0,3645.24,28.0,607.54,3.0,0.0,0.8333333333333334,0.3039470652138131,0.0,0.6960529347861869,0.0
C001319,7.0,1966.1100000000001,1.0,280.8728571428572,3.857142857142857,0.14285714285714285,0.14285714285714285,0.0,0.6250311528856473,0.3749688471143527,0.0
C001320,7.0,3126.1,111.0,446.5857142857143,2.857142857142857,0.2857142857142857,1.0,0.7976936118486292,0.04980326924922426,0.0,0.15250311890214643
C001321,3.0,1672.69,165.0,557.5633333333334,4.333333333333333,0.6666666666666666,0.6666666666666666,0.0,0.5679115675947126,0.0,0.43208843240528727
C001322,7.0,2047.0500000000002,85.0,292.4357142857143,3.5714285714285716,0.0,0.14285714285714285,0.14500867101438655,0.6520798221831416,0.0,0.20291150680247183
C001323,7.0,3006.5299999999997,54.0,429.5042857142857,3.4285714285714284,0.14285714285714285,0.7142857142857143,0.2442949180616857,0.5143138435339079,0.10416992346658772,0.13722131493781867
C001324,3.0,583.85,3.0,194.61666666666667,3.0,0.0,0.0,0.0,0.3566669521281151,0.17165367817076302,0.47167936970112184
C001325,8.0,3766.15,25.0,470.76875,3.875,0.125,0.25,0.13646296615907494,0.12641822550880874,0.6565670512326912,0.08055175709942514
C001326,2.0,754.2,86.0,377.1,3.5,0.0,1.0,0.450861840360647,0.0,0.0,0.549138159639353
C001327,5.0,2865.12,83.0,573.024,2.8,0.2,0.6,0.1797516334394371,0.2466458647456302,0.0,0.5736025018149328
C001328,1.0,597.19,493.0,597.19,3.0,0.0,1.0,1.0,0.0,0.0,0.0
C001329,3.0,560.71,83.0,186.90333333333334,3.6666666666666665,0.3333333333333333,0.0,0.0,1.0,0.0,0.0
C001330,7.0,3391.5299999999997,196.0,484.5042857142857,5.0,0.5714285714285714,0.0,0.0,0.9804395066533393,0.01956049334666065,0.0
C001331,3.0,1484.26,286.0,494.75333333333333,3.0,0.0,0.3333333333333333,0.0,0.5844056971150607,0.0,0.4155943028849393
C001332,0.0,0.0,0.0,0.0,0.0,0.0,0.0,0.0,0.0,0.0,0.0
C001333,5.0,2045.51,231.0,409.102,4.4,0.0,0.2,0.29466978895238843,0.507135139891763,0.19819507115584867,0.0
C001334,0.0,0.0,0.0,0.0,0.0,0.0,0.0,0.0,0.0,0.0,0.0
C001335,0.0,0.0,0.0,0.0,0.0,0.0,0.0,0.0,0.0,0.0,0.0
C001336,5.0,1878.7,287.0,375.74,4.8,0.2,0.4,0.34565923244796926,0.4851386597115026,0.169202107840528,0.0
C001337,8.0,2982.72,120.0,372.84,3.5,0.125,0.375,0.5729166666666666,0.0,0.16588885312734683,0.26119448020598646
C001338,0.0,0.0,0.0,0.0,0.0,0.0,0.0,0.0,0.0,0.0,0.0
C001339,4.0,1609.5900000000001,25.0,402.39750000000004,3.25,0.0,1.0,0.5020471051634268,0.0,0.21588727564162305,0.28206561919495027
C001340,5.0,928.71,186.0,185.74200000000002,3.2,0.2,0.2,0.0,0.3073187539705613,0.0,0.6926812460294387
C001341,7.0,3228.59,210.0,461.2271428571429,3.7142857142857144,0.14285714285714285,0.14285714285714285,0.44083330494116624,0.0,0.03910685469508361,0.5200598403637502
C001342,8.0,2443.25,33.0,305.40625,3.375,0.0,0.875,0.2774583034892049,0.2847191241174665,0.282668576690883,0.1551539957024455
C001343,2.0,1043.29,386.0,521.645,4.0,0.0,0.0,0.7767926463399438,0.0,0.0,0.22320735366005617
C001344,0.0,0.0,0.0,0.0,0.0,0.0,0.0,0.0,0.0,0.0,0.0
C001345,5.0,895.5600000000001,143.0,179.11200000000002,3.6,0.0,0.2,0.09832953682611996,0.15977712269418018,0.7418933404796999,0.0
C001346,9.0,3176.97,49.0,352.99666666666667,3.5555555555555554,0.1111111111111111,0.7777777777777778,0.14228966593955875,0.6477114986921501,0.0610487351155346,0.14895010025275654
C001347,3.0,1605.0,30.0,535.0,3.6666666666666665,0.0,0.6666666666666666,0.0,0.07345794392523365,0.8439750778816199,0.08256697819314643
C001348,3.0,1631.25,76.0,543.75,3.3333333333333335,0.3333333333333333,1.0,1.0,0.0,0.0,0.0
C001349,3.0,1963.81,95.0,654.6033333333334,3.3333333333333335,0.0,0.6666666666666666,0.5325209668959828,0.0,0.0,0.46747903310401717
C001350,3.0,582.3199999999999,134.0,194.10666666666665,4.666666666666667,0.0,0.3333333333333333,0.544666162934469,0.455333837065531,0.0,0.0
C001351,1.0,451.41,78.0,451.41,3.0,0.0,1.0,0.0,0.0,1.0,0.0
C001352,4.0,627.6300000000001,8.0,156.90750000000003,3.5,0.0,0.5,0.0,0.5656836033969058,0.0,0.4343163966030941
C001353,5.0,2457.33,81.0,491.466,3.6,0.4,1.0,0.6289102399759088,0.10690871799880357,0.2641810420252876,0.0
C001354,6.0,2420.77,3.0,403.46166666666664,3.5,0.16666666666666666,0.6666666666666666,0.28565704300697714,0.0,0.39446952829058524,0.3198734287024377
C001355,0.0,0.0,0.0,0.0,0.0,0.0,0.0,0.0,0.0,0.0,0.0
C001356,5.0,1333.5900000000001,18.0,266.718,2.6,0.0,0.0,0.29200878830825067,0.40205010535471924,0.0,0.3059411063370301
C001357,3.0,868.85,193.0,289.6166666666667,4.0,0.0,0.6666666666666666,1.0,0.0,0.0,0.0
C001358,5.0,2239.88,10.0,447.976,3.0,0.0,0.4,0.9518277764880261,0.04817222351197386,0.0,0.0
C001359,3.0,509.61,109.0,169.87,4.666666666666667,0.3333333333333333,1.0,0.4185749887168619,0.0,0.3993053511508801,0.182119660132258
C001360,0.0,0.0,0.0,0.0,0.0,0.0,0.0,0.0,0.0,0.0,0.0
C001361,6.0,1576.87,3.0,262.81166666666667,3.3333333333333335,0.16666666666666666,0.5,0.0,0.2440213841343928,0.6228795017978654,0.1330991140677418
C001362,0.0,0.0,0.0,0.0,0.0,0.0,0.0,0.0,0.0,0.0,0.0
C001363,0.0,0.0,0.0,0.0,0.0,0.0,0.0,0.0,0.0,0.0,0.0
C001364,3.0,528.7,202.0,176.23333333333335,4.0,0.0,0.3333333333333333,0.3006620011348591,0.0,0.18585209003215433,0.5134859088329866
C001365,3.0,573.6,79.0,191.20000000000002,3.6666666666666665,0.3333333333333333,0.3333333333333333,0.0,0.8293584379358439,0.0,0.17064156206415623
C001366,5.0,2020.5499999999997,19.0,404.10999999999996,2.6,0.0,0.4,0.28862438444977845,0.2904258741431788,0.049927000074237206,0.3710227413328054
C001367,7.0,1671.5,71.0,238.78571428571428,4.142857142857143,0.0,0.0,0.0,0.4539694884833982,0.21310798683816934,0.33292252467843253
C001368,4.0,1954.79,228.0,488.6975,3.5,0.0,0.5,0.1416776226602346,0.0,0.820384798367088,0.03793757897267737
C001369,2.0,371.61,44.0,185.805,4.5,0.0,0.0,0.6340249185974544,0.0,0.36597508140254564,0.0
C001370,1.0,132.66,19.0,132.66,1.0,0.0,1.0,0.0,0.0,1.0,0.0
C001371,4.0,2365.47,51.0,591.3675,3.75,0.25,0.5,0.2296118741729973,0.0,0.11067990716432674,0.6597082186626758
C001372,0.0,0.0,0.0,0.0,0.0,0.0,0.0,0.0,0.0,0.0,0.0
C001373,4.0,2524.34,130.0,631.085,3.0,0.0,0.75,0.10355974234849505,0.0,0.0,0.8964402576515049
C001374,9.0,3684.1600000000003,11.0,409.35111111111115,3.888888888888889,0.1111111111111111,0.2222222222222222,0.1390249066272909,0.1882572961000608,0.6727177972726482,0.0
C001375,6.0,3842.4300000000003,128.0,640.4050000000001,3.3333333333333335,0.0,1.0,0.2034051368535016,0.36304890394880324,0.10734613252551121,0.32619982667218406
C001376,3.0,2258.59,20.0,752.8633333333333,3.0,0.0,1.0,0.33183092106137013,0.0,0.0,0.6681690789386299
C001377,0.0,0.0,0.0,0.0,0.0,0.0,0.0,0.0,0.0,0.0,0.0
C001378,6.0,2094.25,38.0,349.0416666666667,3.8333333333333335,0.0,0.16666666666666666,0.027413155067446578,0.7662265727587442,0.0,0.20636027217380926
C001379,11.0,3390.58,19.0,308.23454545454547,4.090909090909091,0.0,0.0,0.05440662069616408,0.5165694364975904,0.18308372018946611,0.24594022261677947
C001380,3.0,772.27,20.0,257.42333333333335,4.0,0.3333333333333333,1.0,0.0,0.0,0.3938259934996827,0.6061740065003173
C001381,3.0,1067.5900000000001,213.0,355.8633333333334,4.333333333333333,0.3333333333333333,0.0,0.0,0.4501259846944989,0.0,0.5498740153055012
C001382,1.0,2278.88,156.0,2278.88,4.0,0.0,1.0,1.0,0.0,0.0,0.0
C001383,6.0,868.65,45.0,144.775,4.0,0.5,0.3333333333333333,0.0,0.6597248604155874,0.07326310942266737,0.2670120301617453
C001384,10.0,3403.72,36.0,340.37199999999996,4.0,0.2,0.8,0.3277179086411338,0.02553676565639947,0.03192683299448838,0.6148184927079783
C001385,4.0,845.46,228.0,211.365,4.0,0.25,0.75,0.2416199465379793,0.0,0.6269722991034467,0.13140775435857402
C001386,3.0,422.78000000000003,321.0,140.92666666666668,3.0,0.0,0.6666666666666666,0.32212971285302044,0.0,0.0,0.6778702871469795
C001387,4.0,643.49,76.0,160.8725,3.75,0.0,0.25,0.0,0.20547327852802685,0.7945267214719731,0.0
C001388,5.0,2262.06,0.0,452.412,4.8,0.2,0.4,0.18396063764886872,0.0,0.8160393623511312,0.0
C001389,4.0,1362.35,43.0,340.5875,4.0,0.25,0.75,0.24526736888464787,0.0,0.7547326311153523,0.0
C001390,5.0,2905.53,111.0,581.106,3.6,0.4,0.8,0.8794574483829113,0.0,0.0,0.12054255161708881
C001391,9.0,3444.9,35.0,382.76666666666665,4.333333333333333,0.2222222222222222,0.7777777777777778,0.5862898777903568,0.0,0.19825539202879622,0.21545473018084707
C001392,5.0,962.61,18.0,192.522,4.2,0.0,0.2,0.321500919375448,0.6208641090368893,0.0576349715876627,0.0
C001393,1.0,99.04,29.0,99.04,2.0,0.0,1.0,0.0,0.0,0.0,1.0
C001394,4.0,1262.01,290.0,315.5025,4.0,0.25,0.0,0.0,0.6020079080197462,0.3979920919802537,0.0
C001395,4.0,1310.21,427.0,327.5525,6.25,0.0,0.5,0.0,0.5510261713771075,0.4489738286228925,0.0
C001396,6.0,1314.02,46.0,219.00333333333333,4.166666666666667,0.16666666666666666,0.0,0.15543903441347925,0.5583096147699427,0.21084153970259206,0.07540981111398609
C001397,8.0,1855.1200000000001,16.0,231.89000000000001,3.5,0.375,0.375,0.4887392729311312,0.026952434343869937,0.3563057915390918,0.1280025011859071
C001398,5.0,3218.89,59.0,643.778,3.2,0.0,0.6,0.0,0.24399094097654783,0.5999490507597339,0.15606000826371824
C001399,5.0,1055.42,32.0,211.084,3.4,0.0,0.2,0.25724356180477914,0.0640882302779936,0.26803547402929634,0.4106327338879308
C001400,5.0,2197.57,60.0,439.514,3.6,0.4,0.6,0.16614260296600336,0.6193659360111395,0.21449146102285704,0.0
C001401,3.0,1348.03,18.0,449.3433333333333,2.0,0.3333333333333333,0.3333333333333333,0.0,0.8593725658924505,0.0,0.14062743410754952
C001402,11.0,2865.32,38.0,260.4836363636364,3.272727272727273,0.2727272727272727,0.09090909090909091,0.3168302318763699,0.399403906020968,0.2213365348372957,0.06242932726536653
C001403,4.0,1602.44,12.0,400.61,3.5,0.25,1.0,0.36773295724020866,0.0,0.0,0.6322670427597913
C001404,4.0,1275.85,130.0,318.9625,3.5,0.0,0.0,0.2525845514754869,0.7474154485245131,0.0,0.0
C001405,2.0,315.44,288.0,157.72,4.0,0.0,0.0,0.0,1.0,0.0,0.0
C001406,4.0,2142.6,148.0,535.65,3.25,0.0,0.75,0.3229767572108652,0.0,0.0,0.6770232427891346
C001407,0.0,0.0,0.0,0.0,0.0,0.0,0.0,0.0,0.0,0.0,0.0
C001408,9.0,4248.37,94.0,472.0411111111111,3.2222222222222223,0.2222222222222222,0.8888888888888888,0.24185040380192876,0.21202013948879217,0.0294230493106768,0.5167064073986023
C001409,0.0,0.0,0.0,0.0,0.0,0.0,0.0,0.0,0.0,0.0,0.0
C001410,1.0,163.14,387.0,163.14,4.0,0.0,1.0,1.0,0.0,0.0,0.0
C001411,0.0,0.0,0.0,0.0,0.0,0.0,0.0,0.0,0.0,0.0,0.0
C001412,4.0,1980.85,146.0,495.2125,3.75,0.0,0.75,0.5957190095161168,0.0,0.0,0.40428099048388316
C001413,2.0,545.37,113.0,272.685,4.5,0.0,0.0,0.6758714267378111,0.32412857326218897,0.0,0.0
C001414,2.0,777.1999999999999,106.0,388.59999999999997,3.0,0.0,0.0,0.712210499227998,0.28778950077200205,0.0,0.0
C001415,5.0,2997.67,237.0,599.534,3.4,0.0,0.2,0.35615327904672633,0.0,0.05085616495478154,0.5929905559984922
C001416,3.0,810.2,22.0,270.06666666666666,4.333333333333333,0.0,1.0,0.0,0.29277956060232035,0.0,0.7072204393976795
C001417,6.0,2081.39,156.0,346.8983333333333,4.166666666666667,0.0,0.3333333333333333,0.31786930849096035,0.22793421703765265,0.15788487501141063,0.2963115994599762
C001418,6.0,1925.02,234.0,320.83666666666664,3.5,0.16666666666666666,0.16666666666666666,0.1656554217618518,0.24858962504285667,0.5857549531952915,0.0
C001419,0.0,0.0,0.0,0.0,0.0,0.0,0.0,0.0,0.0,0.0,0.0
C001420,0.0,0.0,0.0,0.0,0.0,0.0,0.0,0.0,0.0,0.0,0.0
C001421,5.0,1331.8500000000001,37.0,266.37,4.8,0.4,0.0,0.20431730299958703,0.47428764500506815,0.3213950519953448,0.0
C001422,0.0,0.0,0.0,0.0,0.0,0.0,0.0,0.0,0.0,0.0,0.0
C001423,9.0,3647.55,38.0,405.28333333333336,2.4444444444444446,0.1111111111111111,1.0,0.2197749174103165,0.0,0.23947307096544254,0.5407520116242409
C001424,6.0,3109.7999999999997,37.0,518.3,3.5,0.16666666666666666,0.5,0.40041803331403947,0.05929320213518553,0.5402887645507749,0.0
C001425,1.0,500.41,75.0,500.41,2.0,0.0,0.0,0.0,0.0,0.0,1.0
C001426,4.0,1447.14,95.0,361.785,4.0,0.0,0.5,0.7553381151789046,0.0,0.0,0.24466188482109544
C001427,12.0,3557.65,1.0,296.47083333333336,3.9166666666666665,0.0,0.4166666666666667,0.17511559596924936,0.3564319143254676,0.0835073714390117,0.38494511826627126
C001428,1.0,194.2,221.0,194.2,6.0,0.0,0.0,0.0,0.0,1.0,0.0
C001429,1.0,145.0,437.0,145.0,3.0,0.0,0.0,0.0,0.0,1.0,0.0
C001430,4.0,663.05,200.0,165.7625,3.25,0.0,0.0,0.0,0.8023829273810422,0.19761707261895786,0.0
C001431,3.0,1348.7199999999998,157.0,449.57333333333327,4.0,0.0,0.0,0.0,0.497219585977816,0.0,0.5027804140221841
C001432,6.0,1502.0900000000001,6.0,250.34833333333336,2.5,0.0,0.16666666666666666,0.033286953511440724,0.0,0.3578014632944764,0.6089115831940829
C001433,3.0,2257.91,124.0,752.6366666666667,3.3333333333333335,0.0,1.0,0.690811414095336,0.0,0.1114216244225855,0.1977669614820786
C001434,8.0,2822.52,101.0,352.815,4.375,0.125,0.5,0.06434321103127702,0.5941747091251789,0.2690999532332809,0.07238212661026318
C001435,10.0,2210.03,49.0,221.00300000000001,3.5,0.3,0.1,0.1276317516051818,0.19517382116984838,0.5128482418790695,0.16434618534590026
C001436,8.0,3457.34,52.0,432.1675,4.25,0.125,0.125,0.02267928523084221,0.11647104421318125,0.7714948486408626,0.08935482191511394
C001437,4.0,512.64,139.0,128.16,2.75,0.0,0.5,0.0,0.2589341448189763,0.7410658551810237,0.0
C001438,7.0,1950.0100000000002,67.0,278.5728571428572,3.7142857142857144,0.2857142857142857,0.5714285714285714,0.4098645647971036,0.5529971641171071,0.0,0.03713827108578931
C001439,11.0,1577.78,143.0,143.43454545454546,4.090909090909091,0.0,0.0,0.0,0.6213033502769715,0.2174891302969996,0.161207519426029
C001440,5.0,1492.8600000000001,24.0,298.572,3.6,0.2,0.2,0.31876398322682636,0.503007649746125,0.17822836702704875,0.0
C001441,3.0,817.6700000000001,57.0,272.5566666666667,5.666666666666667,0.0,0.3333333333333333,0.163684616043147,0.3101373414702753,0.5261780424865776,0.0
C001442,3.0,1750.53,53.0,583.51,3.6666666666666665,0.0,0.6666666666666666,0.0,0.0,0.0,1.0
C001443,7.0,1879.3,74.0,268.4714285714286,3.5714285714285716,0.0,0.5714285714285714,0.19796732826052252,0.16207098387697544,0.2487894428776672,0.3911722449848347
C001444,0.0,0.0,0.0,0.0,0.0,0.0,0.0,0.0,0.0,0.0,0.0
C001445,8.0,2271.54,87.0,283.9425,3.625,0.375,0.75,0.47311955765692,0.08533858087464892,0.30746101763561284,0.13408084383281826
C001446,7.0,1424.3600000000001,14.0,203.48000000000002,3.857142857142857,0.14285714285714285,0.14285714285714285,0.0,0.5621401892779915,0.21842090482743126,0.2194389058945772
C001447,4.0,568.7,175.0,142.175,3.25,0.25,0.25,0.0,0.11811148232811675,0.639018814840865,0.2428697028310181
C001448,5.0,2515.2599999999998,2.0,503.05199999999996,4.0,0.0,0.6,0.9299595270469057,0.0,0.0700404729530943,0.0
C001449,3.0,1133.17,71.0,377.72333333333336,3.0,0.0,0.0,0.0,0.8179531756047195,0.18204682439528047,0.0
C001450,5.0,3000.74,19.0,600.1479999999999,4.4,0.4,1.0,0.0,0.016662556569379552,0.814182501649593,0.16915494178102736
C001451,3.0,406.75,131.0,135.58333333333334,4.333333333333333,0.3333333333333333,0.3333333333333333,0.0,0.18692071296865398,0.8130792870313461,0.0
C001452,4.0,2301.54,132.0,575.385,5.25,0.25,0.25,0.06842809597052409,0.5319612085820798,0.39961069544739614,0.0
C001453,0.0,0.0,0.0,0.0,0.0,0.0,0.0,0.0,0.0,0.0,0.0
C001454,2.0,216.67000000000002,144.0,108.33500000000001,4.0,0.0,0.0,0.46051599206166055,0.0,0.5394840079383394,0.0
C001455,9.0,2207.3,19.0,245.2555555555556,2.888888888888889,0.0,0.5555555555555556,0.25856023195759525,0.144352829248403,0.23133692746794723,0.3657500113260544
C001456,5.0,1434.3899999999999,3.0,286.878,3.8,0.2,0.8,0.18972524906057628,0.18668562943132622,0.23582149903443278,0.3877676224736648
C001457,0.0,0.0,0.0,0.0,0.0,0.0,0.0,0.0,0.0,0.0,0.0
C001458,0.0,0.0,0.0,0.0,0.0,0.0,0.0,0.0,0.0,0.0,0.0
C001459,10.0,4559.110000000001,18.0,455.91100000000006,3.1,0.1,0.0,0.21882999094121444,0.30439713014162856,0.0,0.4767728789171571
C001460,4.0,1034.94,118.0,258.735,3.0,0.25,0.5,0.0,0.5635495777532997,0.3172454441803389,0.11920497806636134
C001461,0.0,0.0,0.0,0.0,0.0,0.0,0.0,0.0,0.0,0.0,0.0
C001462,5.0,1592.92,181.0,318.584,4.0,0.2,0.2,0.5011613891469753,0.16298998066444015,0.23788388619641915,0.09796474399216533
C001463,9.0,4430.51,69.0,492.2788888888889,3.888888888888889,0.3333333333333333,1.0,0.17382423242470957,0.32737540373455876,0.08592013109100306,0.41288023274972857
C001464,3.0,1931.56,90.0,643.8533333333334,3.6666666666666665,0.3333333333333333,1.0,0.9438640270040796,0.0,0.0,0.056135972995920394
C001465,4.0,2164.33,106.0,541.0825,4.75,0.5,0.75,0.0,0.760489389326027,0.023674763090656234,0.21583584758331678
C001466,3.0,533.34,39.0,177.78,4.333333333333333,0.0,0.0,0.0,0.7483781452731841,0.0,0.2516218547268159
C001467,0.0,0.0,0.0,0.0,0.0,0.0,0.0,0.0,0.0,0.0,0.0
C001468,8.0,1626.33,7.0,203.29125,4.5,0.25,0.375,0.1534805359305922,0.7101633739769911,0.13635609009241664,0.0
C001469,4.0,1183.8899999999999,119.0,295.97249999999997,2.75,0.0,0.0,0.3620691111505292,0.45088648438621826,0.1870444044632525,0.0
C001470,6.0,2047.04,149.0,341.17333333333335,3.6666666666666665,0.0,0.6666666666666666,0.22291210723776772,0.07474206659371581,0.0,0.7023458261685165
C001471,3.0,1542.54,8.0,514.18,4.0,0.0,1.0,0.0,0.1616100716999235,0.32069832873053533,0.5176915995695411
C001472,4.0,1423.19,112.0,355.7975,3.25,0.0,0.5,0.0,0.0,0.7096803659384903,0.2903196340615097
C001473,7.0,3241.2,55.0,463.0285714285714,4.0,0.0,0.2857142857142857,0.11675305442428731,0.7199864247809453,0.04388189559422436,0.11937862520054301
C001474,5.0,2034.5700000000002,73.0,406.91400000000004,4.0,0.0,0.8,0.1064696717242464,0.0,0.29704065232456983,0.5964896759511837
C001475,4.0,866.3399999999999,58.0,216.58499999999998,3.0,0.0,0.0,0.0,0.8077890897338228,0.1922109102661773,0.0
C001476,2.0,660.0799999999999,2.0,330.03999999999996,4.5,0.0,1.0,0.0,0.5351775542358502,0.0,0.4648224457641498
C001477,2.0,507.62,202.0,253.81,4.5,0.0,1.0,0.0,0.5033095622709901,0.4966904377290099,0.0
C001478,0.0,0.0,0.0,0.0,0.0,0.0,0.0,0.0,0.0,0.0,0.0
C001479,0.0,0.0,0.0,0.0,0.0,0.0,0.0,0.0,0.0,0.0,0.0
C001480,0.0,0.0,0.0,0.0,0.0,0.0,0.0,0.0,0.0,0.0,0.0
C001481,1.0,346.02,289.0,346.02,4.0,1.0,0.0,0.0,0.0,1.0,0.0
C001482,8.0,3477.05,44.0,434.63125,4.0,0.0,1.0,0.3663910498842409,0.08018578967803167,0.05390489064005407,0.4995182697976733
C001483,3.0,582.34,54.0,194.11333333333334,3.0,0.0,0.0,0.347735000171721,0.412027337981248,0.0,0.24023766184703094
C001484,3.0,927.79,34.0,309.2633333333333,3.6666666666666665,0.0,1.0,0.0,0.0,0.15776199355457593,0.842238006445424
C001485,1.0,238.38,41.0,238.38,2.0,0.0,0.0,0.0,0.0,0.0,1.0
C001486,5.0,1588.59,75.0,317.71799999999996,4.0,0.0,0.2,0.0,0.46181204716131913,0.20967650558042034,0.3285114472582604
C001487,6.0,3083.05,14.0,513.8416666666667,4.5,0.0,0.6666666666666666,0.1094046479946806,0.5675872918051929,0.3230080602001265,0.0
C001488,0.0,0.0,0.0,0.0,0.0,0.0,0.0,0.0,0.0,0.0,0.0
C001489,7.0,1815.67,6.0,259.38142857142856,3.4285714285714284,0.0,0.8571428571428571,0.591632840769523,0.1876552457219649,0.0,0.220711913508512
C001490,1.0,706.55,196.0,706.55,4.0,0.0,0.0,1.0,0.0,0.0,0.0
C001491,0.0,0.0,0.0,0.0,0.0,0.0,0.0,0.0,0.0,0.0,0.0
C001492,5.0,1554.19,17.0,310.838,3.0,0.0,0.6,0.6721572008570381,0.32784279914296194,0.0,0.0
C001493,7.0,3271.61,57.0,467.3728571428572,3.5714285714285716,0.2857142857142857,1.0,0.5543570291079927,0.0,0.05556897062913979,0.3900740002628676
C001494,4.0,3182.42,117.0,795.605,4.25,0.0,0.0,0.23989605394636787,0.7601039460536321,0.0,0.0
C001495,4.0,1036.73,25.0,259.1825,3.5,0.25,1.0,0.6124352531517367,0.0,0.0,0.3875647468482633
C001496,7.0,5522.94,128.0,788.9914285714285,4.857142857142857,0.2857142857142857,0.8571428571428571,0.0,0.7798690552495591,0.0,0.22013094475044087
C001497,4.0,661.78,26.0,165.445,4.5,0.0,0.0,0.0,0.3779352654960863,0.12786726706760557,0.49419746743630816
C001498,12.0,1791.8500000000001,19.0,149.32083333333335,3.75,0.25,0.16666666666666666,0.12710327315344475,0.6990707927560901,0.17382593409046515,0.0
C001499,6.0,1423.04,156.0,237.17333333333332,3.0,0.16666666666666666,0.16666666666666666,0.0,0.3736437485945582,0.6263562514054418,0.0
C001500,0.0,0.0,0.0,0.0,0.0,0.0,0.0,0.0,0.0,0.0,0.0
C001501,2.0,224.12,1.0,112.06,3.5,0.0,0.0,0.522086382295199,0.0,0.477913617704801,0.0
C001502,1.0,86.87,34.0,86.87,5.0,0.0,0.0,0.0,1.0,0.0,0.0
C001503,3.0,1192.52,206.0,397.50666666666666,3.3333333333333335,0.3333333333333333,0.6666666666666666,0.0,0.17136819508268206,0.5794200516553182,0.2492117532619998
C001504,2.0,255.97,376.0,127.985,4.0,0.0,1.0,0.0,0.4131343516818377,0.0,0.5868656483181622
C001505,7.0,878.38,2.0,125.48285714285714,4.428571428571429,0.0,0.0,0.19919624763769667,0.6179785514242127,0.18282520093809057,0.0
C001506,2.0,911.54,1.0,455.77,3.0,0.0,0.5,0.0,0.19420979880202735,0.8057902011979727,0.0
C001507,2.0,1405.26,105.0,702.63,4.0,0.0,1.0,1.0,0.0,0.0,0.0
C001508,4.0,535.6,155.0,133.9,4.25,0.25,0.0,0.21852128454070202,0.42707244212098583,0.0,0.35440627333831215
C001509,4.0,3334.82,0.0,833.705,4.0,0.5,0.25,0.0,0.0,0.8793518090931444,0.12064819090685552
C001510,0.0,0.0,0.0,0.0,0.0,0.0,0.0,0.0,0.0,0.0,0.0
C001511,8.0,1381.94,28.0,172.7425,3.125,0.125,0.75,0.6820990781075879,0.14040406964122898,0.09910705240459065,0.07838979984659247
C001512,6.0,1801.2,171.0,300.2,3.1666666666666665,0.16666666666666666,0.6666666666666666,0.292255163224517,0.0,0.0,0.707744836775483
C001513,3.0,623.8399999999999,298.0,207.94666666666663,3.6666666666666665,0.6666666666666666,0.0,0.0,0.0,0.7400936137471147,0.25990638625288537
C001514,1.0,50.0,192.0,50.0,6.0,0.0,0.0,0.0,0.0,1.0,0.0
C001515,2.0,992.72,235.0,496.36,3.0,0.0,0.0,0.4092291884922234,0.5907708115077767,0.0,0.0
C001516,8.0,3953.25,59.0,494.15625,4.125,0.0,0.5,0.5323695693416809,0.02993992284828938,0.4376905078100297,0.0
C001517,0.0,0.0,0.0,0.0,0.0,0.0,0.0,0.0,0.0,0.0,0.0
C001518,2.0,363.07,46.0,181.535,3.0,0.0,0.0,1.0,0.0,0.0,0.0
C001519,4.0,1094.4,111.0,273.6,4.0,0.25,0.75,0.0,0.0,0.08980263157894736,0.9101973684210526
C001520,1.0,552.17,58.0,552.17,7.0,0.0,0.0,0.0,1.0,0.0,0.0
C001521,5.0,699.48,72.0,139.89600000000002,4.0,0.2,0.0,0.271058500600446,0.07895865500085777,0.5434036712986791,0.10657917310001715
C001522,3.0,2691.17,8.0,897.0566666666667,2.3333333333333335,0.0,1.0,0.4798767822173999,0.5201232177826001,0.0,0.0
C001523,8.0,1251.66,65.0,156.4575,3.5,0.0,0.0,0.30337312049598136,0.16768131920809165,0.3442308614160395,0.18471469887988748
C001524,9.0,1641.45,48.0,182.38333333333333,4.777777777777778,0.1111111111111111,0.0,0.297968259770325,0.3553443601693624,0.3466873800603125,0.0
C001525,1.0,333.66,433.0,333.66,4.0,0.0,0.0,0.0,0.0,0.0,1.0
C001526,1.0,136.06,438.0,136.06,2.0,0.0,0.0,0.0,0.0,0.0,1.0
C001527,1.0,555.45,465.0,555.45,6.0,0.0,1.0,0.0,0.0,1.0,0.0
C001528,1.0,213.85,472.0,213.85,4.0,0.0,1.0,0.0,0.0,1.0,0.0
C001529,4.0,1502.55,139.0,375.6375,3.75,0.0,0.75,0.7005956540547735,0.0,0.2994043459452265,0.0
C001530,3.0,1401.19,3.0,467.06333333333333,3.6666666666666665,0.0,0.0,0.0,0.7566853888480506,0.2433146111519494,0.0
C001531,8.0,2826.6099999999997,27.0,353.32624999999996,4.125,0.125,0.0,0.4662546301046129,0.1694397175415073,0.27595600383498253,0.08834964851889719
C001532,9.0,2425.93,133.0,269.54777777777775,2.5555555555555554,0.3333333333333333,0.6666666666666666,0.11525476827443498,0.4042326035788337,0.11208072780335789,0.3684319003433735
C001533,5.0,2562.5299999999997,14.0,512.506,3.4,0.0,0.4,0.0,0.6713482378742883,0.0,0.32865176212571173
C001534,2.0,336.15999999999997,305.0,168.07999999999998,4.0,0.0,0.0,0.0,0.0,0.28789861970490244,0.7121013802950976
C001535,2.0,735.1600000000001,303.0,367.58000000000004,2.0,0.5,0.0,0.0,0.0,0.6962565972033298,0.3037434027966701
C001536,2.0,833.22,169.0,416.61,4.0,0.0,0.5,0.5155901202563549,0.0,0.0,0.48440987974364513
C001537,5.0,6864.8099999999995,175.0,1372.962,4.4,0.0,0.4,0.0,0.4932620130782935,0.1363460896951263,0.37039189722658017
C001538,7.0,3122.65,17.0,446.09285714285716,3.0,0.2857142857142857,0.7142857142857143,0.8296799192993131,0.10050758170143949,0.0,0.06981249899924744
C001539,1.0,126.02,390.0,126.02,4.0,0.0,0.0,1.0,0.0,0.0,0.0
C001540,6.0,972.13,129.0,162.02166666666668,4.333333333333333,0.0,0.0,0.0,0.36005472519107523,0.12577535926265007,0.5141699155462747
C001541,1.0,234.5,275.0,234.5,2.0,0.0,1.0,1.0,0.0,0.0,0.0
C001542,10.0,1735.19,7.0,173.519,4.9,0.1,0.0,0.0396959410784986,0.8800534811749722,0.08025057774652919,0.0
C001543,6.0,2182.94,129.0,363.8233333333333,3.5,0.0,1.0,0.356606228297617,0.0474268646870734,0.10696125408852282,0.4890056529267868
C001544,3.0,769.78,106.0,256.5933333333333,3.3333333333333335,0.0,0.0,0.0,0.6649432305333992,0.0,0.3350567694666009
C001545,3.0,866.15,70.0,288.71666666666664,3.0,0.0,1.0,0.0,0.3987992841886509,0.0,0.601200715811349
C001546,0.0,0.0,0.0,0.0,0.0,0.0,0.0,0.0,0.0,0.0,0.0
C001547,8.0,2161.42,72.0,270.1775,3.25,0.125,0.875,0.11336066104690436,0.4793792969436758,0.0,0.40726004200941973
C001548,4.0,2016.3899999999999,32.0,504.09749999999997,3.75,0.0,0.75,0.10684936941762259,0.38994936495420035,0.2520643327927633,0.2511369328354138
C001549,6.0,1884.9,48.0,314.15000000000003,2.8333333333333335,0.16666666666666666,0.3333333333333333,0.3388880046686827,0.0,0.0598917714467611,0.6012202238845562
C001550,5.0,1127.96,77.0,225.592,3.0,0.2,0.2,0.11667966949182595,0.5727685378914146,0.3105517926167594,0.0
C001551,2.0,1142.01,390.0,571.005,4.0,0.5,1.0,0.6290225129377152,0.0,0.0,0.37097748706228495
C001552,4.0,855.27,302.0,213.8175,4.25,0.25,0.75,0.0,0.13165433138073357,0.28267096940147557,0.5856746992177908
C001553,3.0,711.75,84.0,237.25,3.3333333333333335,0.0,0.0,0.6967053038285915,0.0,0.0,0.30329469617140853
C001554,0.0,0.0,0.0,0.0,0.0,0.0,0.0,0.0,0.0,0.0,0.0
C001555,0.0,0.0,0.0,0.0,0.0,0.0,0.0,0.0,0.0,0.0,0.0
C001556,8.0,2186.63,68.0,273.32875,4.25,0.0,0.0,0.03215450259074466,0.639248523984396,0.22379186236354573,0.10480511106131352
C001557,4.0,2506.9800000000005,94.0,626.7450000000001,2.75,0.25,0.0,0.0,0.9800556845287957,0.019944315471204396,0.0
C001558,7.0,2134.16,93.0,304.88,4.285714285714286,0.0,0.2857142857142857,0.0,0.915601454436406,0.08439854556359412,0.0
C001559,7.0,3959.01,22.0,565.5728571428572,3.5714285714285716,0.0,0.5714285714285714,0.37861485573413556,0.18413189155874826,0.34349243876625724,0.09376081394085894
C001560,0.0,0.0,0.0,0.0,0.0,0.0,0.0,0.0,0.0,0.0,0.0
C001561,5.0,3207.2599999999998,88.0,641.452,2.4,0.0,1.0,0.30995616195755876,0.37766816534986253,0.0,0.3123756726925787
C001562,2.0,808.47,437.0,404.235,3.5,0.0,0.5,0.0,0.6869024206216681,0.0,0.3130975793783319
C001563,7.0,1359.12,40.0,194.16,4.428571428571429,0.14285714285714285,0.14285714285714285,0.159698922832421,0.43218406027429507,0.22460857025133907,0.18350844664194477
C001564,0.0,0.0,0.0,0.0,0.0,0.0,0.0,0.0,0.0,0.0,0.0
C001565,3.0,620.24,192.0,206.74666666666667,3.6666666666666665,0.3333333333333333,0.0,0.0,0.5084967109505998,0.49150328904940027,0.0
C001566,6.0,2238.12,36.0,373.02,4.333333333333333,0.16666666666666666,0.5,0.5942889568030311,0.19522635068718389,0.029551587939878114,0.18093310456990688
C001567,11.0,5490.21,30.0,499.11,3.727272727272727,0.18181818181818182,0.5454545454545454,0.5292420508505139,0.1827726079694584,0.0,0.2879853411800278
C001568,6.0,2479.2000000000003,56.0,413.20000000000005,3.3333333333333335,0.3333333333333333,0.5,0.0,0.3717368505969668,0.16553323652791224,0.46272991287512105
C001569,10.0,3863.35,13.0,386.335,4.1,0.1,0.8,0.12309524117669898,0.08854491568198584,0.36259205094024616,0.425767792201069
C001570,3.0,1068.94,27.0,356.31333333333333,4.666666666666667,0.0,0.6666666666666666,0.8048440511160588,0.0,0.1951559488839411,0.0
C001571,2.0,265.43,305.0,132.715,2.0,0.0,0.5,0.0,1.0,0.0,0.0
C001572,3.0,1347.7,175.0,449.23333333333335,3.6666666666666665,0.0,0.0,0.5665355791348222,0.4334644208651777,0.0,0.0
C001573,0.0,0.0,0.0,0.0,0.0,0.0,0.0,0.0,0.0,0.0,0.0
C001574,8.0,3466.38,5.0,433.2975,4.0,0.0,0.75,0.2828368499702861,0.40528447544700813,0.08826210628955856,0.22361656829314733
C001575,1.0,158.72,211.0,158.72,4.0,0.0,1.0,0.0,0.0,0.0,1.0
C001576,1.0,276.32,405.0,276.32,4.0,0.0,0.0,1.0,0.0,0.0,0.0
C001577,2.0,803.76,17.0,401.88,3.5,0.5,0.5,0.6115382701303872,0.0,0.0,0.38846172986961286
C001578,9.0,2225.2799999999997,38.0,247.2533333333333,4.222222222222222,0.2222222222222222,0.0,0.0,0.34256812625826866,0.24329073195283293,0.4141411417888985
C001579,6.0,1849.69,31.0,308.2816666666667,3.1666666666666665,0.3333333333333333,0.8333333333333334,0.34654455611480844,0.52268217917597,0.0,0.13077326470922154
C001580,2.0,461.8,77.0,230.9,2.5,0.5,1.0,0.0,0.3070809874404504,0.6929190125595496,0.0
C001581,2.0,2036.8600000000001,276.0,1018.4300000000001,3.5,0.0,1.0,1.0,0.0,0.0,0.0
C001582,3.0,2628.8599999999997,237.0,876.2866666666665,3.0,0.0,0.6666666666666666,0.0,0.27299285621904557,0.7270071437809545,0.0
C001583,2.0,510.8,273.0,255.4,4.5,0.0,1.0,0.404992169146437,0.595007830853563,0.0,0.0
C001584,0.0,0.0,0.0,0.0,0.0,0.0,0.0,0.0,0.0,0.0,0.0
C001585,4.0,1165.28,94.0,291.32,4.5,0.0,0.25,0.0,0.7748094878484142,0.07977481806947687,0.14541569408210903
C001586,4.0,1008.71,101.0,252.1775,3.75,0.0,1.0,0.43583388684557506,0.0,0.0,0.5641661131544249
C001587,0.0,0.0,0.0,0.0,0.0,0.0,0.0,0.0,0.0,0.0,0.0
C001588,0.0,0.0,0.0,0.0,0.0,0.0,0.0,0.0,0.0,0.0,0.0
C001589,4.0,666.48,332.0,166.62,4.5,0.0,0.75,0.8212099387828593,0.17879006121714078,0.0,0.0
C001590,6.0,3223.58,21.0,537.2633333333333,4.166666666666667,0.3333333333333333,0.16666666666666666,0.36086276748211615,0.04088621966881542,0.19400480211441937,0.404246210734649
C001591,3.0,1151.79,19.0,383.93,2.0,0.0,0.3333333333333333,0.13113501593172366,0.0,0.0,0.8688649840682764
C001592,1.0,179.79,430.0,179.79,4.0,0.0,0.0,1.0,0.0,0.0,0.0
C001593,3.0,734.26,127.0,244.75333333333333,4.333333333333333,0.0,0.3333333333333333,0.0,0.4081796638792798,0.438087326015308,0.15373301010541224
C001594,3.0,1091.43,141.0,363.81,3.6666666666666665,0.0,0.6666666666666666,0.0,1.0,0.0,0.0
C001595,3.0,905.66,12.0,301.88666666666666,5.0,0.3333333333333333,0.6666666666666666,0.0,0.3112315880131617,0.0,0.6887684119868384
C001596,1.0,161.82,68.0,161.82,4.0,0.0,0.0,0.0,0.0,0.0,1.0
C001597,0.0,0.0,0.0,0.0,0.0,0.0,0.0,0.0,0.0,0.0,0.0
C001598,1.0,393.85,277.0,393.85,3.0,0.0,1.0,1.0,0.0,0.0,0.0
C001599,0.0,0.0,0.0,0.0,0.0,0.0,0.0,0.0,0.0,0.0,0.0
C001600,1.0,103.28,291.0,103.28,3.0,0.0,0.0,1.0,0.0,0.0,0.0
C001601,9.0,3161.58,47.0,351.28666666666663,4.333333333333333,0.2222222222222222,0.2222222222222222,0.0,0.6640066042927902,0.2177550465273692,0.11823834917984044
C001602,4.0,794.33,153.0,198.5825,4.25,0.0,0.0,0.0,0.5906487228230082,0.40935127717699193,0.0
C001603,3.0,944.21,206.0,314.7366666666667,3.3333333333333335,0.0,0.6666666666666666,0.5543893837176053,0.0,0.4456106162823948,0.0
C001604,4.0,1022.8,213.0,255.7,3.75,0.5,0.5,0.6652718028940164,0.06099921783339852,0.2737289792725851,0.0
C001605,4.0,1329.4,2.0,332.35,3.25,0.0,0.75,0.17169399729201143,0.0,0.0,0.8283060027079886
C001606,1.0,127.92,118.0,127.92,3.0,0.0,1.0,0.0,0.0,0.0,1.0
C001607,2.0,182.18,307.0,91.09,4.0,0.0,0.0,0.27445383686463937,0.7255461631353607,0.0,0.0
C001608,4.0,1929.1200000000001,105.0,482.28000000000003,4.75,0.25,0.25,0.17474807165961678,0.7092871361035084,0.11596479223687482,0.0
C001609,2.0,338.51,344.0,169.255,4.0,0.0,0.0,0.0,0.30270893031225077,0.0,0.6972910696877492
C001610,0.0,0.0,0.0,0.0,0.0,0.0,0.0,0.0,0.0,0.0,0.0
C001611,4.0,2183.7799999999997,123.0,545.9449999999999,2.75,0.0,1.0,0.3331700079678356,0.0,0.5296046305030727,0.1372253615290918
C001612,5.0,1085.02,31.0,217.004,4.4,0.0,0.0,0.06719691802916075,0.5125896296842454,0.0,0.4202134522865938
C001613,0.0,0.0,0.0,0.0,0.0,0.0,0.0,0.0,0.0,0.0,0.0
C001614,8.0,4246.12,1.0,530.765,3.875,0.125,0.5,0.41685821408721374,0.37540625323825044,0.20773553267453582,0.0
C001615,5.0,4499.200000000001,21.0,899.8400000000001,3.4,0.0,0.8,0.3531561166429587,0.0,0.07518003200568989,0.5716638513513513
C001616,1.0,551.17,35.0,551.17,4.0,0.0,0.0,0.0,0.0,0.0,1.0
C001617,4.0,1466.74,158.0,366.685,3.5,0.0,0.25,0.36943152842357885,0.0,0.12475285326642759,0.5058156183099936
C001618,3.0,1018.5799999999999,293.0,339.52666666666664,3.6666666666666665,0.0,0.6666666666666666,0.39608081839423515,0.0,0.0,0.603919181605765
C001619,1.0,247.48,437.0,247.48,4.0,0.0,1.0,1.0,0.0,0.0,0.0
C001620,7.0,2583.9900000000002,3.0,369.1414285714286,3.7142857142857144,0.2857142857142857,0.8571428571428571,0.4536975762290102,0.07332071718543803,0.0,0.4729817065855519
C001621,1.0,176.62,231.0,176.62,4.0,1.0,0.0,0.0,0.0,1.0,0.0
C001622,6.0,1565.49,33.0,260.915,4.0,0.0,0.3333333333333333,0.0,0.6919047710301567,0.0697736810838779,0.2383215478859654
C001623,4.0,1719.8899999999999,204.0,429.97249999999997,4.0,0.0,0.25,0.8453098744687161,0.0,0.154690125531284,0.0
C001624,4.0,828.27,25.0,207.0675,3.5,0.25,0.0,0.0,0.7272869957863982,0.11980392867060258,0.15290907554299926
C001625,7.0,3091.04,36.0,441.57714285714286,2.142857142857143,0.0,1.0,0.5726325120347844,0.0,0.1926018427454837,0.23476564521973187
C001626,5.0,2032.5900000000001,34.0,406.51800000000003,2.4,0.2,1.0,0.0,0.246257238301871,0.55771700146119,0.19602576023693907
C001627,1.0,253.56,526.0,253.56,2.0,0.0,1.0,1.0,0.0,0.0,0.0
C001628,11.0,2392.34,12.0,217.48545454545456,3.8181818181818183,0.09090909090909091,0.0,0.12187230911994117,0.6523362063920681,0.1987551936597641,0.027036290828226762
C001629,2.0,1823.78,148.0,911.89,5.0,0.0,0.0,0.25601223831821823,0.7439877616817817,0.0,0.0
C001630,6.0,1790.21,38.0,298.36833333333334,3.8333333333333335,0.0,0.3333333333333333,0.7007110897604192,0.2992889102395808,0.0,0.0
C001631,1.0,234.16,82.0,234.16,5.0,0.0,1.0,0.0,1.0,0.0,0.0
C001632,3.0,1305.58,82.0,435.1933333333333,5.0,0.3333333333333333,1.0,0.37103049985447084,0.0,0.10003216961044134,0.528937330535088
C001633,0.0,0.0,0.0,0.0,0.0,0.0,0.0,0.0,0.0,0.0,0.0
C001634,1.0,153.39,130.0,153.39,3.0,0.0,0.0,0.0,1.0,0.0,0.0
C001635,3.0,493.65999999999997,37.0,164.5533333333333,4.333333333333333,0.0,0.0,0.0,0.7297330146254508,0.2702669853745493,0.0
C001636,5.0,1086.36,0.0,217.272,3.2,0.0,0.0,0.0,0.12029161603888214,0.7239589086490665,0.15574947531205122
C001637,4.0,514.49,172.0,128.6225,3.0,0.0,0.0,0.0,0.6763979863554199,0.3236020136445801,0.0
C001638,5.0,859.26,205.0,171.852,2.4,0.0,0.0,0.0,0.37341433326350576,0.34658892535437463,0.27999674138211944
C001639,5.0,925.6,149.0,185.12,3.6,0.0,0.2,0.8503133102852204,0.14968668971477958,0.0,0.0
C001640,5.0,2725.05,190.0,545.01,3.6,0.2,1.0,0.3295462468578558,0.24727986642446928,0.0,0.4231738867176749
C001641,0.0,0.0,0.0,0.0,0.0,0.0,0.0,0.0,0.0,0.0,0.0
C001642,3.0,3491.63,23.0,1163.8766666666668,4.0,0.3333333333333333,1.0,0.9318856808997518,0.06811431910024832,0.0,0.0
C001643,0.0,0.0,0.0,0.0,0.0,0.0,0.0,0.0,0.0,0.0,0.0
C001644,2.0,608.1800000000001,157.0,304.09000000000003,5.0,0.0,0.0,0.0,0.7264296754250386,0.27357032457496133,0.0
C001645,0.0,0.0,0.0,0.0,0.0,0.0,0.0,0.0,0.0,0.0,0.0
C001646,1.0,176.66,202.0,176.66,2.0,0.0,0.0,0.0,1.0,0.0,0.0
C001647,2.0,1307.82,371.0,653.91,4.5,0.0,0.5,0.0,1.0,0.0,0.0
C001648,8.0,1809.74,14.0,226.2175,3.0,0.0,0.0,0.06829157779570547,0.7679169383447346,0.16379148385955994,0.0
C001649,5.0,740.32,30.0,148.06400000000002,4.0,0.0,0.0,0.0,0.4437405446293495,0.06753836178949645,0.4887210935811541
C001650,4.0,1264.4099999999999,251.0,316.10249999999996,4.0,0.25,0.0,0.039544135209307114,0.6132425399988928,0.34721332479180017,0.0
C001651,0.0,0.0,0.0,0.0,0.0,0.0,0.0,0.0,0.0,0.0,0.0
C001652,4.0,1745.21,169.0,436.3025,3.5,0.25,0.5,0.520137977664579,0.47986202233542097,0.0,0.0
C001653,0.0,0.0,0.0,0.0,0.0,0.0,0.0,0.0,0.0,0.0,0.0
C001654,2.0,825.5600000000001,237.0,412.78000000000003,3.5,0.0,0.5,0.0,0.0,0.7409515964920781,0.2590484035079219
C001655,4.0,778.3199999999999,104.0,194.57999999999998,3.5,0.0,0.25,0.0,0.0,0.7872725871107,0.21272741288930003
C001656,5.0,2537.39,60.0,507.47799999999995,3.6,0.4,0.8,0.5013892227840419,0.0,0.0,0.4986107772159581
C001657,2.0,449.65,346.0,224.825,4.0,0.5,0.0,0.0,0.6936506171466696,0.3063493828533304,0.0
C001658,2.0,570.56,71.0,285.28,3.0,0.0,0.0,0.0,0.0,0.0,1.0
C001659,8.0,2102.76,1.0,262.845,3.125,0.25,0.125,0.0,0.2524348950902623,0.6162900188323917,0.13127508607734595
C001660,2.0,600.29,70.0,300.145,3.5,0.0,0.0,0.0,0.731496443385697,0.26850355661430314,0.0
C001661,7.0,2469.54,92.0,352.7914285714286,3.4285714285714284,0.14285714285714285,0.42857142857142855,0.0,0.8926682702041676,0.0,0.10733172979583243
C001662,3.0,702.06,227.0,234.01999999999998,3.3333333333333335,0.6666666666666666,0.3333333333333333,0.8769905706065009,0.12300942939349913,0.0,0.0
C001663,4.0,2338.71,11.0,584.6775,3.25,0.25,0.5,0.3484142967704418,0.0,0.6515857032295581,0.0
C001664,3.0,489.9,103.0,163.29999999999998,3.3333333333333335,0.0,0.0,0.2897325984894877,0.44437640334762196,0.0,0.26589099816289036
C001665,1.0,247.01,138.0,247.01,4.0,1.0,0.0,0.0,1.0,0.0,0.0
C001666,9.0,2263.83,60.0,251.53666666666666,4.111111111111111,0.2222222222222222,0.2222222222222222,0.15634566199758818,0.1603212255337194,0.21207864548133032,0.4712544669873621
C001667,1.0,165.58,379.0,165.58,3.0,0.0,1.0,0.0,0.0,0.0,1.0
C001668,7.0,2495.5499999999997,64.0,356.5071428571428,3.142857142857143,0.0,0.8571428571428571,0.6076696519805254,0.0,0.2734547494540282,0.1188755985654465
C001669,4.0,1431.71,60.0,357.9275,4.0,0.0,0.75,0.18619692535499505,0.2215672168246363,0.0,0.5922358578203687
C001670,0.0,0.0,0.0,0.0,0.0,0.0,0.0,0.0,0.0,0.0,0.0
C001671,0.0,0.0,0.0,0.0,0.0,0.0,0.0,0.0,0.0,0.0,0.0
C001672,4.0,1763.04,107.0,440.76,3.75,0.0,0.5,0.3147234322533805,0.13380297667664942,0.30563118250294946,0.24584240856702058
C001673,9.0,3062.4,13.0,340.26666666666665,3.6666666666666665,0.1111111111111111,0.3333333333333333,0.08495950888192266,0.23786899164054334,0.35062695924764886,0.326544540229885
C001674,3.0,1975.85,30.0,658.6166666666667,4.0,0.0,0.3333333333333333,0.0,0.7433509628767366,0.0,0.2566490371232634
C001675,5.0,750.73,35.0,150.14600000000002,3.8,0.0,0.6,0.11832483049831499,0.43233918985520764,0.17240552528871902,0.2769304543577584
C001676,2.0,643.1899999999999,80.0,321.59499999999997,3.5,0.0,0.5,0.189368615805594,0.0,0.8106313841944061,0.0
C001677,6.0,2096.85,16.0,349.47499999999997,3.3333333333333335,0.16666666666666666,0.0,0.0,0.22570522450342181,0.7742947754965782,0.0
C001678,3.0,911.9,292.0,303.96666666666664,4.333333333333333,0.0,0.6666666666666666,0.0,0.7341704134225244,0.26582958657747563,0.0
C001679,8.0,4567.87,14.0,570.98375,4.125,0.125,1.0,0.5603881021132388,0.09713936692594143,0.116375903867667,0.2260966270931528
C001680,7.0,2245.89,135.0,320.84142857142854,3.2857142857142856,0.14285714285714285,0.5714285714285714,0.12191158070965184,0.3955581083668389,0.0,0.4825303109235091
C001681,7.0,2269.39,57.0,324.1985714285714,3.0,0.0,0.7142857142857143,0.3830985418989244,0.0,0.31376272919154485,0.3031387289095308
C001682,5.0,2460.5400000000004,121.0,492.10800000000006,4.0,0.4,0.6,0.28477082266494347,0.0,0.7152291773350566,0.0
C001683,2.0,966.31,150.0,483.155,3.0,0.0,1.0,0.7765623868116857,0.0,0.22343761318831432,0.0
C001684,2.0,242.68,76.0,121.34,5.5,0.0,0.5,0.0,1.0,0.0,0.0
C001685,0.0,0.0,0.0,0.0,0.0,0.0,0.0,0.0,0.0,0.0,0.0
C001686,6.0,2104.7200000000003,117.0,350.7866666666667,3.6666666666666665,0.3333333333333333,1.0,0.0,0.15765517503515908,0.5954663803261242,0.24687844463871683
C001687,5.0,1282.8899999999999,15.0,256.578,3.4,0.2,1.0,0.7525742659152383,0.0,0.24742573408476173,0.0
C001688,5.0,1171.13,130.0,234.22600000000003,3.4,0.0,0.0,0.0,0.870466984877853,0.12953301512214696,0.0
C001689,3.0,374.13,318.0,124.71,3.0,0.0,1.0,0.6229118220939246,0.0,0.1336433859888274,0.24344479191724802
C001690,7.0,3108.58,162.0,444.0828571428571,3.7142857142857144,0.14285714285714285,0.5714285714285714,0.0,0.5317283132491362,0.2898719029267382,0.17839978382412547
C001691,2.0,843.1600000000001,507.0,421.58000000000004,3.0,0.0,0.0,0.7096636462830305,0.0,0.0,0.2903363537169695
C001692,7.0,4180.03,35.0,597.1471428571429,4.142857142857143,0.2857142857142857,0.5714285714285714,0.0,0.13184115903474375,0.5746370241361904,0.29352181682906586
C001693,4.0,2570.46,15.0,642.615,4.0,0.25,0.5,0.04769185282011779,0.8497700800634905,0.1025380671163916,0.0
C001694,5.0,916.99,218.0,183.398,5.8,0.4,0.0,0.05874655121648001,0.55899191921395,0.38226152956957005,0.0
C001695,4.0,1608.97,46.0,402.2425,3.5,0.25,1.0,0.46535361131655656,0.0,0.41872750890321137,0.11591887978023206
C001696,7.0,3560.8599999999997,70.0,508.6942857142857,3.857142857142857,0.2857142857142857,0.14285714285714285,0.14276045674359567,0.43375195879647055,0.11139443842217892,0.31209314603775495
C001697,0.0,0.0,0.0,0.0,0.0,0.0,0.0,0.0,0.0,0.0,0.0
C001698,7.0,3029.92,46.0,432.8457142857143,2.7142857142857144,0.14285714285714285,0.7142857142857143,0.7124313513228072,0.0,0.1982758620689655,0.08929278660822729
C001699,3.0,947.66,474.0,315.88666666666666,2.6666666666666665,0.0,0.0,0.0,0.6370217166494312,0.0,0.3629782833505688
C001700,6.0,1300.25,130.0,216.70833333333334,3.6666666666666665,0.0,0.8333333333333334,0.0,0.40429148240722945,0.4694712555277832,0.1262372620649875
C001701,5.0,1479.43,11.0,295.886,4.0,0.0,1.0,0.09168395936272752,0.15882468247906287,0.12309470539329337,0.6263966527649162
C001702,5.0,1531.86,37.0,306.37199999999996,2.8,0.2,0.8,0.6085738905644118,0.0,0.0,0.3914261094355881
C001703,6.0,1145.86,93.0,190.97666666666666,2.8333333333333335,0.3333333333333333,0.0,0.0,0.6847433368823416,0.3152566631176584,0.0
C001704,7.0,3660.47,97.0,522.9242857142857,3.2857142857142856,0.2857142857142857,0.14285714285714285,0.0779298833209943,0.47761079861329286,0.2649468510874287,0.17951246697828419
C001705,7.0,2500.06,75.0,357.15142857142854,3.4285714285714284,0.0,0.42857142857142855,0.18389558650592386,0.22275865379230897,0.5933457597017671,0.0
C001706,7.0,1293.41,13.0,184.77285714285716,5.571428571428571,0.0,0.0,0.0,0.14621040505330873,0.8537895949466914,0.0
C001707,3.0,1023.9599999999999,33.0,341.32,3.0,0.6666666666666666,0.6666666666666666,0.22961834446658075,0.0,0.5550119145279112,0.21536974100550804
C001708,6.0,1557.27,0.0,259.545,2.8333333333333335,0.16666666666666666,0.6666666666666666,0.0,0.2225561399115118,0.30072498667539993,0.4767188734130883
C001709,2.0,921.26,18.0,460.63,3.0,0.0,1.0,0.11482100601350324,0.8851789939864968,0.0,0.0
C001710,2.0,1112.95,91.0,556.475,5.0,0.0,0.0,0.6184913967383979,0.0,0.3815086032616021,0.0
C001711,4.0,774.88,390.0,193.72,3.75,0.25,0.25,0.0,0.7572011150113566,0.15710819739830684,0.08569068759033657
C001712,3.0,1050.29,198.0,350.09666666666664,3.3333333333333335,0.0,0.3333333333333333,0.0,0.3102476458882785,0.6897523541117216,0.0
C001713,3.0,768.02,371.0,256.00666666666666,3.0,0.0,0.0,0.0,0.4064477487565428,0.06510247128981016,0.5284497799536471
C001714,4.0,1585.1100000000001,200.0,396.27750000000003,3.5,0.25,0.5,0.3194100093999786,0.0,0.6805899906000215,0.0
C001715,9.0,3591.53,4.0,399.05888888888893,3.0,0.0,0.2222222222222222,0.31843810298118075,0.12818492397390527,0.4882181131718237,0.0651588598730903
C001716,2.0,1089.38,278.0,544.69,3.0,0.0,0.5,0.0,0.0,0.0,1.0
C001717,1.0,53.82,504.0,53.82,2.0,0.0,0.0,1.0,0.0,0.0,0.0
C001718,8.0,3002.45,132.0,375.30625,3.5,0.0,1.0,0.09414311645489516,0.1701144065679695,0.31973554930140385,0.4160069276757315
C001719,6.0,1458.29,5.0,243.04833333333332,3.3333333333333335,0.0,0.6666666666666666,0.49048543156710944,0.14672664559175472,0.0,0.3627879228411358
C001720,6.0,1973.95,7.0,328.9916666666667,2.6666666666666665,0.0,0.0,0.0,0.6233389903492996,0.12979558752754627,0.24686542212315407
C001721,1.0,1088.78,283.0,1088.78,7.0,0.0,1.0,0.0,0.0,1.0,0.0
C001722,6.0,2216.9,46.0,369.48333333333335,3.8333333333333335,0.16666666666666666,0.6666666666666666,0.12142631602688438,0.3731381659073481,0.0,0.5054355180657675
C001723,0.0,0.0,0.0,0.0,0.0,0.0,0.0,0.0,0.0,0.0,0.0
C001724,2.0,469.63,206.0,234.815,3.0,0.0,0.5,0.0,0.6106722313310479,0.0,0.3893277686689522
C001725,7.0,2714.95,139.0,387.84999999999997,2.857142857142857,0.0,0.5714285714285714,0.5380872575922209,0.15533987734580748,0.0,0.30657286506197173
C001726,6.0,3312.92,90.0,552.1533333333333,4.166666666666667,0.3333333333333333,0.8333333333333334,0.0877383094068073,0.2551314248457554,0.1314701230334569,0.5256601427139804
C001727,6.0,1086.97,89.0,181.16166666666666,4.0,0.0,0.3333333333333333,0.0,0.5929878469506978,0.0,0.4070121530493022
C001728,0.0,0.0,0.0,0.0,0.0,0.0,0.0,0.0,0.0,0.0,0.0
C001729,5.0,1657.63,122.0,331.526,4.4,0.4,1.0,0.25494229713506633,0.14906824804087762,0.595989454824056,0.0
C001730,0.0,0.0,0.0,0.0,0.0,0.0,0.0,0.0,0.0,0.0,0.0
C001731,5.0,3960.9700000000003,97.0,792.1940000000001,2.8,0.0,0.4,0.2289843144482286,0.6723050161955278,0.09871066935624354,0.0
C001732,3.0,637.81,212.0,212.60333333333332,3.0,0.0,0.0,0.5933585236982801,0.0,0.40664147630172,0.0
C001733,1.0,294.73,11.0,294.73,4.0,0.0,1.0,1.0,0.0,0.0,0.0
C001734,3.0,644.94,45.0,214.98000000000002,3.3333333333333335,0.3333333333333333,0.3333333333333333,0.0,0.5322045461593327,0.4677954538406673,0.0
C001735,2.0,456.37,308.0,228.185,6.5,0.0,0.0,0.7489756118938581,0.0,0.25102438810614197,0.0
C001736,5.0,1537.6299999999999,7.0,307.52599999999995,4.2,0.0,0.0,0.2613372527851303,0.6037798430051442,0.13488290420972535,0.0
C001737,7.0,1410.23,10.0,201.46142857142857,4.285714285714286,0.0,0.0,0.0,0.19630131255185326,0.5854080540053751,0.21829063344277175
C001738,5.0,1609.24,24.0,321.848,3.8,0.2,0.8,0.14868509358454923,0.047084337948348286,0.228207103974547,0.5760234644925555
C001739,10.0,1925.88,55.0,192.58800000000002,3.5,0.1,0.0,0.09420628491910192,0.3820746879348661,0.2536450869213035,0.2700739402247284
C001740,6.0,1387.89,143.0,231.31500000000003,3.0,0.3333333333333333,0.8333333333333334,0.3959535698074055,0.38654360215867256,0.0,0.217502828033922
C001741,10.0,3303.97,33.0,330.397,4.0,0.0,0.0,0.05639881718054341,0.3879665977596649,0.5556345850597917,0.0
C001742,2.0,747.61,86.0,373.805,3.5,0.0,0.5,0.17256323484169553,0.0,0.0,0.8274367651583044
C001743,6.0,1864.62,346.0,310.77,4.166666666666667,0.0,0.16666666666666666,0.0,0.5952794671300319,0.038329525586982875,0.3663910072829853
C001744,4.0,1425.7,336.0,356.425,3.5,0.25,1.0,0.2648102686399663,0.2996843655748053,0.21514343831100513,0.2203619274742232
C001745,7.0,1178.72,31.0,168.38857142857142,3.857142857142857,0.0,0.0,0.04912108049409529,0.8355419438034478,0.11533697570245689,0.0
C001746,6.0,1461.07,137.0,243.51166666666666,3.8333333333333335,0.16666666666666666,0.5,0.3437206978447302,0.03422149520556852,0.6220578069497011,0.0
C001747,12.0,4536.37,39.0,378.0308333333333,3.9166666666666665,0.16666666666666666,0.9166666666666666,0.12072427954509883,0.03771517755385914,0.3469029201762643,0.4946576227247777
C001748,5.0,1885.61,156.0,377.12199999999996,4.2,0.0,1.0,0.35733264036571716,0.0,0.35834027184836736,0.2843270877859154
C001749,4.0,1490.25,50.0,372.5625,3.75,0.25,0.5,0.7398020466364704,0.09707767153162221,0.0,0.1631202818319074
C001750,3.0,395.87,296.0,131.95666666666668,3.6666666666666665,0.0,0.3333333333333333,0.13860610806577917,0.0,0.8613938919342208,0.0
C001751,4.0,695.1,219.0,173.775,3.25,0.0,0.25,0.22109049057689542,0.0,0.39627391742195367,0.38263559200115094
C001752,5.0,1417.96,52.0,283.592,2.6,0.2,0.2,0.4110835284493216,0.4044754435950238,0.1844410279556546,0.0
C001753,4.0,1481.8799999999999,47.0,370.46999999999997,3.5,0.0,0.0,0.15310956352741112,0.17899560018355062,0.049916322509245006,0.6179785137797932
C001754,6.0,2002.78,25.0,333.7966666666667,4.5,0.3333333333333333,0.16666666666666666,0.0,0.3903623962691858,0.6096376037308142,0.0
C001755,8.0,2391.56,2.0,298.945,3.75,0.125,0.25,0.1362207094950576,0.2724246935054943,0.24739918714144746,0.34395540985800066
C001756,2.0,447.15,422.0,223.575,3.5,0.0,0.5,1.0,0.0,0.0,0.0
C001757,0.0,0.0,0.0,0.0,0.0,0.0,0.0,0.0,0.0,0.0,0.0
C001758,5.0,1924.99,138.0,384.998,4.4,0.0,1.0,0.0,0.1884217580351067,0.23374147398168305,0.5778367679832104
C001759,5.0,1148.55,170.0,229.70999999999998,3.6,0.0,0.0,0.04353315049410125,0.4533629358756693,0.5031039136302293,0.0
C001760,11.0,3867.29,11.0,351.5718181818182,3.909090909090909,0.0,0.7272727272727273,0.2212479539936234,0.3783088415919158,0.1186670769453545,0.2817761274691063
C001761,4.0,1755.26,149.0,438.815,2.75,0.25,0.75,0.764992080945273,0.0,0.0,0.23500791905472693
C001762,1.0,263.07,139.0,263.07,4.0,0.0,0.0,0.0,0.0,0.0,1.0
C001763,4.0,564.34,65.0,141.085,4.5,0.25,0.25,0.0,1.0,0.0,0.0
C001764,3.0,907.1800000000001,271.0,302.3933333333334,3.0,0.0,0.6666666666666666,0.0,0.0,0.13159461187415947,0.8684053881258406
C001765,6.0,1302.1499999999999,333.0,217.02499999999998,4.166666666666667,0.0,0.8333333333333334,0.5732672887148178,0.15426026187459202,0.0,0.2724724494105901
C001766,5.0,1435.01,37.0,287.002,3.4,0.0,0.0,0.0,0.04113560184249588,0.2506114939965576,0.7082529041609467
C001767,7.0,3891.99,94.0,555.9985714285714,2.857142857142857,0.14285714285714285,0.8571428571428571,0.15107181673128658,0.06598937818442493,0.23255198497426766,0.5503868201100208
C001768,2.0,1936.75,22.0,968.375,5.0,0.0,1.0,0.0,0.0,0.3435136181747773,0.6564863818252227
C001769,7.0,3331.8199999999997,48.0,475.97428571428566,3.142857142857143,0.14285714285714285,0.8571428571428571,0.2432424320641571,0.3431998127149726,0.07654375086289175,0.33701400435797846
C001770,5.0,2419.77,41.0,483.954,3.4,0.2,0.4,0.8586931815833737,0.14130681841662637,0.0,0.0
C001771,5.0,1556.62,115.0,311.32399999999996,4.0,0.0,0.2,0.0,0.37986149477714537,0.14013053924528787,0.48000796597756684
C001772,7.0,3484.15,6.0,497.7357142857143,3.4285714285714284,0.2857142857142857,1.0,0.30041760544178636,0.3198570670034298,0.32545958124650204,0.054265746308281786
C001773,1.0,335.65,457.0,335.65,3.0,0.0,0.0,1.0,0.0,0.0,0.0
C001774,2.0,682.67,44.0,341.335,2.0,0.0,0.0,0.5958515827559436,0.0,0.4041484172440564,0.0
C001775,1.0,222.28,89.0,222.28,4.0,0.0,0.0,0.0,1.0,0.0,0.0
C001776,5.0,3283.1800000000003,22.0,656.6360000000001,4.0,0.0,1.0,0.5511912231434158,0.0,0.3656820521567504,0.08312672469983369
C001777,8.0,1869.7,2.0,233.7125,5.25,0.125,0.25,0.2542760870727924,0.3235171417874525,0.32999411670321444,0.09221265443654061
C001778,3.0,377.74,207.0,125.91333333333334,6.0,0.3333333333333333,0.0,0.0,0.86763382220575,0.13236617779425,0.0
C001779,5.0,2082.89,17.0,416.578,2.4,0.0,0.4,0.0,0.6363706196678653,0.07262985563327877,0.2909995246988559
C001780,0.0,0.0,0.0,0.0,0.0,0.0,0.0,0.0,0.0,0.0,0.0
C001781,2.0,819.5899999999999,303.0,409.79499999999996,4.0,0.0,0.5,0.303542014909894,0.696457985090106,0.0,0.0
C001782,7.0,1818.88,35.0,259.84000000000003,3.2857142857142856,0.14285714285714285,0.7142857142857143,0.15033976952850103,0.17983044510907809,0.2887766097818438,0.38105317558057705
C001783,4.0,929.09,229.0,232.2725,2.5,0.25,1.0,0.0,0.0,0.7269694001657536,0.2730305998342464
C001784,1.0,67.21,54.0,67.21,2.0,1.0,0.0,0.0,0.0,0.0,1.0
C001785,2.0,340.09000000000003,269.0,170.04500000000002,5.0,0.5,0.0,0.0,0.0,0.8357199564821077,0.1642800435178923
C001786,7.0,3532.68,33.0,504.6685714285714,3.0,0.2857142857142857,0.2857142857142857,0.04183509403625576,0.34316439643556734,0.5170833474868939,0.09791716204128312
C001787,5.0,1200.68,242.0,240.13600000000002,3.8,0.2,0.0,0.0,1.0,0.0,0.0
C001788,5.0,2951.84,58.0,590.368,3.6,0.0,0.0,0.5411404412163261,0.0,0.18009783728115344,0.27876172150252043
C001789,2.0,601.58,307.0,300.79,3.5,0.5,0.5,0.0,0.6757039795205957,0.0,0.3242960204794042
C001790,1.0,332.13,303.0,332.13,1.0,0.0,0.0,1.0,0.0,0.0,0.0
C001791,0.0,0.0,0.0,0.0,0.0,0.0,0.0,0.0,0.0,0.0,0.0
C001792,7.0,1182.43,21.0,168.91857142857143,4.428571428571429,0.0,0.14285714285714285,0.32708913001192463,0.48424008186531126,0.14638498684911583,0.04228580127364834
C001793,0.0,0.0,0.0,0.0,0.0,0.0,0.0,0.0,0.0,0.0,0.0
C001794,6.0,1767.07,20.0,294.51166666666666,3.1666666666666665,0.0,1.0,0.0,0.4915877695846797,0.2067603433933008,0.3016518870220195
C001795,2.0,422.09000000000003,3.0,211.04500000000002,2.0,0.0,1.0,0.0,0.0,0.0,1.0
C001796,0.0,0.0,0.0,0.0,0.0,0.0,0.0,0.0,0.0,0.0,0.0
C001797,3.0,1086.41,139.0,362.1366666666667,3.0,0.3333333333333333,0.6666666666666666,0.06910834767721209,0.0,0.0,0.9308916523227878
C001798,4.0,1727.0700000000002,132.0,431.76750000000004,3.75,0.0,0.75,0.15122143283132705,0.24147255177844557,0.13388571395484836,0.47342030143537894
C001799,5.0,1115.78,114.0,223.156,2.8,0.0,0.2,0.0,0.5660345229346287,0.11258491817383356,0.32138055889153777
C001800,3.0,1366.73,123.0,455.57666666666665,3.3333333333333335,0.3333333333333333,0.0,0.0,0.05388042993129587,0.5141542221214139,0.43196534794729025
C001801,2.0,1004.5699999999999,178.0,502.28499999999997,4.0,0.0,1.0,0.13851697741322158,0.0,0.0,0.8614830225867784
C001802,7.0,1446.15,123.0,206.59285714285716,2.7142857142857144,0.14285714285714285,0.0,0.0,0.8297894409293641,0.12341043460221968,0.04680012446841614
C001803,4.0,1535.9199999999998,148.0,383.97999999999996,3.25,0.0,0.5,0.0,0.7038192093338195,0.29618079066618047,0.0
C001804,5.0,1309.01,91.0,261.802,3.6,0.2,0.0,0.0,0.852697840352633,0.1473021596473671,0.0
C001805,3.0,342.07,38.0,114.02333333333333,4.0,0.0,0.6666666666666666,0.0,0.7503727307276289,0.0,0.24962726927237117
C001806,1.0,50.0,488.0,50.0,6.0,0.0,0.0,0.0,0.0,1.0,0.0
C001807,11.0,1657.32,54.0,150.66545454545454,4.181818181818182,0.0,0.09090909090909091,0.0,0.9115499722443463,0.0,0.0884500277556537
C001808,8.0,2840.84,56.0,355.105,3.25,0.25,0.875,0.6276594246772081,0.0,0.2108777685473311,0.16146280677546077
C001809,3.0,1110.34,389.0,370.1133333333333,3.6666666666666665,0.3333333333333333,0.3333333333333333,0.14007421150278293,0.8599257884972171,0.0,0.0
C001810,2.0,1169.23,190.0,584.615,5.0,0.0,1.0,0.0,1.0,0.0,0.0
C001811,4.0,1083.18,4.0,270.795,4.0,0.25,0.0,0.37474842593105484,0.625251574068945,0.0,0.0
C001812,3.0,1959.93,69.0,653.3100000000001,3.0,0.3333333333333333,1.0,0.773471501533218,0.0,0.0,0.22652849846678197
C001813,5.0,2791.04,109.0,558.208,3.2,0.2,0.6,0.5477850550332493,0.0,0.22199251891767943,0.2302224260490713
C001814,8.0,962.08,54.0,120.26,3.875,0.0,0.125,0.36448112423083323,0.29449733909861975,0.2697488774322302,0.07127265923831698
C001815,0.0,0.0,0.0,0.0,0.0,0.0,0.0,0.0,0.0,0.0,0.0
C001816,7.0,1863.56,126.0,266.22285714285715,4.285714285714286,0.2857142857142857,0.0,0.20803730494322695,0.6120006868574127,0.17996200819936037,0.0
C001817,4.0,1821.48,63.0,455.37,4.0,0.0,0.75,0.0,0.13128335199947297,0.8321584645453148,0.03655818345521225
C001818,0.0,0.0,0.0,0.0,0.0,0.0,0.0,0.0,0.0,0.0,0.0
C001819,7.0,1996.21,50.0,285.17285714285714,2.7142857142857144,0.0,0.7142857142857143,0.4476583125021916,0.23436912950040328,0.0,0.3179725579974051
C001820,6.0,1509.65,174.0,251.60833333333335,3.8333333333333335,0.16666666666666666,0.5,0.49985758288344984,0.23759149471731858,0.18585764912396913,0.07669327327526249
C001821,10.0,3572.45,12.0,357.245,3.2,0.0,0.6,0.5838458200954527,0.2983190807429075,0.11783509916163977,0.0
C001822,0.0,0.0,0.0,0.0,0.0,0.0,0.0,0.0,0.0,0.0,0.0
C001823,9.0,4341.72,52.0,482.41333333333336,4.111111111111111,0.1111111111111111,0.8888888888888888,0.2515408639893867,0.18046995200058966,0.2614148309886405,0.30657435302138325
C001824,4.0,1816.82,75.0,454.205,2.75,0.0,0.5,0.3984599464999284,0.0,0.19334881826488037,0.40819123523519113
C001825,6.0,2791.2799999999997,26.0,465.2133333333333,4.5,0.0,0.6666666666666666,0.7413480553724456,0.0,0.2586519446275544,0.0
C001826,8.0,3209.9700000000003,12.0,401.24625000000003,3.625,0.25,0.0,0.21876216911684532,0.5804446770530566,0.20079315383009808,0.0
C001827,0.0,0.0,0.0,0.0,0.0,0.0,0.0,0.0,0.0,0.0,0.0
C001828,1.0,1171.38,252.0,1171.38,2.0,0.0,0.0,0.0,0.0,1.0,0.0
C001829,2.0,624.2,259.0,312.1,5.5,0.0,0.0,0.0,0.20700096123037487,0.0,0.7929990387696251
C001830,6.0,930.81,137.0,155.135,2.8333333333333335,0.16666666666666666,0.0,0.0,0.27218229284171847,0.3753182711831631,0.35249943597511846
C001831,0.0,0.0,0.0,0.0,0.0,0.0,0.0,0.0,0.0,0.0,0.0
C001832,8.0,2372.68,40.0,296.585,4.0,0.0,0.75,0.6646956184567662,0.10703929733465951,0.1202606335451894,0.10800445066338485
C001833,7.0,3381.94,170.0,483.13428571428574,4.285714285714286,0.0,0.14285714285714285,0.539767115915717,0.2835532268461297,0.04737221831256616,0.12930743892558708
C001834,7.0,1182.79,40.0,168.97,4.285714285714286,0.14285714285714285,0.14285714285714285,0.2256867237633054,0.7743132762366947,0.0,0.0
C001835,1.0,812.22,326.0,812.22,2.0,0.0,0.0,0.0,1.0,0.0,0.0
C001836,3.0,505.0,3.0,168.33333333333334,4.0,0.0,0.0,0.21099009900990098,0.6574257425742575,0.1315841584158416,0.0
C001837,5.0,1787.09,11.0,357.418,3.0,0.2,0.4,0.5700664208293931,0.4299335791706069,0.0,0.0
C001838,6.0,2524.3900000000003,35.0,420.73166666666674,2.3333333333333335,0.0,0.3333333333333333,0.8838253994034202,0.07732164998276812,0.03885295061381165,0.0
C001839,3.0,813.13,101.0,271.04333333333335,4.0,0.3333333333333333,1.0,0.7772311930441627,0.1612780244241388,0.0,0.0614907825316985
C001840,10.0,2391.58,10.0,239.158,3.7,0.0,0.8,0.4826725428377892,0.0,0.12826666889671262,0.38906078826549817
C001841,5.0,1997.79,64.0,399.558,3.0,0.2,0.0,0.0,0.3286381451503912,0.44466135079262586,0.22670050405698297
C001842,4.0,2554.86,89.0,638.715,4.0,0.0,0.75,0.12778782399035563,0.0,0.42827787041168597,0.4439343055979584
C001843,6.0,1545.1399999999999,16.0,257.5233333333333,3.3333333333333335,0.0,0.3333333333333333,0.11404144608255562,0.7182067644355851,0.16775178948185923,0.0
C001844,4.0,1093.27,77.0,273.3175,3.75,0.25,0.5,0.32768666477631325,0.0,0.6723133352236867,0.0
C001845,2.0,528.9100000000001,89.0,264.45500000000004,3.0,0.0,0.5,0.9054659582915807,0.09453404170841918,0.0,0.0
C001846,4.0,829.26,196.0,207.315,4.0,0.0,0.25,0.0,1.0,0.0,0.0
C001847,0.0,0.0,0.0,0.0,0.0,0.0,0.0,0.0,0.0,0.0,0.0
C001848,4.0,1940.8899999999999,286.0,485.22249999999997,3.0,0.0,0.75,0.5750506211068118,0.4249493788931882,0.0,0.0
C001849,8.0,2183.13,21.0,272.89125,3.375,0.125,0.0,0.0940530339466729,0.7198242889795843,0.11120730327557223,0.07491537379817052
C001850,0.0,0.0,0.0,0.0,0.0,0.0,0.0,0.0,0.0,0.0,0.0
C001851,5.0,778.0899999999999,386.0,155.618,2.8,0.0,0.2,0.13436748962202316,0.7258671876004061,0.0,0.13976532277757073
C001852,7.0,1336.8899999999999,39.0,190.9842857142857,4.142857142857143,0.0,0.0,0.12876152862239976,0.4043264591701636,0.39208162227258786,0.0748303899348488
C001853,8.0,2564.32,31.0,320.54,3.375,0.0,0.0,0.0,0.019498346540213388,0.5423153116615711,0.43818634179821553
C001854,6.0,1874.4299999999998,108.0,312.405,3.5,0.16666666666666666,0.16666666666666666,0.3604082307688204,0.380243594052592,0.06325656332858523,0.19609161185000243
C001855,6.0,1962.8799999999999,233.0,327.14666666666665,3.5,0.16666666666666666,0.16666666666666666,0.6365238832735572,0.0,0.36347611672644276,0.0
C001856,3.0,345.40999999999997,36.0,115.13666666666666,4.0,0.0,0.6666666666666666,0.3621782808835876,0.6378217191164125,0.0,0.0
C001857,7.0,3356.04,32.0,479.4342857142857,3.2857142857142856,0.0,0.7142857142857143,0.5797159747798,0.16548968427074767,0.04454654890883303,0.2102477920406193
C001858,7.0,2727.87,108.0,389.69571428571425,4.142857142857143,0.2857142857142857,0.5714285714285714,0.05529955606388867,0.8417519896476006,0.10294845428851082,0.0
C001859,5.0,2465.77,83.0,493.154,4.4,0.2,0.8,0.7553745888708193,0.211390356764824,0.03323505436435678,0.0
C001860,2.0,581.4200000000001,16.0,290.71000000000004,4.5,0.0,0.5,0.6814695056929586,0.0,0.31853049430704133,0.0
C001861,4.0,3859.8300000000004,29.0,964.9575000000001,4.0,0.0,1.0,0.06343284548801373,0.0,0.07427529191700152,0.8622918625949848
C001862,1.0,177.3,494.0,177.3,4.0,0.0,0.0,0.0,0.0,0.0,1.0
C001863,4.0,788.78,58.0,197.195,4.75,0.0,0.0,0.13913892340069475,0.1910038286974822,0.26759045614746824,0.40226679175435487
C001864,4.0,912.97,267.0,228.2425,3.75,0.0,0.75,0.13124199042684864,0.0,0.6495394153148516,0.21921859425829984
C001865,4.0,1303.48,196.0,325.87,3.5,0.5,1.0,0.2900773314511922,0.26548163378034184,0.4444410347684659,0.0
C001866,5.0,1928.65,170.0,385.73,4.8,0.2,1.0,0.05481035957794311,0.5903300235916314,0.3548596168304254,0.0
C001867,4.0,697.74,29.0,174.435,2.5,0.0,0.0,0.23173388368160058,0.5461346633416458,0.22213145297675352,0.0
C001868,5.0,1742.05,11.0,348.40999999999997,4.0,0.2,1.0,0.1358629201228438,0.43456846818403605,0.21385723716311245,0.21571137453000774
C001869,6.0,1429.75,77.0,238.29166666666666,3.6666666666666665,0.0,0.0,0.22054904703619513,0.24955411785277148,0.2188984088127295,0.3109984262983039
C001870,5.0,1850.21,87.0,370.04200000000003,3.0,0.0,0.6,0.0,0.5829338291329093,0.0,0.4170661708670908
C001871,5.0,1564.4,61.0,312.88,3.4,0.0,0.6,0.0,0.26826898491434414,0.5290910253132192,0.2026399897724367
C001872,3.0,1788.9899999999998,341.0,596.3299999999999,3.0,0.6666666666666666,1.0,0.19382444843179675,0.0,0.0,0.8061755515682033
C001873,1.0,265.45,507.0,265.45,4.0,0.0,0.0,0.0,0.0,0.0,1.0
C001874,6.0,2625.49,280.0,437.58166666666665,2.3333333333333335,0.16666666666666666,0.6666666666666666,0.12242667083096868,0.3973391633561735,0.20102152360130868,0.27921264221154907
C001875,1.0,672.55,251.0,672.55,2.0,1.0,0.0,1.0,0.0,0.0,0.0
C001876,8.0,3283.76,54.0,410.47,3.5,0.375,0.125,0.0,0.6400254586206057,0.314444417375204,0.04553012400419031
C001877,3.0,2194.12,24.0,731.3733333333333,5.333333333333333,0.0,0.3333333333333333,0.0,0.3509653072758099,0.6490346927241901,0.0
C001878,5.0,1063.51,106.0,212.702,3.0,0.2,0.0,0.11777040178277591,0.28855393931415785,0.4413498697708531,0.15232578913221315
C001879,5.0,1408.1200000000001,127.0,281.624,4.6,0.0,0.2,0.0,0.8116211686503991,0.0,0.18837883134960087
C001880,8.0,2468.7,177.0,308.5875,3.875,0.125,0.0,0.0,0.4954226921051566,0.5045773078948436,0.0
C001881,7.0,2456.95,111.0,350.99285714285713,3.7142857142857144,0.0,0.8571428571428571,0.41607684324060323,0.0,0.14565619975986488,0.43826695699953194
C001882,7.0,2119.12,31.0,302.7314285714286,3.2857142857142856,0.14285714285714285,0.0,0.5908915021329609,0.030993997508399717,0.22982653176790369,0.14828796859073579
C001883,1.0,283.05,38.0,283.05,4.0,0.0,0.0,0.0,0.0,1.0,0.0
C001884,7.0,6037.54,211.0,862.5057142857142,4.714285714285714,0.0,0.7142857142857143,0.4096801014982924,0.31747036044481697,0.2217078478983162,0.051141690158574525
C001885,3.0,389.63,81.0,129.87666666666667,4.0,0.0,1.0,0.33680671406205887,0.0,0.0,0.663193285937941
C001886,1.0,292.06,42.0,292.06,4.0,1.0,1.0,0.0,1.0,0.0,0.0
C001887,8.0,1591.29,114.0,198.91125,3.75,0.0,0.0,0.1129775213820234,0.8489087469914346,0.0,0.03811373162654199
C001888,5.0,2591.74,4.0,518.348,3.2,0.4,1.0,0.7369604975807759,0.0,0.2630395024192242,0.0
C001889,0.0,0.0,0.0,0.0,0.0,0.0,0.0,0.0,0.0,0.0,0.0
C001890,1.0,663.93,487.0,663.93,5.0,0.0,0.0,0.0,1.0,0.0,0.0
C001891,3.0,687.8299999999999,163.0,229.27666666666664,3.6666666666666665,0.0,0.0,0.0,0.6409141793757178,0.35908582062428224,0.0
C001892,5.0,1891.92,18.0,378.384,5.2,0.4,0.6,0.0,0.0,1.0,0.0
C001893,2.0,229.83999999999997,124.0,114.91999999999999,4.5,0.0,0.0,0.0,1.0,0.0,0.0
C001894,5.0,1669.59,117.0,333.918,4.0,0.0,0.6,0.09166921220179806,0.4462592612557574,0.0,0.4620715265424446
C001895,5.0,3621.23,3.0,724.246,3.8,0.0,0.8,0.19819508840918695,0.0,0.07700698381489163,0.7247979277759214
C001896,0.0,0.0,0.0,0.0,0.0,0.0,0.0,0.0,0.0,0.0,0.0
C001897,8.0,3776.15,24.0,472.01875,3.0,0.25,0.5,0.28738000344265985,0.42474477973597446,0.15863776597857604,0.12923745084278962
C001898,8.0,1491.33,47.0,186.41625,4.125,0.125,0.0,0.0,0.33733647147177354,0.4628553036551266,0.19980822487309988
C001899,7.0,4992.14,77.0,713.1628571428572,3.142857142857143,0.14285714285714285,0.8571428571428571,0.5658394996935183,0.0,0.04360855264475756,0.3905519476617243
C001900,4.0,1281.45,241.0,320.3625,3.75,0.0,0.5,0.0,0.0,0.3042647001443677,0.6957352998556323
C001901,0.0,0.0,0.0,0.0,0.0,0.0,0.0,0.0,0.0,0.0,0.0
C001902,6.0,2245.67,74.0,374.27833333333336,3.8333333333333335,0.0,0.0,0.0,0.5818352651992501,0.3644346676047683,0.0537300671959816
C001903,2.0,1165.67,2.0,582.835,3.0,0.0,1.0,0.0,0.2995530467456484,0.7004469532543516,0.0
C001904,2.0,217.87,205.0,108.935,2.5,0.0,1.0,0.0,0.7186395556983521,0.0,0.28136044430164775
C001905,0.0,0.0,0.0,0.0,0.0,0.0,0.0,0.0,0.0,0.0,0.0
C001906,6.0,2217.29,142.0,369.54833333333335,4.666666666666667,0.0,0.3333333333333333,0.05652395491794037,0.285655011297575,0.3289781670417492,0.3288428667427355
C001907,10.0,3037.67,0.0,303.767,3.6,0.1,0.7,0.3343384896976959,0.5333495738510108,0.10183462983141685,0.030477306619876417
C001908,2.0,657.0699999999999,207.0,328.53499999999997,3.0,0.0,1.0,0.0,0.0,0.09782823747850307,0.902171762521497
C001909,0.0,0.0,0.0,0.0,0.0,0.0,0.0,0.0,0.0,0.0,0.0
C001910,5.0,1379.31,28.0,275.86199999999997,3.8,0.2,0.0,0.13825753456438364,0.240207060051765,0.3929138482284621,0.2286215571553893
C001911,4.0,908.6800000000001,52.0,227.17000000000002,5.25,0.25,0.0,0.0,0.25511731302548757,0.660892723511027,0.0839899634634855
C001912,5.0,1825.1200000000001,316.0,365.024,5.0,0.0,0.0,0.09387327956517928,0.7038057771543789,0.0,0.20232094328044187
C001913,3.0,1344.31,261.0,448.1033333333333,3.6666666666666665,0.0,1.0,0.8567071583191378,0.0,0.0,0.14329284168086232
C001914,9.0,3752.84,65.0,416.9822222222222,3.0,0.2222222222222222,1.0,0.7710720414406157,0.0,0.029241854169109262,0.19968610439027512
C001915,4.0,1082.46,6.0,270.615,4.5,0.25,0.75,0.0,0.09234521367995122,0.5266522550486854,0.38100253127136335
C001916,7.0,1613.4,72.0,230.4857142857143,2.5714285714285716,0.14285714285714285,0.2857142857142857,0.7437337300111565,0.10608032725920416,0.15018594272963925,0.0
C001917,10.0,2699.6,8.0,269.96,4.6,0.2,0.0,0.0,0.5107978959845902,0.0,0.48920210401540964
C001918,3.0,575.26,294.0,191.75333333333333,2.3333333333333335,0.0,1.0,0.8746827521468554,0.0,0.0,0.1253172478531447
C001919,0.0,0.0,0.0,0.0,0.0,0.0,0.0,0.0,0.0,0.0,0.0
C001920,1.0,355.33,369.0,355.33,4.0,0.0,1.0,0.0,0.0,1.0,0.0
C001921,5.0,3456.0299999999997,170.0,691.2059999999999,3.8,0.4,1.0,0.20620770074333847,0.053292361466769675,0.0,0.7404999377898919
C001922,6.0,1247.3600000000001,166.0,207.89333333333335,3.5,0.16666666666666666,0.8333333333333334,0.0,0.37241854797331964,0.16209434325295022,0.46548710877373006
C001923,7.0,734.45,80.0,104.92142857142858,3.142857142857143,0.2857142857142857,0.2857142857142857,0.21040234188848797,0.3533936959629655,0.0,0.4362039621485465
C001924,8.0,2279.02,91.0,284.8775,4.0,0.0,0.75,0.3881536800905652,0.19570692666145975,0.2534071662381199,0.16273222700985512
C001925,4.0,1169.5,47.0,292.375,3.75,0.0,0.25,0.10554938007695597,0.0,0.19025224454895254,0.7041983753740915
C001926,0.0,0.0,0.0,0.0,0.0,0.0,0.0,0.0,0.0,0.0,0.0
C001927,3.0,1431.13,113.0,477.04333333333335,3.3333333333333335,0.0,0.3333333333333333,0.0,0.0,0.3843047102639173,0.6156952897360827
C001928,0.0,0.0,0.0,0.0,0.0,0.0,0.0,0.0,0.0,0.0,0.0
C001929,9.0,3877.71,49.0,430.8566666666667,3.5555555555555554,0.1111111111111111,0.6666666666666666,0.023867179340383887,0.22878709341338058,0.10696519337444006,0.6403805338717955
C001930,9.0,4824.24,77.0,536.0266666666666,3.888888888888889,0.0,0.8888888888888888,0.2524625640515398,0.0,0.3851549674145565,0.3623824685339038
C001931,0.0,0.0,0.0,0.0,0.0,0.0,0.0,0.0,0.0,0.0,0.0
C001932,4.0,492.1,93.0,123.025,3.0,0.0,0.25,0.2595610648242227,0.0,0.5420239788660841,0.19841495630969314
C001933,7.0,2051.83,14.0,293.11857142857144,3.142857142857143,0.14285714285714285,0.8571428571428571,0.0,0.3463834723149579,0.5799652017954704,0.07365132588957175
C001934,6.0,1394.04,4.0,232.34,4.166666666666667,0.3333333333333333,0.0,0.09176924621962068,0.37291612866201823,0.07329775329258846,0.4620168718257726
C001935,1.0,93.24,247.0,93.24,7.0,0.0,0.0,0.0,1.0,0.0,0.0
C001936,2.0,1230.36,500.0,615.18,4.5,0.0,0.5,0.897794141552066,0.10220585844793395,0.0,0.0
C001937,7.0,2617.8999999999996,108.0,373.9857142857142,2.5714285714285716,0.0,0.0,0.10799495779059552,0.28157683639558423,0.6104282058138202,0.0
C001938,13.0,4793.610000000001,44.0,368.7392307692308,3.6153846153846154,0.07692307692307693,0.23076923076923078,0.1613523002497074,0.3749449788364093,0.0,0.4637027209138832
C001939,3.0,1547.73,91.0,515.91,3.6666666666666665,0.3333333333333333,0.6666666666666666,0.0,0.0,0.5318821758317019,0.46811782416829806
C001940,3.0,795.5699999999999,282.0,265.19,3.3333333333333335,0.0,1.0,0.17001646618147995,0.07938962002086554,0.0,0.7505939137976545
C001941,0.0,0.0,0.0,0.0,0.0,0.0,0.0,0.0,0.0,0.0,0.0
C001942,0.0,0.0,0.0,0.0,0.0,0.0,0.0,0.0,0.0,0.0,0.0
C001943,7.0,2117.12,7.0,302.44571428571425,4.0,0.0,0.2857142857142857,0.5300785973397824,0.21560894044740025,0.07581998186215237,0.17849248035066506
C001944,5.0,1458.65,223.0,291.73,3.0,0.2,0.4,0.5851095190758578,0.1006958489013814,0.0,0.31419463202276077
C001945,2.0,339.15,44.0,169.575,3.0,0.0,0.5,0.0,0.2820580863924517,0.0,0.7179419136075483
C001946,10.0,5320.89,66.0,532.089,3.4,0.0,0.1,0.404932257573451,0.0,0.44469440262813176,0.15037333979841716
C001947,3.0,936.3800000000001,69.0,312.1266666666667,2.0,0.0,0.6666666666666666,0.29239197761592517,0.3951066874559474,0.0,0.3125013349281275
C001948,2.0,891.75,110.0,445.875,4.5,0.0,1.0,0.27250911129800953,0.0,0.7274908887019905,0.0
C001949,0.0,0.0,0.0,0.0,0.0,0.0,0.0,0.0,0.0,0.0,0.0
C001950,5.0,1636.24,42.0,327.248,3.6,0.0,0.4,0.5936781890187259,0.21570796460176994,0.0,0.19061384637950424
C001951,0.0,0.0,0.0,0.0,0.0,0.0,0.0,0.0,0.0,0.0,0.0
C001952,2.0,896.4200000000001,143.0,448.21000000000004,4.5,0.5,0.0,0.0,0.0,0.24438321322594317,0.7556167867740567
C001953,3.0,2347.08,94.0,782.36,3.6666666666666665,0.0,1.0,0.7308698467883499,0.26913015321165024,0.0,0.0
C001954,4.0,785.9,71.0,196.475,4.0,0.0,0.75,0.594604911566357,0.30750731645247487,0.09788777198116809,0.0
C001955,0.0,0.0,0.0,0.0,0.0,0.0,0.0,0.0,0.0,0.0,0.0
C001956,6.0,1655.9099999999999,146.0,275.98499999999996,4.0,0.16666666666666666,0.16666666666666666,0.0,0.3580931330809042,0.6419068669190958,0.0
C001957,5.0,1900.4,33.0,380.08000000000004,4.2,0.4,0.2,0.5020679856872237,0.4979320143127762,0.0,0.0
C001958,2.0,1036.07,24.0,518.035,3.5,0.5,0.0,0.0,1.0,0.0,0.0
C001959,3.0,690.12,316.0,230.04,2.3333333333333335,0.0,1.0,0.7742421607836318,0.22575783921636822,0.0,0.0
C001960,3.0,689.95,4.0,229.98333333333335,3.3333333333333335,0.0,0.3333333333333333,0.7980143488658598,0.2019856511341402,0.0,0.0
C001961,8.0,4599.13,16.0,574.89125,4.0,0.0,0.75,0.13040944700410728,0.7006629514712566,0.13932852517758793,0.029599076347048243
C001962,5.0,1609.58,169.0,321.916,4.0,0.2,0.2,0.0,0.6680127735185577,0.3319872264814424,0.0
C001963,1.0,186.26,395.0,186.26,5.0,1.0,1.0,0.0,1.0,0.0,0.0
C001964,2.0,437.46000000000004,387.0,218.73000000000002,3.0,0.0,0.0,0.0,0.19293192520459013,0.8070680747954098,0.0
C001965,2.0,1258.02,173.0,629.01,4.5,0.0,0.0,0.0,0.08614330455795616,0.913856695442044,0.0
C001966,8.0,2279.24,103.0,284.905,3.75,0.125,0.0,0.24702971165827206,0.48311717941068083,0.2698531089310472,0.0
C001967,1.0,376.19,138.0,376.19,4.0,0.0,1.0,1.0,0.0,0.0,0.0
C001968,3.0,964.26,2.0,321.42,4.666666666666667,0.3333333333333333,0.0,0.0,0.8582539978843879,0.14174600211561197,0.0
C001969,8.0,1575.19,4.0,196.89875,4.0,0.0,0.125,0.0,0.4034306972492207,0.36405766923355276,0.23251163351722648
C001970,5.0,1919.68,125.0,383.93600000000004,4.4,0.2,0.0,0.0,0.7838129271545258,0.10227746291048509,0.11390960993498916
C001971,0.0,0.0,0.0,0.0,0.0,0.0,0.0,0.0,0.0,0.0,0.0
C001972,3.0,1130.74,14.0,376.91333333333336,4.0,0.3333333333333333,0.6666666666666666,0.0,0.5935935758883564,0.40640642411164374,0.0
C001973,6.0,1560.8799999999999,81.0,260.14666666666665,4.166666666666667,0.0,0.0,0.3277894521039414,0.16827046281584748,0.45746630106094,0.046473784019271186
C001974,1.0,142.54,504.0,142.54,4.0,0.0,0.0,0.0,0.0,0.0,1.0
C001975,5.0,1124.15,54.0,224.83,3.6,0.6,0.0,0.0,0.2104968198194191,0.3606547168972112,0.4288484632833697
C001976,4.0,1225.23,25.0,306.3075,2.25,0.0,0.25,0.2300874121593497,0.0,0.11081184757147639,0.6591007402691739
C001977,0.0,0.0,0.0,0.0,0.0,0.0,0.0,0.0,0.0,0.0,0.0
C001978,4.0,561.48,164.0,140.37,4.25,0.0,0.0,0.0,0.19573270641875046,0.43686328987675427,0.3674040037044952
C001979,3.0,1419.0600000000002,43.0,473.02000000000004,4.0,0.3333333333333333,0.6666666666666666,0.17713838738319732,0.07948923935562976,0.7433723732611729,0.0
C001980,7.0,2199.24,7.0,314.1771428571428,3.7142857142857144,0.14285714285714285,0.42857142857142855,0.31797802877357634,0.3132900456521344,0.10660046197777415,0.2621314635965152
C001981,3.0,267.03999999999996,16.0,89.01333333333332,4.666666666666667,0.3333333333333333,0.3333333333333333,0.0,0.19517675254643502,0.42802576393049735,0.3767974835230678
C001982,6.0,2001.98,76.0,333.66333333333336,3.3333333333333335,0.3333333333333333,0.8333333333333334,0.19231960359244346,0.15385768089591303,0.5529226066194468,0.10090010889219672
C001983,2.0,1259.37,63.0,629.685,5.0,0.0,1.0,0.0,0.0,0.6174595234125,0.3825404765875001
C001984,6.0,2054.16,41.0,342.35999999999996,3.0,0.0,0.16666666666666666,0.3195077306538926,0.2435837519959497,0.4369085173501578,0.0
C001985,5.0,1264.19,86.0,252.83800000000002,4.8,0.0,0.6,0.15300706381161058,0.0,0.4034520127512478,0.4435409234371416
C001986,0.0,0.0,0.0,0.0,0.0,0.0,0.0,0.0,0.0,0.0,0.0
C001987,4.0,617.1800000000001,74.0,154.29500000000002,4.0,0.0,0.25,0.0,0.19483781068731976,0.389724229560258,0.4154379597524223
C001988,9.0,4651.87,199.0,516.8744444444444,2.7777777777777777,0.2222222222222222,0.5555555555555556,0.08954463473828805,0.5401268737088526,0.2440007996784089,0.12632769187445048
C001989,3.0,689.85,25.0,229.95000000000002,3.6666666666666665,0.0,0.3333333333333333,0.0,0.6528665651953323,0.3471334348046677,0.0
C001990,6.0,1080.26,29.0,180.04333333333332,2.5,0.3333333333333333,0.16666666666666666,0.0,0.4537796456408642,0.48891933423435097,0.057301020124784774
C001991,0.0,0.0,0.0,0.0,0.0,0.0,0.0,0.0,0.0,0.0,0.0
C001992,2.0,1231.07,156.0,615.535,2.0,0.0,0.0,0.0,0.8201158341930191,0.0,0.1798841658069809
C001993,2.0,918.09,41.0,459.045,3.0,0.0,1.0,0.7120325893975537,0.0,0.0,0.28796741060244635
C001994,7.0,2382.32,139.0,340.3314285714286,4.142857142857143,0.14285714285714285,0.0,0.0,0.9372208603378219,0.06277913966217806,0.0
C001995,4.0,1262.5,175.0,315.625,2.25,0.0,0.0,0.039603960396039604,0.2003881188118812,0.4878178217821782,0.272190099009901
C001996,6.0,2017.94,167.0,336.3233333333333,3.3333333333333335,0.0,0.0,0.17442044857627084,0.5620286034272575,0.07968026799607521,0.18387068000039647
C001997,10.0,10659.57,3.0,1065.9569999999999,3.5,0.0,0.8,0.6081220912288207,0.0,0.10801561413828137,0.28386229463289797
C001998,5.0,619.14,181.0,123.828,3.2,0.0,0.0,0.0,0.47070129534515615,0.3543625028265012,0.17493620182834252
C001999,8.0,1534.6299999999999,120.0,191.82874999999999,3.125,0.125,0.0,0.11577383473540852,0.5948274176837413,0.0,0.2893987475808501
C002000,7.0,2718.87,125.0,388.40999999999997,3.857142857142857,0.14285714285714285,0.7142857142857143,0.3806176830815743,0.6193823169184257,0.0,0.0
C002001,6.0,2133.43,62.0,355.57166666666666,4.666666666666667,0.0,0.6666666666666666,0.08195253652568867,0.18266828534332036,0.7353791781309909,0.0
C002002,7.0,3192.22,48.0,456.03142857142853,4.428571428571429,0.2857142857142857,0.0,0.0,0.4794030486620596,0.046509952321581845,0.4740869990163584
C002003,5.0,1617.7199999999998,116.0,323.544,4.0,0.0,0.2,0.15432831392329946,0.3918539673120194,0.23486140988551787,0.21895630887916326
C002004,2.0,882.6800000000001,150.0,441.34000000000003,4.0,0.0,0.0,0.7479380976118185,0.0,0.0,0.25206190238818144
C002005,10.0,4724.7,37.0,472.46999999999997,4.6,0.1,0.7,0.1415412618790611,0.2517768323914746,0.18591656613118293,0.42076533959828133
C002006,3.0,2355.25,115.0,785.0833333333334,3.6666666666666665,0.0,1.0,0.3384099352510349,0.4378346247744401,0.223755439974525,0.0
C002007,3.0,632.72,33.0,210.90666666666667,2.6666666666666665,0.0,0.0,0.0,1.0,0.0,0.0
C002008,2.0,847.1700000000001,139.0,423.58500000000004,1.5,0.5,1.0,0.0,0.0,1.0,0.0
C002009,1.0,229.92,487.0,229.92,4.0,0.0,0.0,0.0,0.0,0.0,1.0
C002010,7.0,3992.55,252.0,570.3642857142858,3.7142857142857144,0.14285714285714285,0.8571428571428571,0.7401009379970195,0.07039611276001553,0.04137205545328174,0.14813089378968328
C002011,1.0,446.6,174.0,446.6,7.0,0.0,1.0,0.0,1.0,0.0,0.0
C002012,7.0,1201.04,41.0,171.57714285714286,3.2857142857142856,0.14285714285714285,0.42857142857142855,0.3299140744687937,0.6700859255312063,0.0,0.0
C002013,6.0,938.4300000000001,26.0,156.405,3.3333333333333335,0.0,0.0,0.16727939217629445,0.6359557985145402,0.19676480930916532,0.0
C002014,1.0,887.01,497.0,887.01,4.0,0.0,1.0,1.0,0.0,0.0,0.0
C002015,5.0,2900.78,133.0,580.1560000000001,3.8,0.2,1.0,0.8259881824888479,0.06748874440667682,0.0,0.10652307310447534
C002016,4.0,2173.27,239.0,543.3175,3.5,0.25,0.75,0.0,0.0,1.0,0.0
C002017,2.0,673.88,338.0,336.94,5.5,0.5,0.5,0.0,0.0,0.673903365584377,0.326096634415623
C002018,4.0,613.33,258.0,153.3325,4.0,0.25,0.0,0.13128332219196845,0.35656172044413287,0.0,0.5121549573638988
C002019,0.0,0.0,0.0,0.0,0.0,0.0,0.0,0.0,0.0,0.0,0.0
C002020,1.0,63.49,338.0,63.49,5.0,0.0,0.0,0.0,1.0,0.0,0.0
C002021,7.0,2803.4,52.0,400.4857142857143,3.5714285714285716,0.14285714285714285,0.14285714285714285,0.296283084825569,0.23361989013340945,0.3629556966540629,0.1071413283869587
C002022,7.0,1773.12,0.0,253.30285714285714,3.7142857142857144,0.2857142857142857,0.14285714285714285,0.0,0.5811845785959213,0.24003451543042775,0.17878090597365098
C002023,7.0,1004.44,78.0,143.49142857142857,3.4285714285714284,0.2857142857142857,0.14285714285714285,0.0,0.3181175580422922,0.4947234279797698,0.18715901397793797
C002024,7.0,3809.19,42.0,544.17,3.2857142857142856,0.14285714285714285,0.8571428571428571,0.6831583617514485,0.0,0.31684163824855155,0.0
C002025,2.0,750.48,236.0,375.24,2.5,0.5,0.0,0.0,0.0,0.0,1.0
C002026,1.0,423.11,308.0,423.11,4.0,0.0,1.0,1.0,0.0,0.0,0.0
C002027,5.0,1001.84,16.0,200.368,2.2,0.4,0.0,0.6099876227740957,0.3900123772259043,0.0,0.0
C002028,8.0,1955.52,59.0,244.44,4.0,0.125,0.625,0.19462342497136312,0.4652777777777778,0.09179144166257569,0.24830735558828343
C002029,3.0,3115.0899999999997,113.0,1038.3633333333332,3.6666666666666665,0.3333333333333333,1.0,0.042913687887027346,0.0,0.9570863121129727,0.0
C002030,0.0,0.0,0.0,0.0,0.0,0.0,0.0,0.0,0.0,0.0,0.0
C002031,6.0,2959.99,17.0,493.33166666666665,3.8333333333333335,0.16666666666666666,0.0,0.30650103547647123,0.2455988026986578,0.0,0.4479001618248711
C002032,8.0,2908.7599999999998,108.0,363.59499999999997,3.25,0.125,0.625,0.1634063999779975,0.3852603858688926,0.0,0.45133321415310984
C002033,7.0,3106.33,34.0,443.76142857142855,3.5714285714285716,0.14285714285714285,0.8571428571428571,0.16207228465745754,0.10777670112319039,0.03797729153051994,0.6921737226888321
C002034,2.0,915.6600000000001,84.0,457.83000000000004,3.0,0.0,1.0,0.39963523578620885,0.0,0.0,0.6003647642137911
C002035,5.0,1873.81,6.0,374.762,3.8,0.2,1.0,0.5785485187932609,0.0,0.4214514812067392,0.0
C002036,3.0,1782.69,338.0,594.23,3.3333333333333335,0.0,0.0,0.5165900969882593,0.0,0.3377087435280391,0.1457011594837016
C002037,6.0,1919.62,46.0,319.93666666666667,3.8333333333333335,0.0,0.5,0.09692543315864598,0.0,0.338275283649889,0.564799283191465
C002038,6.0,1432.82,33.0,238.8033333333333,4.5,0.3333333333333333,0.5,0.30798006727990956,0.3854287349422817,0.0,0.3065911977778088
C002039,6.0,1549.5,130.0,258.25,3.6666666666666665,0.0,0.0,0.12454985479186835,0.42997095837366894,0.20975798644724103,0.2357212003872217
C002040,7.0,1684.43,53.0,240.63285714285715,4.142857142857143,0.14285714285714285,0.14285714285714285,0.14024328704665673,0.6235818644882839,0.23617484846505937,0.0
C002041,6.0,2451.19,119.0,408.5316666666667,3.6666666666666665,0.0,1.0,0.44986312770531867,0.3086704825003366,0.0,0.2414663897943448
C002042,3.0,1305.6100000000001,131.0,435.2033333333334,4.0,0.3333333333333333,1.0,0.7665612242553289,0.0,0.0,0.23343877574467103
C002043,9.0,4091.85,52.0,454.65,3.6666666666666665,0.2222222222222222,0.4444444444444444,0.2662414311375051,0.5271283160428657,0.033063284333492184,0.1735669684861371
C002044,3.0,1654.9499999999998,4.0,551.65,4.333333333333333,0.0,0.0,0.0,0.7088129550741715,0.0,0.2911870449258286
C002045,0.0,0.0,0.0,0.0,0.0,0.0,0.0,0.0,0.0,0.0,0.0
C002046,5.0,1203.23,10.0,240.64600000000002,3.8,0.2,0.0,0.0,0.2745277295280204,0.6312924378547743,0.09417983261720535
C002047,5.0,681.54,12.0,136.308,3.8,0.0,0.0,0.0,0.07336326554567597,0.4833758840273498,0.4432608504269743
C002048,2.0,557.27,305.0,278.635,4.0,0.0,1.0,0.6288872539343585,0.0,0.0,0.37111274606564143
C002049,0.0,0.0,0.0,0.0,0.0,0.0,0.0,0.0,0.0,0.0,0.0
C002050,4.0,1228.73,36.0,307.1825,3.5,0.0,0.25,0.3042735181854435,0.0,0.5243381377519878,0.17138834406256867
C002051,6.0,1969.21,130.0,328.20166666666665,4.0,0.0,0.0,0.0,0.7037085938015752,0.0,0.29629140619842476
C002052,1.0,352.54,337.0,352.54,4.0,0.0,0.0,1.0,0.0,0.0,0.0
C002053,11.0,2503.86,10.0,227.62363636363636,3.5454545454545454,0.0,0.18181818181818182,0.07612246691108927,0.5324778541931258,0.29576334140087707,0.09563633749490787
C002054,5.0,901.79,202.0,180.358,3.8,0.0,0.2,0.0,0.21100256157198463,0.5623482185431198,0.2266492198848956
C002055,6.0,1468.24,68.0,244.70666666666668,3.8333333333333335,0.3333333333333333,0.16666666666666666,0.34428295101618267,0.6165885686263826,0.0,0.039128480357434756
C002056,4.0,1403.8899999999999,299.0,350.97249999999997,5.5,0.0,1.0,0.0,0.5019695275270855,0.49803047247291454,0.0
C002057,0.0,0.0,0.0,0.0,0.0,0.0,0.0,0.0,0.0,0.0,0.0
C002058,5.0,1253.37,75.0,250.67399999999998,3.8,0.0,0.8,0.0,0.2519367784453114,0.48183696753552424,0.26622625401916433
C002059,1.0,172.58,354.0,172.58,4.0,0.0,0.0,0.0,1.0,0.0,0.0
C002060,0.0,0.0,0.0,0.0,0.0,0.0,0.0,0.0,0.0,0.0,0.0
C002061,1.0,133.85,170.0,133.85,2.0,0.0,0.0,0.0,0.0,0.0,1.0
C002062,8.0,2198.59,24.0,274.82375,3.75,0.25,0.0,0.022741848184518264,0.7904520624582119,0.10278860542438564,0.08401748393288427
C002063,3.0,1318.6799999999998,34.0,439.55999999999995,4.0,0.0,0.3333333333333333,0.0,0.1962871962871963,0.8037128037128037,0.0
C002064,3.0,1664.33,145.0,554.7766666666666,2.3333333333333335,0.0,1.0,1.0,0.0,0.0,0.0
C002065,1.0,199.39,192.0,199.39,4.0,0.0,1.0,1.0,0.0,0.0,0.0
C002066,7.0,1608.99,29.0,229.8557142857143,3.857142857142857,0.14285714285714285,0.14285714285714285,0.08620936115202703,0.3973424322090255,0.5164482066389474,0.0
C002067,5.0,920.19,68.0,184.038,3.4,0.0,0.0,0.0,0.42935698062356686,0.5706430193764331,0.0
C002068,3.0,663.1,256.0,221.03333333333333,2.6666666666666665,0.0,0.0,0.247413663097572,0.752586336902428,0.0,0.0
C002069,4.0,1107.49,2.0,276.8725,3.5,0.0,0.5,0.1377439073941977,0.6835276165021806,0.1787284761036217,0.0
C002070,1.0,472.62,461.0,472.62,2.0,0.0,0.0,0.0,1.0,0.0,0.0
C002071,5.0,1172.8600000000001,51.0,234.57200000000003,4.0,0.0,0.6,0.21654758453694387,0.0,0.3960319219685214,0.38742049349453467
C002072,9.0,3044.02,13.0,338.22444444444443,3.5555555555555554,0.1111111111111111,0.8888888888888888,0.25928870375358903,0.10790336462966736,0.3218474254439853,0.31096050617275844
C002073,6.0,2250.54,56.0,375.09,5.333333333333333,0.0,0.8333333333333334,0.2055906582420219,0.057257369342468924,0.2577248127116159,0.4794271597038933
C002074,5.0,1909.77,33.0,381.954,3.8,0.4,0.2,0.7440477125517733,0.0,0.0,0.25595228744822673
C002075,7.0,1907.32,42.0,272.4742857142857,3.4285714285714284,0.0,0.14285714285714285,0.16693580521359813,0.3645481618186775,0.36511964431768135,0.103396388650043
C002076,6.0,2301.49,37.0,383.58166666666665,3.6666666666666665,0.0,0.5,0.15460853620915144,0.1710022637508744,0.273631430073561,0.40075776996641305
C002077,0.0,0.0,0.0,0.0,0.0,0.0,0.0,0.0,0.0,0.0,0.0
C002078,5.0,1110.0,72.0,222.0,4.6,0.4,0.0,0.0,0.4588378378378378,0.5411621621621622,0.0
C002079,3.0,815.0400000000001,201.0,271.68,3.0,0.0,0.6666666666666666,0.39481497840596785,0.26235522182960347,0.0,0.3428297997644288
C002080,2.0,1006.28,4.0,503.14,5.0,0.0,0.0,0.5996641093930118,0.40033589060698815,0.0,0.0
C002081,9.0,2311.49,60.0,256.8322222222222,3.0,0.2222222222222222,0.7777777777777778,0.42285711813592103,0.0,0.1295008847107277,0.44764199715335135
C002082,4.0,926.93,34.0,231.7325,3.0,0.0,0.5,0.2834626131423085,0.0,0.44897672963438445,0.2675606572233071
C002083,7.0,2160.39,173.0,308.6271428571428,4.0,0.14285714285714285,0.8571428571428571,0.3730715287517532,0.35364448085762296,0.18819750137706617,0.08508648901355774
C002084,4.0,686.9000000000001,49.0,171.72500000000002,4.5,0.0,0.0,0.39084291745523364,0.15286067841024892,0.45629640413451733,0.0
C002085,6.0,1111.21,105.0,185.20166666666668,4.0,0.0,0.16666666666666666,0.39474986726181366,0.6052501327381863,0.0,0.0
C002086,2.0,634.51,9.0,317.255,3.5,0.5,1.0,0.0,0.0,1.0,0.0
C002087,6.0,2571.47,61.0,428.5783333333333,3.0,0.0,0.6666666666666666,0.5882394116983671,0.23210070504419653,0.0,0.17965988325743645
C002088,8.0,1692.1599999999999,7.0,211.51999999999998,3.125,0.125,0.125,0.07579661497730711,0.35535055786686837,0.07872777987897127,0.49012504727685324
C002089,7.0,3984.5899999999997,148.0,569.2271428571428,3.4285714285714284,0.14285714285714285,0.8571428571428571,0.2788316991208631,0.0,0.5248695599798222,0.1962987408993146
C002090,6.0,1722.3400000000001,158.0,287.0566666666667,4.666666666666667,0.16666666666666666,0.0,0.0,0.8353170686391769,0.16468293136082304,0.0
C002091,4.0,952.66,142.0,238.165,3.5,0.0,0.0,0.0,0.2529233934457204,0.19583062162786305,0.5512459849264165
C002092,4.0,610.86,168.0,152.715,3.5,0.5,0.0,0.2357168581999149,0.7642831418000852,0.0,0.0
C002093,7.0,2417.47,9.0,345.3528571428571,4.142857142857143,0.14285714285714285,0.0,0.0,0.6113457457589959,0.388654254241004,0.0
C002094,5.0,818.37,142.0,163.674,4.0,0.4,0.0,0.07347532289795569,0.9265246771020443,0.0,0.0
C002095,0.0,0.0,0.0,0.0,0.0,0.0,0.0,0.0,0.0,0.0,0.0
C002096,6.0,3600.43,179.0,600.0716666666666,4.5,0.0,0.5,0.6930338876189789,0.0,0.09748002321944882,0.2094860891615724
C002097,5.0,1950.59,50.0,390.118,5.2,0.0,0.6,0.2244705448095192,0.4397079857889152,0.33582146940156565,0.0
C002098,5.0,2986.77,35.0,597.354,5.4,0.0,0.6,0.0,0.696679021149938,0.30332097885006215,0.0
C002099,2.0,804.4100000000001,147.0,402.20500000000004,3.5,0.0,0.5,0.5147996668365634,0.0,0.0,0.4852003331634365
C002100,5.0,1814.13,1.0,362.826,3.6,0.2,0.4,0.21201898430652708,0.06587179529581673,0.2681726226896639,0.4539365977079922
C002101,6.0,1697.3500000000001,6.0,282.8916666666667,3.5,0.16666666666666666,0.0,0.2772203729342799,0.22229946681591894,0.1354582142751937,0.3650219459746075
C002102,4.0,1015.3199999999999,24.0,253.82999999999998,2.75,0.0,0.25,0.0,0.7858901627073238,0.16486427924201236,0.049245558050663836
C002103,4.0,1132.58,77.0,283.145,3.75,0.0,0.25,0.0,0.7854897667272952,0.2145102332727048,0.0
C002104,4.0,1671.59,14.0,417.8975,3.75,0.0,0.5,0.2975490401354399,0.2625584024790768,0.0,0.4398925573854833
C002105,7.0,2047.27,26.0,292.46714285714285,3.5714285714285716,0.0,0.8571428571428571,0.20456510377234075,0.08333048401041386,0.44356631025707405,0.26853810196017136
C002106,0.0,0.0,0.0,0.0,0.0,0.0,0.0,0.0,0.0,0.0,0.0
C002107,6.0,1990.1499999999999,48.0,331.69166666666666,3.6666666666666665,0.0,0.0,0.04213752732206116,0.5056151546365852,0.2469411853377886,0.20530613270356507
C002108,3.0,329.48,161.0,109.82666666666667,4.0,0.0,0.0,0.0,1.0,0.0,0.0
C002109,7.0,1721.05,58.0,245.8642857142857,3.7142857142857144,0.14285714285714285,0.2857142857142857,0.7840213822956916,0.2159786177043084,0.0,0.0
C002110,3.0,826.38,48.0,275.46,3.3333333333333335,0.0,0.6666666666666666,0.36169800818025605,0.0,0.638301991819744,0.0
C002111,3.0,1986.26,263.0,662.0866666666667,4.333333333333333,0.0,1.0,0.0,0.12094086373385156,0.47036641728676004,0.4086927189793884
C002112,3.0,1168.97,230.0,389.6566666666667,4.0,0.0,0.0,0.8933163383149267,0.10668366168507318,0.0,0.0
C002113,5.0,1457.74,28.0,291.548,4.0,0.0,1.0,0.7773814260430529,0.09242388903370971,0.13019468492323732,0.0
C002114,4.0,524.53,128.0,131.1325,2.5,0.25,0.0,0.0,0.19522238956780358,0.6436619449793148,0.16111566545288164
C002115,4.0,1656.42,10.0,414.105,3.25,0.25,0.0,0.3918571376824718,0.0,0.46296229217227514,0.145180570145253
C002116,6.0,3204.07,59.0,534.0116666666667,4.5,0.0,0.3333333333333333,0.04871616412874875,0.809704532048301,0.14157930382295017,0.0
C002117,8.0,3314.3999999999996,18.0,414.29999999999995,5.25,0.125,0.0,0.07696717354573981,0.8535843591600291,0.06944846729423124,0.0
C002118,4.0,614.02,201.0,153.505,4.0,0.0,0.5,0.7264095632064101,0.0,0.1344093026285789,0.1391811341650109
C002119,2.0,1022.31,68.0,511.155,2.5,0.0,1.0,1.0,0.0,0.0,0.0
C002120,7.0,2573.15,11.0,367.59285714285716,4.714285714285714,0.2857142857142857,0.42857142857142855,0.0,0.4602763150224433,0.18870256300643184,0.35102112197112495
C002121,4.0,1064.3600000000001,40.0,266.09000000000003,3.0,0.0,0.25,0.6213123379307753,0.0,0.04697658686910444,0.3317110752001203
C002122,3.0,605.73,69.0,201.91,2.6666666666666665,0.0,0.0,0.09249995872748584,0.6135902134614433,0.29390982781107095,0.0
C002123,4.0,1384.75,205.0,346.1875,3.5,0.25,0.25,0.4523993500631883,0.30831558042968044,0.23928506950713127,0.0
C002124,1.0,400.37,98.0,400.37,4.0,0.0,1.0,0.0,1.0,0.0,0.0
C002125,4.0,1383.02,20.0,345.755,4.25,0.0,0.75,0.0,0.4374701739671154,0.5625298260328846,0.0
C002126,6.0,2507.03,71.0,417.83833333333337,2.8333333333333335,0.16666666666666666,1.0,0.22284535885091125,0.49702237308687974,0.2801322680622091,0.0
C002127,4.0,1163.62,148.0,290.905,4.25,0.0,0.25,0.48318179474398865,0.36159570993967105,0.0,0.15522249531634041
C002128,5.0,1732.15,65.0,346.43,2.2,0.0,0.0,0.0,0.5052218341367665,0.34785670986923767,0.14692145599399592
C002129,4.0,2498.95,219.0,624.7375,3.5,0.5,1.0,0.0,0.0,0.09542807979351328,0.9045719202064868
C002130,6.0,1236.51,4.0,206.085,3.6666666666666665,0.16666666666666666,0.5,0.37900219165231175,0.22939563772229904,0.0736427525859071,0.31795941803948213
C002131,7.0,2584.63,37.0,369.23285714285714,2.7142857142857144,0.14285714285714285,0.5714285714285714,0.3903189237918,0.24073078158188987,0.3689502946263101,0.0
C002132,7.0,2173.4700000000003,152.0,310.4957142857143,4.714285714285714,0.0,0.14285714285714285,0.0,0.4647959254095984,0.2235089511242391,0.3116951234661624
C002133,4.0,1818.58,68.0,454.645,5.25,0.0,0.0,0.15896468673360534,0.3724939238306811,0.46854138943571355,0.0
C002134,4.0,1501.91,56.0,375.4775,3.75,0.0,0.25,0.0,0.0,0.9316204033530637,0.06837959664693623
C002135,7.0,1232.74,0.0,176.1057142857143,3.0,0.14285714285714285,0.0,0.3146648928403393,0.5416470626409461,0.0,0.14368804451871436
C002136,8.0,4865.9,24.0,608.2375,3.0,0.25,0.75,0.4176390801290615,0.16760722579584456,0.07168663556587682,0.3430670585092172
C002137,0.0,0.0,0.0,0.0,0.0,0.0,0.0,0.0,0.0,0.0,0.0
C002138,9.0,4346.9,73.0,482.9888888888888,3.3333333333333335,0.0,0.8888888888888888,0.37762083323747964,0.12678230463088638,0.3539280866824634,0.1416687754491707
C002139,6.0,1336.07,30.0,222.6783333333333,4.0,0.16666666666666666,0.0,0.0,0.3647787915303839,0.13867536880552667,0.49654583966408944
C002140,5.0,1923.46,160.0,384.692,3.6,0.0,0.8,0.4141702972767825,0.40955881588387594,0.17627088683934164,0.0
C002141,5.0,1053.1599999999999,32.0,210.63199999999998,4.6,0.2,0.4,0.302071859926317,0.23952675756770103,0.40428804740020513,0.05411333510577691
C002142,6.0,2670.54,8.0,445.09,3.1666666666666665,0.16666666666666666,0.16666666666666666,0.35431410875703045,0.6082402809918593,0.03744561025111026,0.0
C002143,2.0,893.36,382.0,446.68,3.5,0.5,1.0,1.0,0.0,0.0,0.0
C002144,6.0,2164.79,35.0,360.79833333333335,2.6666666666666665,0.16666666666666666,0.8333333333333334,0.45758249068038936,0.18226710212076,0.24469348066094174,0.115456926537909
C002145,5.0,2494.58,176.0,498.916,3.8,0.0,1.0,0.675308067891188,0.0,0.07135870567390101,0.2533332264349109
C002146,11.0,4137.31,2.0,376.11909090909097,4.090909090909091,0.09090909090909091,0.2727272727272727,0.1748793298060817,0.18688713197705756,0.2120024847062463,0.42623105351061435
C002147,2.0,1879.5,44.0,939.75,3.0,0.0,1.0,0.9354296355413675,0.0,0.0,0.06457036445863261
C002148,5.0,1760.3899999999999,122.0,352.078,4.2,0.4,0.2,0.7652281596691642,0.05857224819500225,0.10689676719363324,0.06930282494220032
C002149,1.0,452.67,18.0,452.67,2.0,0.0,0.0,0.0,0.0,0.0,1.0
C002150,0.0,0.0,0.0,0.0,0.0,0.0,0.0,0.0,0.0,0.0,0.0
C002151,7.0,2244.45,12.0,320.63571428571424,4.285714285714286,0.14285714285714285,0.7142857142857143,0.30473835460803317,0.0,0.1430862794894072,0.5521753659025597
C002152,0.0,0.0,0.0,0.0,0.0,0.0,0.0,0.0,0.0,0.0,0.0
C002153,5.0,2330.06,38.0,466.012,4.0,0.0,0.8,0.0,0.19351433010308747,0.17059646532707312,0.6358892045698393
C002154,2.0,2044.38,297.0,1022.19,1.5,0.0,0.5,0.0,0.0,1.0,0.0
C002155,6.0,1024.75,117.0,170.79166666666666,2.0,0.0,0.16666666666666666,0.3332422542083435,0.5556477189558429,0.11111002683581361,0.0
C002156,6.0,1856.16,0.0,309.36,2.1666666666666665,0.16666666666666666,0.16666666666666666,0.2211339539694854,0.24912184294457373,0.529744203085941,0.0
C002157,1.0,775.42,98.0,775.42,3.0,0.0,1.0,1.0,0.0,0.0,0.0
C002158,6.0,4283.05,130.0,713.8416666666667,3.6666666666666665,0.16666666666666666,0.8333333333333334,0.13097208764782103,0.8328340785188123,0.0,0.036193833833366405
C002159,2.0,553.51,151.0,276.755,3.5,0.0,0.5,0.15797365901248397,0.0,0.0,0.842026340987516
C002160,1.0,50.38,190.0,50.38,5.0,0.0,0.0,0.0,1.0,0.0,0.0
C002161,2.0,560.99,371.0,280.495,3.5,0.0,0.0,0.6531667231144941,0.0,0.0,0.34683327688550597
C002162,1.0,314.97,406.0,314.97,6.0,1.0,0.0,0.0,1.0,0.0,0.0
C002163,7.0,3665.33,251.0,523.6185714285714,3.857142857142857,0.0,0.7142857142857143,0.33378713512835134,0.22949638913822223,0.4367164757334264,0.0
C002164,2.0,452.28999999999996,200.0,226.14499999999998,3.0,0.0,0.0,1.0,0.0,0.0,0.0
C002165,1.0,276.47,446.0,276.47,1.0,0.0,1.0,0.0,0.0,0.0,1.0
C002166,5.0,3099.43,178.0,619.886,4.0,0.0,1.0,0.45027956753338516,0.0,0.36097605043508,0.18874438203153485
C002167,6.0,976.02,27.0,162.67,3.6666666666666665,0.0,0.3333333333333333,0.0,0.3459662711829676,0.6540337288170325,0.0
C002168,3.0,2401.45,218.0,800.4833333333332,2.6666666666666665,0.0,0.0,0.5465739449082846,0.0,0.0,0.4534260550917154
C002169,0.0,0.0,0.0,0.0,0.0,0.0,0.0,0.0,0.0,0.0,0.0
C002170,6.0,2138.33,31.0,356.3883333333333,4.0,0.0,1.0,0.14060972815234318,0.0,0.5940102790495387,0.2653799927981182
C002171,2.0,929.8199999999999,99.0,464.90999999999997,5.0,0.5,0.5,0.0,0.0,0.5772730205846293,0.42272697941537074
C002172,4.0,1049.47,177.0,262.3675,5.25,0.25,0.0,0.0,0.28105615215299146,0.14782699838966334,0.5711168494573451
C002173,5.0,1599.52,231.0,319.904,4.2,0.0,0.0,0.0,0.9113421526457938,0.0,0.08865784735420626
C002174,3.0,681.32,347.0,227.10666666666668,3.0,0.3333333333333333,0.6666666666666666,0.30718311512945456,0.5745024364468971,0.0,0.1183144484236482
C002175,7.0,3241.86,95.0,463.1228571428572,3.142857142857143,0.14285714285714285,0.5714285714285714,0.7862615905683773,0.0,0.18388517702800244,0.029853232403620145
C002176,5.0,1091.64,250.0,218.32800000000003,3.0,0.0,0.2,0.4433604484995054,0.0,0.0,0.5566395515004947
C002177,7.0,1722.31,55.0,246.0442857142857,3.7142857142857144,0.0,0.42857142857142855,0.18979161707242018,0.0,0.6260197060923992,0.18418867683518067
C002178,8.0,1116.39,138.0,139.54875,3.25,0.0,0.375,0.18150467130662226,0.428192656688075,0.1135266349573178,0.27677603704798504
C002179,7.0,1410.11,126.0,201.4442857142857,3.5714285714285716,0.2857142857142857,0.14285714285714285,0.10655906276815283,0.32878286091156006,0.5646580763202871,0.0
C002180,1.0,520.03,426.0,520.03,4.0,0.0,0.0,0.0,1.0,0.0,0.0
C002181,7.0,2518.52,14.0,359.7885714285714,3.857142857142857,0.2857142857142857,0.14285714285714285,0.5583715833108333,0.0,0.25699220176929305,0.18463621491987353
C002182,10.0,4021.48,131.0,402.148,4.1,0.1,0.7,0.2408864398181764,0.0,0.18270885345693624,0.5764047067248873
C002183,5.0,2342.48,49.0,468.496,5.2,0.0,0.2,0.0,0.3515419555343055,0.6484580444656944,0.0
C002184,7.0,2265.17,36.0,323.5957142857143,3.4285714285714284,0.2857142857142857,0.2857142857142857,0.7631215317172662,0.0,0.11253018537240031,0.12434828291033342
C002185,4.0,1069.12,92.0,267.28,2.5,0.0,1.0,0.27164396887159536,0.19047440885962288,0.12787152050284348,0.4100101017659384
C002186,2.0,252.07,250.0,126.035,3.5,0.0,0.0,0.0,1.0,0.0,0.0
C002187,0.0,0.0,0.0,0.0,0.0,0.0,0.0,0.0,0.0,0.0,0.0
C002188,7.0,2810.26,10.0,401.46571428571434,4.571428571428571,0.0,0.14285714285714285,0.0,0.525520770320184,0.2562965704240889,0.21818265925572725
C002189,0.0,0.0,0.0,0.0,0.0,0.0,0.0,0.0,0.0,0.0,0.0
C002190,10.0,4201.11,73.0,420.111,3.4,0.1,0.9,0.32893687620652634,0.43225480884813766,0.15591831682579124,0.08288999811954459
C002191,3.0,1431.46,222.0,477.15333333333336,4.0,0.3333333333333333,0.3333333333333333,0.2993656825898034,0.7006343174101967,0.0,0.0
C002192,5.0,2253.68,56.0,450.736,3.0,0.0,0.6,0.0,0.26785524120549503,0.43667246459124637,0.29547229420325866
C002193,4.0,2437.12,200.0,609.28,2.5,0.25,0.5,0.829918100052521,0.12087217699579832,0.0,0.049209722951680676
C002194,3.0,1464.63,163.0,488.21000000000004,6.666666666666667,0.0,0.3333333333333333,0.0,0.8137618374606557,0.1862381625393444,0.0
C002195,7.0,3335.75,9.0,476.5357142857143,3.5714285714285716,0.14285714285714285,0.2857142857142857,0.07393239901071723,0.15557820580079443,0.16521921606835044,0.6052701791201379
C002196,3.0,1113.97,107.0,371.3233333333333,3.0,0.0,1.0,0.43307270393278097,0.0,0.0,0.566927296067219
C002197,2.0,131.35,255.0,65.675,2.5,0.0,0.0,0.3806623524933384,0.0,0.6193376475066615,0.0
C002198,7.0,2314.0499999999997,69.0,330.57857142857137,4.428571428571429,0.2857142857142857,0.2857142857142857,0.31235280136557114,0.4665327024048745,0.19385060824096279,0.02726388798859143
C002199,5.0,1403.02,132.0,280.604,3.8,0.0,0.4,0.1789425667488703,0.11337685849096947,0.7076805747601603,0.0
C002200,2.0,585.4200000000001,241.0,292.71000000000004,4.5,0.0,1.0,0.4147791329302039,0.0,0.585220867069796,0.0
C002201,3.0,1414.96,383.0,471.65333333333336,5.0,0.0,0.6666666666666666,0.0,0.44956747893933396,0.0,0.550432521060666
C002202,3.0,781.62,154.0,260.54,5.0,0.0,0.0,0.38399733886031573,0.48425065888795066,0.13175200225173359,0.0
C002203,5.0,1027.73,10.0,205.546,3.6,0.0,0.4,0.3454603835637765,0.5110194311735573,0.14352018526266627,0.0
C002204,3.0,461.72999999999996,327.0,153.91,3.0,0.0,1.0,0.5054685638793234,0.49453143612067657,0.0,0.0
C002205,0.0,0.0,0.0,0.0,0.0,0.0,0.0,0.0,0.0,0.0,0.0
C002206,2.0,716.94,217.0,358.47,2.5,0.0,0.5,0.6646023377130582,0.0,0.33539766228694173,0.0
C002207,6.0,944.43,151.0,157.405,3.8333333333333335,0.0,0.0,0.3312897726671114,0.6687102273328887,0.0,0.0
C002208,5.0,1039.25,0.0,207.85,3.4,0.0,0.2,0.3082992542699062,0.5888573490497956,0.0,0.1028433966802983
C002209,0.0,0.0,0.0,0.0,0.0,0.0,0.0,0.0,0.0,0.0,0.0
C002210,2.0,202.33,296.0,101.165,3.0,0.5,0.0,0.0,0.0,1.0,0.0
C002211,5.0,985.25,3.0,197.05,3.6,0.2,0.2,0.0,0.5369297132707435,0.1835067241816798,0.27956356254757675
C002212,7.0,2966.19,16.0,423.74142857142857,3.7142857142857144,0.0,0.42857142857142855,0.5932526237361734,0.3459892994042863,0.06075807685954035,0.0
C002213,2.0,254.57,259.0,127.285,4.5,0.5,1.0,0.7072710845739876,0.0,0.2927289154260125,0.0
C002214,12.0,6380.48,41.0,531.7066666666666,3.3333333333333335,0.08333333333333333,0.8333333333333334,0.33910144691308497,0.48489298610762827,0.09102136516374944,0.0849842018155374
C002215,2.0,307.03999999999996,235.0,153.51999999999998,4.5,0.0,0.0,0.0,0.6136334028139657,0.38636659718603444,0.0
C002216,4.0,905.35,68.0,226.3375,2.5,0.5,0.75,0.0,0.41678908709338924,0.22298558568509416,0.3602253272215165
C002217,0.0,0.0,0.0,0.0,0.0,0.0,0.0,0.0,0.0,0.0,0.0
C002218,7.0,4076.64,20.0,582.3771428571429,4.0,0.0,0.5714285714285714,0.3296832685741199,0.0,0.24709319439538444,0.4232235370304957
C002219,6.0,2255.69,122.0,375.9483333333333,3.5,0.16666666666666666,0.5,0.1678200461942909,0.2277928261418901,0.0990251319995212,0.5053619956642978
C002220,8.0,3477.7,56.0,434.7125,3.875,0.0,0.5,0.5853236334358916,0.1896770854300256,0.22499928113408288,0.0
C002221,0.0,0.0,0.0,0.0,0.0,0.0,0.0,0.0,0.0,0.0,0.0
C002222,4.0,1118.12,27.0,279.53,4.0,0.0,0.75,0.0,0.5844542625120739,0.4155457374879262,0.0
C002223,12.0,3536.04,2.0,294.67,4.166666666666667,0.16666666666666666,0.0,0.07502177577176727,0.605205257859074,0.3197729663691587,0.0
C002224,4.0,1087.32,24.0,271.83,4.75,0.5,1.0,0.8141393518007579,0.0,0.1858606481992422,0.0
C002225,0.0,0.0,0.0,0.0,0.0,0.0,0.0,0.0,0.0,0.0,0.0
C002226,7.0,1449.72,105.0,207.10285714285715,3.7142857142857144,0.14285714285714285,0.14285714285714285,0.23929448445217008,0.3071006815109124,0.4536048340369175,0.0
C002227,0.0,0.0,0.0,0.0,0.0,0.0,0.0,0.0,0.0,0.0,0.0
C002228,0.0,0.0,0.0,0.0,0.0,0.0,0.0,0.0,0.0,0.0,0.0
C002229,5.0,1110.49,126.0,222.098,2.2,0.0,0.4,0.35622112761033414,0.3904672712046034,0.12280164612018118,0.13050995506488128
C002230,5.0,738.41,47.0,147.682,4.6,0.0,0.0,0.34425319267073845,0.16883574166113677,0.3296407145082001,0.15727035115992472
C002231,6.0,4102.0199999999995,183.0,683.67,4.666666666666667,0.0,0.16666666666666666,0.5538661439973477,0.4461338560026524,0.0,0.0
C002232,0.0,0.0,0.0,0.0,0.0,0.0,0.0,0.0,0.0,0.0,0.0
C002233,0.0,0.0,0.0,0.0,0.0,0.0,0.0,0.0,0.0,0.0,0.0
C002234,4.0,646.02,152.0,161.505,3.5,0.25,0.5,0.0,0.4435156806290827,0.5564843193709174,0.0
C002235,5.0,1719.9699999999998,293.0,343.99399999999997,3.0,0.4,0.2,0.28657476583893904,0.6363483084007279,0.07707692576033302,0.0
C002236,10.0,2423.6,38.0,242.35999999999999,4.1,0.2,0.9,0.2457707542498762,0.0,0.5761883149034495,0.17804093084667438
C002237,3.0,3078.2200000000003,222.0,1026.0733333333335,4.0,0.0,0.6666666666666666,0.36012045922643604,0.08851868937242952,0.0,0.5513608514011343
C002238,3.0,1754.3999999999999,39.0,584.8,3.3333333333333335,0.0,0.0,0.0,1.0,0.0,0.0
C002239,2.0,526.8,303.0,263.4,5.0,0.5,0.0,0.7311123766135156,0.2688876233864845,0.0,0.0
C002240,8.0,4763.79,18.0,595.47375,3.625,0.25,0.875,0.03660110962070117,0.08734641955249917,0.46676070943513465,0.409291761391665
C002241,0.0,0.0,0.0,0.0,0.0,0.0,0.0,0.0,0.0,0.0,0.0
C002242,6.0,1822.91,105.0,303.8183333333333,4.166666666666667,0.0,0.16666666666666666,0.0,0.5177161790763121,0.0,0.482283820923688
C002243,6.0,2811.43,103.0,468.57166666666666,4.333333333333333,0.0,1.0,0.5051948652465116,0.0,0.19757561098800258,0.2972295237654859
C002244,4.0,546.63,61.0,136.6575,4.0,0.0,0.0,0.10176902109287819,0.516016318167682,0.1149589301721457,0.2672557305672942
C002245,0.0,0.0,0.0,0.0,0.0,0.0,0.0,0.0,0.0,0.0,0.0
C002246,6.0,868.04,84.0,144.67333333333332,3.6666666666666665,0.5,0.0,0.0,0.4824432053822404,0.4253029814294272,0.09225381318833233
C002247,4.0,575.11,107.0,143.7775,3.75,0.25,0.0,0.0,0.2929178765801325,0.10982246874510962,0.5972596546747578
C002248,4.0,503.85999999999996,117.0,125.96499999999999,3.5,0.0,0.5,0.0,0.49480014289683644,0.3095105783352518,0.1956892787679117
C002249,5.0,1271.57,21.0,254.314,3.4,0.0,0.4,0.14954740989485438,0.0,0.08343229236298433,0.7670202977421612
C002250,4.0,1095.46,2.0,273.865,4.0,0.25,0.0,0.11188906943201941,0.8881109305679806,0.0,0.0
C002251,2.0,313.6,88.0,156.8,3.0,0.0,0.0,0.0,0.840561224489796,0.0,0.15943877551020408
C002252,1.0,120.3,440.0,120.3,5.0,0.0,0.0,0.0,0.0,1.0,0.0
C002253,5.0,1777.75,212.0,355.55,3.4,0.2,0.4,0.46761918154971166,0.0,0.21870904232878638,0.3136717761215019
C002254,6.0,2735.8399999999997,176.0,455.9733333333333,4.333333333333333,0.16666666666666666,0.5,0.09667963038774197,0.1183329434469852,0.08788525644774547,0.6971021697175273
C002255,6.0,3242.77,107.0,540.4616666666667,3.8333333333333335,0.0,0.8333333333333334,0.37141086170157006,0.16151623457722875,0.23993067655122013,0.22714222716998123
C002256,1.0,379.38,126.0,379.38,4.0,0.0,0.0,0.0,0.0,1.0,0.0
C002257,2.0,1273.62,394.0,636.81,2.5,0.0,1.0,0.9526546379610873,0.0,0.0,0.04734536203891271
C002258,2.0,812.16,154.0,406.08,4.5,0.0,1.0,0.0,0.0,1.0,0.0
C002259,4.0,2396.51,4.0,599.1275,4.5,0.0,0.75,0.0,0.0,0.6944431694422305,0.3055568305577694
C002260,7.0,2570.51,15.0,367.21571428571434,3.857142857142857,0.14285714285714285,0.0,0.25537733757114345,0.11297369004594417,0.6316489723829123,0.0
C002261,5.0,850.34,59.0,170.068,3.2,0.0,0.0,0.0,0.7339769974363196,0.2660230025636804,0.0
C002262,2.0,767.09,362.0,383.545,2.5,0.0,0.5,0.402299599786205,0.597700400213795,0.0,0.0
C002263,4.0,1523.88,86.0,380.97,3.0,0.25,1.0,0.16678478620363807,0.0,0.5688374412683413,0.2643777725280206
C002264,1.0,631.77,436.0,631.77,4.0,1.0,0.0,0.0,0.0,1.0,0.0
C002265,0.0,0.0,0.0,0.0,0.0,0.0,0.0,0.0,0.0,0.0,0.0
C002266,2.0,760.25,61.0,380.125,3.0,0.0,1.0,1.0,0.0,0.0,0.0
C002267,2.0,475.72,144.0,237.86,4.5,0.0,0.0,0.0,0.21781720339695618,0.7821827966030438,0.0
C002268,0.0,0.0,0.0,0.0,0.0,0.0,0.0,0.0,0.0,0.0,0.0
C002269,4.0,358.78000000000003,107.0,89.69500000000001,3.75,0.0,0.0,0.40994481297731206,0.590055187022688,0.0,0.0
C002270,3.0,1366.1399999999999,66.0,455.37999999999994,4.0,0.6666666666666666,0.0,0.48287144802143267,0.0,0.5171285519785674,0.0
C002271,3.0,270.19,79.0,90.06333333333333,2.0,0.0,0.3333333333333333,0.0,0.0,0.4394685221510789,0.5605314778489211
C002272,0.0,0.0,0.0,0.0,0.0,0.0,0.0,0.0,0.0,0.0,0.0
C002273,5.0,2836.58,65.0,567.316,3.0,0.4,0.8,0.0,0.0,0.42269916589696044,0.5773008341030396
C002274,6.0,1180.1,158.0,196.6833333333333,3.5,0.3333333333333333,0.3333333333333333,0.0,0.2687653588678926,0.5328531480383019,0.19838149309380565
C002275,11.0,4268.6900000000005,38.0,388.06272727272733,3.272727272727273,0.2727272727272727,0.9090909090909091,0.08154726625732953,0.0,0.41669224047658643,0.501760493266084
C002276,12.0,2451.92,17.0,204.32666666666668,4.666666666666667,0.0,0.08333333333333333,0.354974876831218,0.5100859734412215,0.06129890045352214,0.0736402492740383
C002277,6.0,1583.72,13.0,263.9533333333333,3.5,0.3333333333333333,0.3333333333333333,0.3874485388831359,0.22325284772560805,0.2322885358522971,0.1570100775389589
C002278,5.0,1249.19,31.0,249.83800000000002,3.2,0.6,0.8,0.33465685764375314,0.1344311113601614,0.0,0.5309120309960854
C002279,0.0,0.0,0.0,0.0,0.0,0.0,0.0,0.0,0.0,0.0,0.0
C002280,0.0,0.0,0.0,0.0,0.0,0.0,0.0,0.0,0.0,0.0,0.0
C002281,5.0,2254.35,79.0,450.87,3.8,0.2,0.0,0.0807106261228292,0.5741655022512032,0.3451238716259676,0.0
C002282,2.0,574.26,232.0,287.13,4.0,0.5,0.0,1.0,0.0,0.0,0.0
C002283,6.0,1952.6499999999999,11.0,325.44166666666666,4.833333333333333,0.6666666666666666,0.3333333333333333,0.0,0.4289913707013545,0.049394412721173786,0.5216142165774716
C002284,9.0,3685.0699999999997,190.0,409.4522222222222,3.111111111111111,0.1111111111111111,0.1111111111111111,0.03672928872450184,0.5709688011353923,0.23840795425867078,0.1538939558814351
C002285,3.0,1402.8500000000001,22.0,467.61666666666673,3.3333333333333335,0.0,1.0,0.0,0.0,0.8564422425776099,0.14355775742239013
C002286,7.0,3989.48,44.0,569.9257142857143,4.0,0.0,0.5714285714285714,0.10706157193418693,0.07156321124557587,0.6143231699369341,0.20705204688330311
C002287,3.0,489.37,255.0,163.12333333333333,2.3333333333333335,0.3333333333333333,0.0,0.0,0.0,0.576721090381511,0.423278909618489
C002288,1.0,261.87,324.0,261.87,3.0,0.0,1.0,1.0,0.0,0.0,0.0
C002289,8.0,3764.56,0.0,470.57,3.25,0.25,0.75,0.11227075674182375,0.5639835731134581,0.19955585778948934,0.12418981235522876
C002290,0.0,0.0,0.0,0.0,0.0,0.0,0.0,0.0,0.0,0.0,0.0
C002291,7.0,2966.72,5.0,423.8171428571428,3.857142857142857,0.2857142857142857,0.7142857142857143,0.054376550533922985,0.0,0.12757860532844353,0.8180448441376335
C002292,0.0,0.0,0.0,0.0,0.0,0.0,0.0,0.0,0.0,0.0,0.0
C002293,4.0,612.9200000000001,89.0,153.23000000000002,4.5,0.0,0.25,0.0,0.1434444952032892,0.7024081446191999,0.15414736017751096
C002294,4.0,806.83,65.0,201.7075,4.25,0.25,0.25,0.0,0.5651004548665767,0.43489954513342344,0.0
C002295,6.0,1893.42,71.0,315.57,3.8333333333333335,0.16666666666666666,0.8333333333333334,0.43561914419410375,0.05397112104023407,0.0,0.5104097347656622
C002296,2.0,224.79,405.0,112.395,3.0,0.0,0.0,0.25414831620623696,0.7458516837937631,0.0,0.0
C002297,1.0,156.23,540.0,156.23,3.0,0.0,1.0,0.0,0.0,0.0,1.0
C002298,4.0,943.94,63.0,235.985,3.75,0.25,0.25,0.0,0.0,1.0,0.0
C002299,5.0,1130.52,152.0,226.10399999999998,4.0,0.2,0.0,0.38975869511375294,0.08743763931642076,0.5228036655698264,0.0
C002300,6.0,1500.1599999999999,98.0,250.02666666666664,3.8333333333333335,0.16666666666666666,0.16666666666666666,0.3776997120307167,0.5061660089590443,0.1161342790102389,0.0
C002301,0.0,0.0,0.0,0.0,0.0,0.0,0.0,0.0,0.0,0.0,0.0
C002302,7.0,2504.88,12.0,357.84000000000003,4.142857142857143,0.0,0.2857142857142857,0.5124157644278369,0.21216984446360704,0.0,0.2754143911085561
C002303,6.0,2462.52,246.0,410.42,4.0,0.16666666666666666,1.0,0.024434319315173075,0.12933499017266864,0.08358916881893345,0.7626415216932249
C002304,3.0,353.53999999999996,260.0,117.84666666666665,4.0,0.0,0.6666666666666666,1.0,0.0,0.0,0.0
C002305,5.0,1906.9999999999998,118.0,381.4,4.0,0.2,0.4,0.07486628211851075,0.12722600943890927,0.1726691137912952,0.6252385946512847
C002306,3.0,834.66,156.0,278.21999999999997,2.6666666666666665,0.3333333333333333,0.0,0.0,1.0,0.0,0.0
C002307,5.0,2145.4300000000003,26.0,429.08600000000007,3.2,0.4,0.4,0.5202034091067991,0.0956358399015582,0.1966039441976667,0.18755680679397604
C002308,2.0,3502.44,55.0,1751.22,2.5,0.0,1.0,0.0,0.0,0.0,1.0
C002309,6.0,2269.42,120.0,378.2366666666667,4.166666666666667,0.0,0.8333333333333334,0.14790563227608816,0.0,0.3995249887636489,0.45256937896026295
C002310,7.0,1956.62,178.0,279.51714285714286,2.7142857142857144,0.14285714285714285,0.42857142857142855,0.08684363851948769,0.0,0.2615326430272613,0.6516237184532511
C002311,2.0,599.46,258.0,299.73,3.5,0.0,0.5,0.0,0.6422280052046841,0.0,0.35777199479531574
C002312,0.0,0.0,0.0,0.0,0.0,0.0,0.0,0.0,0.0,0.0,0.0
C002313,2.0,1668.23,244.0,834.115,4.0,0.0,0.5,0.0,0.07636237209497491,0.0,0.923637627905025
C002314,4.0,429.91999999999996,2.0,107.47999999999999,4.75,0.0,0.25,0.0,0.0,0.5959015630815035,0.4040984369184965
C002315,4.0,1241.6999999999998,186.0,310.42499999999995,3.5,0.0,1.0,0.0,0.0,0.0,1.0
C002316,3.0,748.55,73.0,249.51666666666665,4.0,0.0,0.6666666666666666,0.4290294569501035,0.0,0.0,0.5709705430498965
C002317,4.0,1005.0,75.0,251.25,3.5,0.25,0.0,0.2968557213930348,0.3194029850746269,0.0,0.3837412935323383
C002318,3.0,2037.1599999999999,182.0,679.0533333333333,2.0,0.0,0.3333333333333333,0.8271122543148305,0.17288774568516954,0.0,0.0
C002319,7.0,1516.85,34.0,216.69285714285712,3.5714285714285716,0.14285714285714285,0.14285714285714285,0.09008141872960411,0.23221808352836473,0.6777004977420312,0.0
C002320,0.0,0.0,0.0,0.0,0.0,0.0,0.0,0.0,0.0,0.0,0.0
C002321,5.0,1605.71,114.0,321.142,5.0,0.0,0.2,0.3904441026088148,0.2082131891811099,0.40134270821007534,0.0
C002322,6.0,1791.9499999999998,214.0,298.6583333333333,3.1666666666666665,0.3333333333333333,0.8333333333333334,0.4182036329138648,0.19791288819442507,0.1529060520661849,0.23097742682552527
C002323,0.0,0.0,0.0,0.0,0.0,0.0,0.0,0.0,0.0,0.0,0.0
C002324,4.0,666.02,213.0,166.505,4.5,0.0,0.25,0.0,0.5940662442569292,0.20617999459475692,0.19975376114831386
C002325,5.0,960.59,103.0,192.118,3.8,0.0,0.6,0.17032240602129942,0.060514891889359664,0.15382213014917914,0.6153405719401618
C002326,9.0,4342.15,28.0,482.46111111111105,3.3333333333333335,0.0,0.4444444444444444,0.1613394286240687,0.7381228193406493,0.0,0.10053775203528205
C002327,11.0,3659.9900000000002,16.0,332.72636363636366,3.3636363636363638,0.2727272727272727,0.2727272727272727,0.06191273746649581,0.4662936237530704,0.2242109951120085,0.24758264366842536
C002328,5.0,2242.8500000000004,28.0,448.57000000000005,3.8,0.2,0.8,0.6652696346166707,0.0,0.0,0.3347303653833292
C002329,0.0,0.0,0.0,0.0,0.0,0.0,0.0,0.0,0.0,0.0,0.0
C002330,3.0,1247.0100000000002,98.0,415.6700000000001,5.0,0.0,1.0,0.7577886304039262,0.24221136959607384,0.0,0.0
C002331,5.0,932.7900000000001,24.0,186.55800000000002,3.4,0.2,0.0,0.33783595450208515,0.0,0.6621640454979149,0.0
C002332,7.0,1334.97,23.0,190.71,3.4285714285714284,0.14285714285714285,0.8571428571428571,0.4387439418114265,0.33026959407327505,0.05281766631459883,0.17816879780069964
C002333,3.0,407.21,81.0,135.73666666666665,4.666666666666667,0.0,0.0,0.0,0.0,1.0,0.0
C002334,6.0,2002.3,9.0,333.71666666666664,3.3333333333333335,0.0,0.5,0.5335464216151425,0.1642710882485142,0.0,0.3021824901363432
C002335,1.0,104.25,119.0,104.25,1.0,0.0,0.0,0.0,0.0,1.0,0.0
C002336,4.0,1958.02,73.0,489.505,3.5,0.25,0.5,0.17025873075862352,0.0,0.5541669645866742,0.27557430465470223
C002337,3.0,1353.77,53.0,451.25666666666666,4.333333333333333,0.0,0.3333333333333333,0.44380507767198263,0.04788110240291925,0.508313819925098,0.0
C002338,6.0,1562.09,13.0,260.3483333333333,4.166666666666667,0.16666666666666666,0.0,0.0,0.8381399279170855,0.16186007208291456,0.0
C002339,0.0,0.0,0.0,0.0,0.0,0.0,0.0,0.0,0.0,0.0,0.0
C002340,0.0,0.0,0.0,0.0,0.0,0.0,0.0,0.0,0.0,0.0,0.0
C002341,9.0,2940.33,19.0,326.7033333333333,3.4444444444444446,0.0,0.6666666666666666,0.6172402417415732,0.025514142970346865,0.28827376518962156,0.06897185009845834
C002342,9.0,2645.9,22.0,293.9888888888889,3.888888888888889,0.0,0.3333333333333333,0.20211648210438793,0.27602706073547756,0.4287425828640538,0.09311387429608074
C002343,7.0,1707.13,233.0,243.8757142857143,3.2857142857142856,0.2857142857142857,0.0,0.7495328416699372,0.2504671583300627,0.0,0.0
C002344,5.0,823.54,68.0,164.708,3.8,0.0,0.0,0.0,0.48183451927046655,0.1281540665905724,0.39001141413896107
C002345,4.0,3514.95,272.0,878.7375,5.0,0.25,0.75,0.2767037937950753,0.5526252151524204,0.1706709910525043,0.0
C002346,4.0,2303.01,158.0,575.7525,3.75,0.0,1.0,0.5182912796731234,0.15030329872644926,0.33140542160042724,0.0
C002347,3.0,1217.58,46.0,405.85999999999996,2.6666666666666665,0.0,1.0,0.0,0.0,0.18701029911792244,0.8129897008820776
C002348,4.0,718.5799999999999,151.0,179.64499999999998,3.75,0.0,1.0,0.14567619471735926,0.6069748670990008,0.24734893818363998,0.0
C002349,2.0,383.18,83.0,191.59,3.0,0.0,0.0,0.0,1.0,0.0,0.0
C002350,0.0,0.0,0.0,0.0,0.0,0.0,0.0,0.0,0.0,0.0,0.0
C002351,3.0,922.85,129.0,307.6166666666667,4.0,0.3333333333333333,1.0,0.27445413664192453,0.0,0.0,0.7255458633580756
C002352,5.0,3689.0000000000005,217.0,737.8000000000001,4.2,0.0,0.8,0.21440227703984818,0.11648685280563838,0.6691108701545134,0.0
C002353,5.0,1987.47,278.0,397.494,4.4,0.2,0.8,0.8390617216863651,0.0,0.16093827831363494,0.0
C002354,10.0,2565.67,87.0,256.567,3.8,0.0,0.3,0.09722996332342038,0.4774113584365877,0.15283727057649657,0.2725214076634953
C002355,9.0,3070.04,146.0,341.11555555555555,3.4444444444444446,0.1111111111111111,0.7777777777777778,0.17622571692876965,0.20405923049862543,0.12043817018670766,0.49927688238589724
C002356,5.0,1377.3200000000002,31.0,275.46400000000006,3.8,0.0,0.8,0.9264005459878604,0.0,0.0,0.0735994540121395
C002357,3.0,805.5200000000001,229.0,268.5066666666667,3.3333333333333335,0.0,0.0,0.4529496474327143,0.5470503525672857,0.0,0.0
C002358,8.0,1566.68,63.0,195.835,3.0,0.0,0.25,0.0,0.34552046365562844,0.0746993642607297,0.5797801720836419
C002359,2.0,603.7,21.0,301.85,5.0,0.5,0.5,0.3555573960576445,0.6444426039423554,0.0,0.0
C002360,7.0,1030.29,3.0,147.18428571428572,3.0,0.14285714285714285,0.0,0.048530025526793426,0.21213444758271943,0.052237719477040444,0.6870978074134467
C002361,1.0,354.14,120.0,354.14,5.0,0.0,1.0,0.0,0.0,1.0,0.0
C002362,6.0,2054.95,96.0,342.4916666666666,4.333333333333333,0.5,0.6666666666666666,0.031888853743400086,0.0,0.45240030171050394,0.5157108445460961
C002363,2.0,1000.73,60.0,500.365,3.5,0.0,0.5,0.0,1.0,0.0,0.0
C002364,8.0,3059.87,212.0,382.48375,3.125,0.125,1.0,0.0,0.18379212188753116,0.2338857533163174,0.5823221247961514
C002365,4.0,1058.71,139.0,264.6775,3.75,0.0,0.5,0.0,0.3967280936233718,0.36015528331648894,0.2431166230601392
C002366,6.0,1336.1,246.0,222.6833333333333,3.8333333333333335,0.0,0.5,0.18995584162862064,0.35251103959284485,0.0,0.45753311877853453
C002367,4.0,1630.53,81.0,407.6325,3.25,0.0,0.25,0.41860008708824736,0.48720354731283694,0.0941963655989157,0.0
C002368,7.0,3251.05,144.0,464.4357142857143,3.2857142857142856,0.5714285714285714,0.5714285714285714,0.19365128189354208,0.15703849525537902,0.31129635040986753,0.3380138724412113
C002369,6.0,1882.51,79.0,313.75166666666667,4.0,0.16666666666666666,0.5,0.42610132217093133,0.2608857323467073,0.09757185884802735,0.21544108663433395
C002370,8.0,3518.59,47.0,439.82375,3.5,0.125,0.75,0.0930486359592905,0.0,0.13725952725381474,0.7696918367868947
C002371,0.0,0.0,0.0,0.0,0.0,0.0,0.0,0.0,0.0,0.0,0.0
C002372,7.0,1499.2,85.0,214.17142857142858,2.7142857142857144,0.0,0.2857142857142857,0.2670224119530416,0.2977854855923159,0.4351921024546425,0.0
C002373,7.0,1127.73,79.0,161.1042857142857,3.7142857142857144,0.2857142857142857,0.2857142857142857,0.384152235020794,0.30311333386537553,0.2541388452909828,0.058595585822847664
C002374,7.0,3837.79,31.0,548.2557142857142,4.0,0.14285714285714285,0.8571428571428571,0.29670982518584915,0.15915670216452696,0.05397377136320643,0.4901597012864175
C002375,6.0,2634.2,280.0,439.0333333333333,4.5,0.3333333333333333,0.6666666666666666,0.3130589932427303,0.0,0.6411434211525321,0.045797585604737685
C002376,4.0,1555.66,153.0,388.915,3.75,0.0,1.0,0.0,0.20378488872889963,0.6483164701798595,0.14789864109124104
C002377,4.0,1914.8899999999999,108.0,478.72249999999997,4.5,0.25,0.75,0.29580289207212945,0.5859083289379546,0.0,0.11828877898991585
C002378,5.0,3016.09,21.0,603.2180000000001,3.6,0.0,1.0,0.11535464790506916,0.5859307911899181,0.10430060110938334,0.19441395979562945
C002379,2.0,378.23,47.0,189.115,2.5,0.0,0.0,0.0,1.0,0.0,0.0
C002380,5.0,1606.22,62.0,321.244,2.8,0.0,0.4,0.6220007221924768,0.0,0.11306670319134365,0.2649325746161796
C002381,7.0,1002.03,5.0,143.14714285714285,3.7142857142857144,0.2857142857142857,0.14285714285714285,0.21520313763060986,0.4480304980888796,0.0,0.33676636428051054
C002382,4.0,1297.87,157.0,324.4675,3.5,0.0,0.0,0.4423786665844808,0.0,0.15383667085301303,0.4037846625625062
C002383,5.0,2108.35,29.0,421.66999999999996,3.6,0.0,0.8,0.5563450091303626,0.0,0.1935921455166362,0.2500628453530011
C002384,3.0,619.12,6.0,206.37333333333333,3.0,0.3333333333333333,0.0,0.0,0.7209426282465435,0.2790573717534565,0.0
C002385,1.0,322.64,447.0,322.64,4.0,1.0,0.0,0.0,0.0,1.0,0.0
C002386,3.0,1534.53,163.0,511.51,4.666666666666667,0.0,0.3333333333333333,0.40738858152007457,0.5926114184799255,0.0,0.0
C002387,10.0,4312.98,55.0,431.29799999999994,3.7,0.1,0.7,0.22149418731364395,0.0,0.33350954560419943,0.44499626708215667
C002388,6.0,2867.89,29.0,477.9816666666666,3.8333333333333335,0.3333333333333333,0.8333333333333334,0.11931071275397594,0.41580046654509056,0.24846141239726766,0.21642740830366575
C002389,7.0,2254.19,39.0,322.02714285714285,3.2857142857142856,0.0,0.8571428571428571,0.482000186319698,0.06321561181621779,0.0,0.45478420186408425
C002390,2.0,657.76,355.0,328.88,3.5,0.0,0.5,0.5676994648504015,0.0,0.43230053514959865,0.0
C002391,4.0,2125.19,135.0,531.2975,3.5,0.0,0.75,0.22030030256118277,0.0,0.0,0.7796996974388172
C002392,8.0,1569.83,20.0,196.22875,4.25,0.0,0.0,0.07873464005656663,0.5987973220030195,0.16442544734143189,0.15804259059898207
C002393,1.0,1315.32,4.0,1315.32,2.0,0.0,0.0,0.0,0.0,0.0,1.0
C002394,3.0,999.04,236.0,333.0133333333333,2.3333333333333335,0.0,0.0,0.6173726777706599,0.0,0.1432575272261371,0.23936979500320307
C002395,2.0,625.04,283.0,312.52,3.5,0.0,0.5,0.0,0.0,0.8238352745424292,0.17616472545757073
C002396,8.0,1785.37,1.0,223.17125,3.625,0.125,0.0,0.0,0.4292051507530652,0.26029898564443227,0.3104958636025026
C002397,5.0,1606.25,4.0,321.25,3.0,0.0,0.2,0.10729338521400779,0.0914739299610895,0.0,0.8012326848249027
C002398,12.0,2225.12,0.0,185.42666666666665,2.9166666666666665,0.4166666666666667,0.0,0.337855935859639,0.28070845617315016,0.19755339037894587,0.1838822175882649
C002399,4.0,2185.09,22.0,546.2725,3.5,0.0,0.75,0.305694502285947,0.12669958674471074,0.0,0.5676059109693422
C002400,3.0,1196.48,3.0,398.82666666666665,3.6666666666666665,0.3333333333333333,0.3333333333333333,0.0,0.4489920433270928,0.21009126771864134,0.3409166889542658
C002401,2.0,1267.43,217.0,633.715,4.0,0.0,0.0,0.7499191276835802,0.2500808723164198,0.0,0.0
C002402,4.0,2367.07,207.0,591.7675,3.0,0.25,0.25,0.45497175833414305,0.241708103266908,0.04176471333758613,0.26155542506136276
C002403,4.0,1879.82,49.0,469.955,3.0,0.25,1.0,0.6325552446510837,0.0,0.26925450309072146,0.09819025225819496
C002404,5.0,1062.8700000000001,212.0,212.574,4.6,0.0,0.8,0.1512320415478845,0.6386952308372613,0.11638300074327057,0.09368972687158353
C002405,3.0,543.47,199.0,181.15666666666667,3.0,0.3333333333333333,0.0,0.2039487000202403,0.7960512999797597,0.0,0.0
C002406,7.0,3943.1299999999997,110.0,563.3042857142857,3.142857142857143,0.0,0.8571428571428571,0.2635774118530203,0.2078044599087527,0.09452135739881769,0.4340967708394093
C002407,4.0,1131.81,106.0,282.9525,3.5,0.0,1.0,0.5025843560314894,0.0,0.0,0.4974156439685107
C002408,4.0,1573.44,24.0,393.36,2.5,0.0,1.0,0.31330079316656495,0.0,0.0,0.686699206833435
C002409,4.0,1142.68,156.0,285.67,4.5,0.25,0.0,0.0,1.0,0.0,0.0
C002410,2.0,1025.8700000000001,497.0,512.9350000000001,3.5,0.0,1.0,0.0,0.0,0.3181982122491154,0.6818017877508846
C002411,11.0,2242.98,11.0,203.90727272727273,3.6363636363636362,0.18181818181818182,0.2727272727272727,0.12832481787621824,0.22831679283809933,0.5296079323043451,0.11375045698133732
C002412,8.0,3305.85,23.0,413.23125,2.75,0.25,0.25,0.209410590317165,0.0,0.2079344192870215,0.5826549903958135
C002413,9.0,3764.96,197.0,418.3288888888889,3.4444444444444446,0.0,0.3333333333333333,0.19868736985253493,0.22023607156516936,0.1285989758191322,0.45247758276316347
C002414,0.0,0.0,0.0,0.0,0.0,0.0,0.0,0.0,0.0,0.0,0.0
C002415,1.0,68.09,396.0,68.09,4.0,1.0,1.0,1.0,0.0,0.0,0.0
C002416,9.0,3075.54,8.0,341.7266666666667,2.888888888888889,0.1111111111111111,0.8888888888888888,0.6258088010560747,0.0,0.0,0.37419119894392533
C002417,0.0,0.0,0.0,0.0,0.0,0.0,0.0,0.0,0.0,0.0,0.0
C002418,0.0,0.0,0.0,0.0,0.0,0.0,0.0,0.0,0.0,0.0,0.0
C002419,7.0,2569.7,79.0,367.09999999999997,3.7142857142857144,0.0,0.5714285714285714,0.3022531813052107,0.43623380161108305,0.15286998482313113,0.10864303226057517
C002420,9.0,2229.62,39.0,247.73555555555555,3.888888888888889,0.0,0.2222222222222222,0.4342847660139396,0.3955606785012693,0.038531229536871756,0.1316233259479194
C002421,7.0,2760.08,56.0,394.29714285714283,3.2857142857142856,0.0,0.7142857142857143,0.302969479145532,0.3584207704124518,0.3386097504420162,0.0
C002422,3.0,884.73,266.0,294.91,3.0,0.3333333333333333,0.0,0.28422230511003355,0.7157776948899663,0.0,0.0
C002423,7.0,1236.24,242.0,176.6057142857143,3.7142857142857144,0.0,0.14285714285714285,0.20838995664272308,0.37058338186759854,0.2755856467999741,0.14544101468970427
C002424,4.0,761.26,53.0,190.315,5.0,0.0,0.25,0.0,1.0,0.0,0.0
C002425,5.0,495.3,53.0,99.06,3.6,0.2,0.2,0.0,0.602402584292348,0.0,0.39759741570765195
C002426,3.0,227.82,6.0,75.94,5.333333333333333,0.6666666666666666,0.0,0.0,0.7102976033710824,0.28970239662891756,0.0
C002427,0.0,0.0,0.0,0.0,0.0,0.0,0.0,0.0,0.0,0.0,0.0
C002428,2.0,424.99,330.0,212.495,4.0,0.0,0.0,1.0,0.0,0.0,0.0
C002429,5.0,1414.74,133.0,282.948,3.4,0.2,0.2,0.0,0.4923307462855365,0.5076692537144635,0.0
C002430,7.0,1913.68,202.0,273.3828571428572,4.142857142857143,0.14285714285714285,0.2857142857142857,0.17061891225283224,0.1743342669620835,0.31835521090255425,0.33669160988252994
C002431,3.0,1253.78,120.0,417.9266666666667,3.6666666666666665,0.3333333333333333,0.6666666666666666,0.0,0.32483370288248337,0.3333918231268644,0.34177447399065225
C002432,6.0,3093.44,34.0,515.5733333333334,3.5,0.16666666666666666,0.8333333333333334,0.4572611720285507,0.0,0.0,0.5427388279714492
C002433,5.0,1384.15,15.0,276.83000000000004,3.2,0.4,0.6,0.4338619369288011,0.3737456200556299,0.19239244301556915,0.0
C002434,1.0,138.87,510.0,138.87,3.0,0.0,0.0,0.0,0.0,0.0,1.0
C002435,5.0,2906.25,101.0,581.25,3.0,0.2,0.8,0.21865978494623656,0.0,0.0,0.7813402150537634
C002436,1.0,344.6,236.0,344.6,4.0,1.0,1.0,1.0,0.0,0.0,0.0
C002437,4.0,921.6800000000001,137.0,230.42000000000002,4.5,0.0,0.0,0.0,0.6308697161704713,0.0,0.36913028382952867
C002438,3.0,945.4,55.0,315.1333333333333,4.666666666666667,0.0,0.0,0.6169346308440872,0.3830653691559128,0.0,0.0
C002439,3.0,1345.23,402.0,448.41,3.3333333333333335,0.0,0.3333333333333333,0.1432840480809973,0.2833344483842911,0.0,0.5733815035347115
C002440,6.0,1431.24,76.0,238.54,3.5,0.16666666666666666,0.5,0.33368966770073505,0.39315558536653533,0.15357312540174953,0.11958162153098013
C002441,8.0,2357.7799999999997,1.0,294.72249999999997,4.0,0.125,0.125,0.1520667746778749,0.44650476295498304,0.10502252118518267,0.2964059411819593
C002442,6.0,1655.1200000000001,27.0,275.85333333333335,2.5,0.3333333333333333,0.3333333333333333,0.40283483976992607,0.27761733288220797,0.0,0.319547827347866
C002443,7.0,2306.17,103.0,329.45285714285717,3.2857142857142856,0.0,0.5714285714285714,0.21952414609504067,0.14854932637229692,0.07555817654379339,0.5563683509888689
C002444,0.0,0.0,0.0,0.0,0.0,0.0,0.0,0.0,0.0,0.0,0.0
C002445,5.0,1360.0700000000002,28.0,272.014,4.0,0.4,0.2,0.0,0.5097531744689612,0.4902468255310389,0.0
C002446,2.0,632.03,20.0,316.015,4.5,0.0,0.5,0.5458443428318276,0.0,0.45415565716817247,0.0
C002447,5.0,2834.4700000000003,41.0,566.894,4.4,0.4,1.0,0.8790990908353237,0.0,0.1209009091646763,0.0
C002448,6.0,2105.75,110.0,350.9583333333333,3.1666666666666665,0.0,0.8333333333333334,0.34018283271993355,0.5228588388935058,0.0,0.1369583283865606
C002449,3.0,1490.74,157.0,496.91333333333336,3.0,0.0,0.3333333333333333,0.0,0.4452285442129412,0.0,0.5547714557870588
C002450,5.0,1098.19,150.0,219.638,3.8,0.0,0.8,0.0,0.0,1.0,0.0
C002451,0.0,0.0,0.0,0.0,0.0,0.0,0.0,0.0,0.0,0.0,0.0
C002452,7.0,4292.1900000000005,209.0,613.1700000000001,4.142857142857143,0.2857142857142857,0.8571428571428571,0.2417111078493729,0.34621253951945274,0.41207635263117426,0.0
C002453,9.0,2202.39,2.0,244.70999999999998,2.888888888888889,0.1111111111111111,0.8888888888888888,0.705115806010743,0.2558674894092327,0.0,0.03901670458002443
C002454,8.0,2532.48,171.0,316.56,4.375,0.125,0.0,0.07292851276219357,0.2786359615870609,0.6484355256507456,0.0
C002455,0.0,0.0,0.0,0.0,0.0,0.0,0.0,0.0,0.0,0.0,0.0
C002456,5.0,930.8,26.0,186.16,3.0,0.0,0.0,0.0,0.47842715943274605,0.1639127632144392,0.35766007735281485
C002457,3.0,857.66,207.0,285.88666666666666,4.333333333333333,0.0,0.3333333333333333,0.0,0.5207075064710958,0.0,0.47929249352890424
C002458,0.0,0.0,0.0,0.0,0.0,0.0,0.0,0.0,0.0,0.0,0.0
C002459,3.0,823.3,76.0,274.43333333333334,3.3333333333333335,0.0,0.0,0.2819871249848172,0.5924571845013968,0.0,0.12555569051378598
C002460,0.0,0.0,0.0,0.0,0.0,0.0,0.0,0.0,0.0,0.0,0.0
C002461,0.0,0.0,0.0,0.0,0.0,0.0,0.0,0.0,0.0,0.0,0.0
C002462,4.0,1457.52,121.0,364.38,3.75,0.25,0.5,0.5595532136780283,0.26842856358746364,0.17201822273450793,0.0
C002463,2.0,1210.95,91.0,605.475,5.5,0.0,0.5,0.0,0.09164705396589455,0.9083529460341054,0.0
C002464,0.0,0.0,0.0,0.0,0.0,0.0,0.0,0.0,0.0,0.0,0.0
C002465,3.0,1333.51,79.0,444.50333333333333,3.6666666666666665,0.0,0.0,1.0,0.0,0.0,0.0
C002466,2.0,557.5699999999999,94.0,278.78499999999997,3.5,0.0,1.0,0.0,0.0,0.27123051814121996,0.7287694818587801
C002467,7.0,2979.38,83.0,425.6257142857143,3.142857142857143,0.14285714285714285,0.8571428571428571,0.5507723083326062,0.14647678376037968,0.113748498009653,0.1890024098973612
C002468,0.0,0.0,0.0,0.0,0.0,0.0,0.0,0.0,0.0,0.0,0.0
C002469,5.0,1880.0,60.0,376.0,3.2,0.2,1.0,0.0,0.0,0.4753404255319149,0.5246595744680851
C002470,5.0,2181.15,12.0,436.23,3.4,0.0,1.0,1.0,0.0,0.0,0.0
C002471,4.0,2631.26,386.0,657.815,3.75,0.5,0.75,0.3654256895935787,0.0,0.3951376906881114,0.23943661971830985
C002472,6.0,833.73,55.0,138.955,4.0,0.5,0.0,0.49722332169887135,0.17723963393424727,0.3255370443668814,0.0
C002473,6.0,3504.41,152.0,584.0683333333333,4.0,0.0,0.3333333333333333,0.32877716933806267,0.28612805008546377,0.38509478057647367,0.0
C002474,7.0,1972.1799999999998,12.0,281.73999999999995,3.2857142857142856,0.0,0.8571428571428571,0.5433226176109686,0.3798537658834386,0.07682361650559279,0.0
C002475,7.0,3338.67,89.0,476.95285714285717,2.857142857142857,0.42857142857142855,0.8571428571428571,0.43787496218554095,0.0,0.22620384763992848,0.33592119017453054
C002476,2.0,911.88,67.0,455.94,5.0,0.0,0.0,0.0,0.4485239285870948,0.5514760714129052,0.0
C002477,3.0,2110.28,121.0,703.4266666666667,5.0,0.0,1.0,0.0,0.023693538298235305,0.8196210929355346,0.15668536876623004
C002478,0.0,0.0,0.0,0.0,0.0,0.0,0.0,0.0,0.0,0.0,0.0
C002479,4.0,1109.95,87.0,277.4875,4.0,0.0,0.75,0.16167394927699444,0.8383260507230055,0.0,0.0
C002480,5.0,1387.51,23.0,277.502,3.8,0.2,0.2,0.0,0.6337467838069636,0.36625321619303647,0.0
C002481,1.0,576.31,355.0,576.31,4.0,0.0,0.0,1.0,0.0,0.0,0.0
C002482,5.0,1130.3799999999999,74.0,226.07599999999996,5.4,0.2,0.0,0.2992268086838054,0.458704152585856,0.15541676250464445,0.086652276225694
C002483,2.0,262.87,55.0,131.435,3.5,0.5,0.5,0.2679651538783429,0.0,0.0,0.7320348461216571
C002484,0.0,0.0,0.0,0.0,0.0,0.0,0.0,0.0,0.0,0.0,0.0
C002485,1.0,127.89,432.0,127.89,6.0,0.0,0.0,0.0,1.0,0.0,0.0
C002486,4.0,422.74,105.0,105.685,4.25,0.0,0.0,0.0,0.4341675734494015,0.2922600179779533,0.27357240857264514
C002487,2.0,484.38,2.0,242.19,3.5,0.0,0.5,0.5912300260126347,0.4087699739873653,0.0,0.0
C002488,1.0,59.78,531.0,59.78,3.0,0.0,1.0,0.0,1.0,0.0,0.0
C002489,5.0,2627.35,6.0,525.47,3.4,0.2,0.2,0.0,1.0,0.0,0.0
C002490,9.0,1810.45,84.0,201.16111111111113,3.6666666666666665,0.2222222222222222,0.8888888888888888,0.21454334557706647,0.0,0.2731088955784474,0.5123477588444861
C002491,2.0,759.81,137.0,379.905,2.5,0.0,1.0,0.4257774970058304,0.0,0.0,0.5742225029941697
C002492,0.0,0.0,0.0,0.0,0.0,0.0,0.0,0.0,0.0,0.0,0.0
C002493,8.0,2871.45,93.0,358.93125,3.875,0.0,0.875,0.029539083041668843,0.19066325375681278,0.0,0.7797976632015184
C002494,3.0,689.63,102.0,229.87666666666667,4.0,0.0,0.0,0.34753418499775246,0.6524658150022475,0.0,0.0
C002495,2.0,799.52,254.0,399.76,3.5,0.0,0.0,0.20329697818691214,0.7967030218130879,0.0,0.0
C002496,5.0,1660.82,148.0,332.164,2.6,0.2,0.0,0.0742344143254537,0.67982683252851,0.24593875314603633,0.0
C002497,5.0,2303.97,6.0,460.794,4.0,0.2,0.0,0.0,0.6777866031241725,0.25209529637972716,0.0701181004961002
C002498,2.0,272.29,312.0,136.145,3.5,0.0,1.0,0.23706342502478972,0.0,0.0,0.7629365749752103
C002499,0.0,0.0,0.0,0.0,0.0,0.0,0.0,0.0,0.0,0.0,0.0
C002500,9.0,3090.71,23.0,343.4122222222222,3.5555555555555554,0.2222222222222222,0.7777777777777778,0.14579497914718625,0.1612250906749582,0.18557224715356663,0.507407683024289
