order_id,customer_id,order_date,category,basket_value,items_count,discount_flag,boutique_flag
ORD0000001,C000001,2025-03-26,Accessories,161.15,3,0,1
ORD0000002,C000001,2024-09-22,Beauty,225.02,2,0,0
ORD0000003,C000001,2025-07-30,RTW,403.98,3,0,0
ORD0000004,C000001,2024-08-10,Beauty,218.44,4,0,0
ORD0000005,C000001,2025-02-08,Beauty,50.0,4,0,0
ORD0000006,C000002,2025-11-22,Beauty,383.82,3,1,0
ORD0000007,C000002,2025-08-21,RTW,173.17,3,0,0
ORD0000008,C000002,2024-09-06,Fragrance,221.72,1,0,0
ORD0000009,C000002,2025-06-07,RTW,540.68,4,0,0
ORD0000010,C000002,2025-06-02,RTW,105.44,4,1,0
ORD0000011,C000002,2025-01-02,Beauty,255.26,4,0,1
ORD0000012,C000002,2025-11-26,Beauty,220.06,4,1,1
ORD0000013,C000002,2025-12-23,RTW,162.92,1,0,1
ORD0000014,C000002,2025-01-12,RTW,456.75,4,0,0
ORD0000015,C000002,2025-08-05,Fragrance,83.79,2,0,0
ORD0000016,C000002,2025-01-09,Fragrance,674.86,5,0,0
ORD0000017,C000002,2025-07-10,Accessories,373.87,4,0,0
ORD0000018,C000003,2025-04-13,Beauty,192.98,4,0,0
ORD0000019,C000003,2024-11-12,Beauty,141.71,3,0,0
ORD0000020,C000003,2025-07-18,Beauty,268.84,7,1,1
ORD0000021,C000003,2025-10-24,Beauty,454.64,2,0,0
ORD0000022,C000003,2026-01-25,Beauty,228.12,1,0,0
ORD0000023,C000003,2025-11-18,Fragrance,221.81,3,0,0
ORD0000024,C000003,2024-08-08,Beauty,158.21,6,0,0
ORD0000025,C000003,2024-10-02,Fragrance,248.69,3,0,0
ORD0000026,C000003,2025-09-11,Fragrance,106.23,4,0,0
ORD0000027,C000004,2025-01-10,Fragrance,698.58,4,0,0
ORD0000028,C000004,2025-09-22,Accessories,510.98,2,0,1
ORD0000029,C000004,2025-10-02,RTW,126.77,1,0,1
ORD0000030,C000004,2025-02-26,Accessories,177.99,2,1,0
ORD0000031,C000006,2025-04-09,Accessories,430.03,4,0,1
ORD0000032,C000006,2025-01-29,Beauty,134.7,7,1,0
ORD0000033,C000006,2025-04-11,Beauty,344.71,7,1,0
ORD0000034,C000006,2024-08-18,Beauty,523.35,4,0,0
ORD0000035,C000007,2024-12-18,Beauty,180.7,4,0,1
ORD0000036,C000007,2025-10-09,Fragrance,146.73,7,0,0
ORD0000037,C000007,2025-05-06,Accessories,600.64,4,0,1
ORD0000038,C000007,2024-11-25,RTW,842.04,4,0,1
ORD0000039,C000007,2025-12-01,RTW,492.1,2,0,1
ORD0000040,C000008,2025-02-27,RTW,264.79,4,0,0
ORD0000041,C000009,2025-11-28,RTW,578.59,4,0,1
ORD0000042,C000009,2025-12-25,Fragrance,564.76,3,0,1
ORD0000043,C000009,2024-11-30,Accessories,344.57,4,0,1
ORD0000044,C000009,2025-11-09,Accessories,148.58,4,0,1
ORD0000045,C000010,2025-09-20,Accessories,812.0,4,0,1
ORD0000046,C000010,2025-12-25,Accessories,617.3,1,0,1
ORD0000047,C000010,2025-02-06,Fragrance,66.95,2,0,1
ORD0000048,C000010,2025-06-11,Beauty,372.65,3,1,1
ORD0000049,C000010,2025-07-14,Fragrance,157.99,3,0,0
ORD0000050,C000010,2026-01-12,Fragrance,482.25,6,0,1
ORD0000051,C000010,2025-01-09,Accessories,196.21,2,0,1
ORD0000052,C000010,2024-11-19,RTW,73.66,4,0,1
ORD0000053,C000011,2025-10-02,Fragrance,166.02,7,0,0
ORD0000054,C000011,2025-01-19,Fragrance,156.05,2,0,1
ORD0000055,C000011,2025-12-02,Beauty,100.57,1,0,1
ORD0000056,C000012,2026-01-20,Beauty,1251.87,3,0,0
ORD0000057,C000012,2025-12-15,Fragrance,1033.51,2,0,1
ORD0000058,C000012,2025-05-20,Fragrance,89.18,5,0,1
ORD0000059,C000013,2025-09-23,Beauty,197.98,6,0,1
ORD0000060,C000013,2025-03-15,Accessories,283.41,4,0,1
ORD0000061,C000013,2025-05-25,Beauty,512.33,1,0,1
ORD0000062,C000013,2024-12-19,Beauty,216.84,3,0,1
ORD0000063,C000013,2025-11-13,RTW,377.81,2,1,0
ORD0000064,C000014,2025-07-04,RTW,1022.86,4,0,1
ORD0000065,C000014,2025-01-30,RTW,76.57,4,0,0
ORD0000066,C000014,2024-11-02,RTW,120.53,4,0,0
ORD0000067,C000014,2025-04-06,Beauty,414.74,5,0,1
ORD0000068,C000014,2025-05-02,Fragrance,288.36,5,0,1
ORD0000069,C000014,2025-10-16,Accessories,340.01,4,1,0
ORD0000070,C000014,2024-09-20,Beauty,186.16,3,0,1
ORD0000071,C000015,2025-09-12,Beauty,213.31,3,0,1
ORD0000072,C000015,2025-03-24,Beauty,805.77,5,0,1
ORD0000073,C000015,2025-01-14,RTW,218.42,4,0,1
ORD0000074,C000015,2025-12-25,Accessories,315.3,2,0,1
ORD0000075,C000015,2024-10-23,Beauty,254.02,6,0,1
ORD0000076,C000016,2025-12-27,RTW,403.8,1,0,0
ORD0000077,C000016,2025-03-29,RTW,334.98,2,0,1
ORD0000078,C000016,2025-04-20,RTW,282.83,4,0,1
ORD0000079,C000017,2026-01-11,Fragrance,393.08,3,0,0
ORD0000080,C000017,2025-12-16,Beauty,98.07,8,0,0
ORD0000081,C000017,2024-11-15,RTW,203.01,4,0,0
ORD0000082,C000017,2025-12-29,Beauty,462.44,4,0,0
ORD0000083,C000018,2026-01-04,RTW,349.08,4,0,0
ORD0000084,C000018,2025-02-20,RTW,349.94,4,0,0
ORD0000085,C000018,2025-06-23,Beauty,308.29,4,0,1
ORD0000086,C000019,2024-11-12,Beauty,388.46,7,0,1
ORD0000087,C000019,2025-12-03,Beauty,1646.23,1,0,1
ORD0000088,C000019,2025-04-11,RTW,1053.17,2,0,0
ORD0000089,C000019,2024-10-13,Beauty,645.86,4,0,1
ORD0000090,C000019,2024-08-17,RTW,375.56,4,0,0
ORD0000091,C000019,2024-10-09,RTW,56.35,4,0,0
ORD0000092,C000020,2025-09-17,Beauty,88.4,2,0,1
ORD0000093,C000020,2025-04-25,Beauty,116.02,5,1,1
ORD0000094,C000020,2025-04-03,Beauty,413.61,1,0,1
ORD0000095,C000020,2025-04-25,Beauty,145.82,2,0,0
ORD0000096,C000020,2026-01-18,Fragrance,179.03,3,0,0
ORD0000097,C000020,2025-03-08,Accessories,159.97,3,0,0
ORD0000098,C000020,2024-11-02,Beauty,332.28,4,0,1
ORD0000099,C000021,2024-10-10,Accessories,50.74,4,1,1
ORD0000100,C000021,2025-06-21,Fragrance,507.54,3,0,1
ORD0000101,C000021,2025-11-10,Accessories,410.48,3,0,1
ORD0000102,C000022,2025-03-15,Beauty,173.25,3,0,0
ORD0000103,C000022,2025-05-11,RTW,694.14,3,0,0
ORD0000104,C000022,2024-09-11,Fragrance,364.41,4,0,0
ORD0000105,C000023,2025-09-02,Accessories,92.62,4,0,0
ORD0000106,C000024,2025-06-06,Beauty,189.63,2,1,1
ORD0000107,C000024,2024-08-30,RTW,291.08,3,0,0
ORD0000108,C000025,2025-12-19,Beauty,113.47,5,0,0
ORD0000109,C000025,2025-05-10,Beauty,329.4,3,0,1
ORD0000110,C000026,2025-02-03,Fragrance,50.0,3,0,1
ORD0000111,C000026,2025-06-04,Accessories,303.52,2,0,1
ORD0000112,C000026,2024-11-02,Fragrance,121.45,2,1,1
ORD0000113,C000026,2025-07-06,RTW,715.77,4,0,1
ORD0000114,C000026,2024-12-01,Accessories,201.71,4,1,1
ORD0000115,C000027,2025-04-16,Beauty,300.76,2,0,1
ORD0000116,C000027,2025-01-27,Accessories,254.4,3,0,1
ORD0000117,C000027,2025-01-12,Beauty,306.67,6,0,0
ORD0000118,C000027,2025-12-30,RTW,54.83,4,0,1
ORD0000119,C000027,2025-08-30,RTW,125.0,4,0,1
ORD0000120,C000028,2025-06-28,Fragrance,441.39,4,0,0
ORD0000121,C000028,2024-08-28,RTW,189.59,4,0,0
ORD0000122,C000028,2025-06-24,Accessories,386.78,4,0,0
ORD0000123,C000028,2025-08-30,RTW,225.63,3,0,0
ORD0000124,C000029,2025-11-11,Accessories,360.91,4,0,0
ORD0000125,C000030,2025-06-15,Beauty,320.94,4,0,0
ORD0000126,C000030,2024-11-28,Accessories,546.34,3,0,1
ORD0000127,C000030,2024-08-08,RTW,305.61,4,0,0
ORD0000128,C000030,2024-08-11,Accessories,500.4,4,0,1
ORD0000129,C000030,2025-07-15,RTW,2133.98,2,0,1
ORD0000130,C000030,2025-05-26,Fragrance,425.79,2,0,0
ORD0000131,C000030,2025-01-25,Fragrance,553.68,5,0,1
ORD0000132,C000030,2025-10-04,Beauty,50.0,3,0,1
ORD0000133,C000032,2024-12-07,RTW,759.52,2,0,1
ORD0000134,C000032,2024-08-31,Accessories,73.14,3,1,1
ORD0000135,C000032,2024-09-22,Accessories,2507.42,3,0,1
ORD0000136,C000032,2024-11-28,RTW,335.52,2,0,1
ORD0000137,C000033,2025-09-24,Accessories,181.28,3,0,1
ORD0000138,C000033,2024-12-09,Fragrance,53.1,3,0,0
ORD0000139,C000033,2025-05-09,RTW,103.78,4,0,1
ORD0000140,C000033,2025-10-02,Beauty,412.83,2,1,1
ORD0000141,C000034,2025-09-01,Fragrance,570.01,1,0,1
ORD0000142,C000034,2025-07-12,Beauty,129.68,4,0,0
ORD0000143,C000035,2026-01-15,Accessories,207.46,4,0,1
ORD0000144,C000035,2024-10-06,Beauty,73.62,5,0,1
ORD0000145,C000035,2025-12-27,Accessories,1148.88,4,0,1
ORD0000146,C000037,2025-08-13,RTW,181.06,4,0,1
ORD0000147,C000037,2024-12-29,Beauty,385.33,4,0,1
ORD0000148,C000039,2024-12-15,Fragrance,374.28,5,0,1
ORD0000149,C000039,2025-04-05,Beauty,146.29,5,1,0
ORD0000150,C000039,2025-02-20,Accessories,73.38,2,0,1
ORD0000151,C000039,2025-12-15,Fragrance,114.97,3,1,0
ORD0000152,C000040,2024-10-28,Beauty,58.42,4,0,0
ORD0000153,C000040,2024-11-10,Fragrance,267.1,3,0,0
ORD0000154,C000041,2025-09-15,Beauty,113.57,5,0,0
ORD0000155,C000041,2024-08-27,Beauty,198.46,5,1,0
ORD0000156,C000041,2025-01-17,Accessories,298.53,4,0,0
ORD0000157,C000041,2025-03-08,RTW,391.9,4,0,0
ORD0000158,C000041,2025-04-19,Fragrance,243.99,6,0,0
ORD0000159,C000042,2025-04-01,Beauty,346.45,1,0,1
ORD0000160,C000042,2024-08-18,Fragrance,200.34,8,0,0
ORD0000161,C000042,2024-11-20,Accessories,194.39,2,0,0
ORD0000162,C000042,2025-08-01,Beauty,124.35,4,0,1
ORD0000163,C000042,2025-06-29,Beauty,572.8,5,0,0
ORD0000164,C000042,2025-03-15,Beauty,210.65,2,1,0
ORD0000165,C000043,2025-10-01,RTW,422.14,4,0,0
ORD0000166,C000043,2025-06-15,Fragrance,126.03,4,0,0
ORD0000167,C000043,2025-05-10,Beauty,575.74,3,0,0
ORD0000168,C000043,2025-06-07,Beauty,50.0,5,0,0
ORD0000169,C000045,2025-07-03,RTW,235.94,3,0,0
ORD0000170,C000045,2025-08-11,RTW,712.28,3,1,0
ORD0000171,C000045,2025-07-15,Beauty,1024.21,4,1,0
ORD0000172,C000045,2026-01-04,RTW,872.35,4,0,1
ORD0000173,C000045,2024-11-20,Beauty,177.36,4,0,0
ORD0000174,C000045,2024-10-23,RTW,171.5,4,0,1
ORD0000175,C000045,2025-09-30,Fragrance,205.33,4,0,1
ORD0000176,C000046,2025-05-06,RTW,382.74,4,1,1
ORD0000177,C000046,2025-04-20,Accessories,86.21,4,0,1
ORD0000178,C000047,2025-02-02,Beauty,208.21,5,0,0
ORD0000179,C000047,2025-06-17,Beauty,143.73,5,0,1
ORD0000180,C000047,2024-08-29,Accessories,926.02,3,0,0
ORD0000181,C000047,2024-08-23,RTW,332.19,4,0,1
ORD0000182,C000047,2025-03-14,RTW,195.91,3,0,1
ORD0000183,C000048,2025-10-20,Accessories,832.44,1,0,1
ORD0000184,C000048,2025-03-11,RTW,94.61,4,0,1
ORD0000185,C000048,2025-12-25,Beauty,288.15,6,0,1
ORD0000186,C000048,2025-05-24,Accessories,62.81,4,0,1
ORD0000187,C000048,2025-06-19,Beauty,785.09,3,0,1
ORD0000188,C000049,2025-08-28,Fragrance,255.47,5,0,1
ORD0000189,C000049,2024-09-09,RTW,464.71,2,0,1
ORD0000190,C000049,2025-11-01,Beauty,102.88,6,0,0
ORD0000191,C000049,2025-06-25,Accessories,888.74,4,1,1
ORD0000192,C000049,2025-07-01,RTW,760.63,3,0,1
ORD0000193,C000049,2025-05-06,Accessories,414.85,3,0,0
ORD0000194,C000049,2025-06-04,Beauty,78.39,4,0,0
ORD0000195,C000049,2025-07-30,Beauty,439.9,4,0,0
ORD0000196,C000050,2025-04-06,Accessories,252.98,1,0,0
ORD0000197,C000050,2024-12-25,Fragrance,145.81,4,0,0
ORD0000198,C000050,2025-04-03,Accessories,130.36,2,1,0
ORD0000199,C000050,2025-04-11,Beauty,89.29,2,0,0
ORD0000200,C000050,2025-05-22,Beauty,185.51,3,0,0
ORD0000201,C000050,2024-10-12,Fragrance,113.98,2,0,0
ORD0000202,C000051,2025-02-09,Fragrance,767.04,6,0,0
ORD0000203,C000051,2024-09-22,RTW,239.68,4,0,0
ORD0000204,C000051,2024-12-05,Beauty,106.89,5,0,1
ORD0000205,C000051,2025-05-01,Accessories,122.22,4,0,0
ORD0000206,C000051,2024-12-08,RTW,185.56,3,1,0
ORD0000207,C000051,2025-05-08,Beauty,198.14,6,0,0
ORD0000208,C000054,2024-11-04,Accessories,739.52,4,0,1
ORD0000209,C000054,2025-12-06,Accessories,1042.68,4,0,1
ORD0000210,C000054,2025-02-17,Fragrance,965.26,5,0,1
ORD0000211,C000054,2024-10-29,RTW,593.29,3,0,1
ORD0000212,C000054,2025-08-13,Accessories,50.0,4,0,1
ORD0000213,C000056,2025-10-10,Beauty,340.28,4,0,1
ORD0000214,C000056,2025-02-27,Accessories,114.65,3,0,1
ORD0000215,C000056,2026-01-09,Beauty,630.17,6,0,1
ORD0000216,C000057,2025-02-23,Beauty,169.98,3,0,0
ORD0000217,C000057,2025-11-27,Beauty,174.72,5,0,0
ORD0000218,C000057,2025-01-25,Beauty,374.66,5,0,0
ORD0000219,C000057,2024-12-21,Beauty,237.5,3,0,0
ORD0000220,C000057,2025-08-18,Fragrance,109.28,7,0,0
ORD0000221,C000057,2025-06-24,Fragrance,832.29,3,0,0
ORD0000222,C000057,2026-01-17,RTW,435.88,4,1,1
ORD0000223,C000057,2024-08-09,Beauty,465.25,3,1,0
ORD0000224,C000058,2024-09-21,RTW,364.24,4,1,1
ORD0000225,C000058,2026-01-06,Accessories,451.56,4,0,0
ORD0000226,C000058,2025-05-22,Fragrance,490.65,1,1,0
ORD0000227,C000058,2025-01-09,Fragrance,100.72,4,0,1
ORD0000228,C000061,2025-04-29,Beauty,1041.48,5,0,1
ORD0000229,C000061,2024-09-01,Fragrance,628.06,1,0,0
ORD0000230,C000062,2024-12-01,Fragrance,82.15,8,1,0
ORD0000231,C000063,2025-08-28,Beauty,350.63,4,1,0
ORD0000232,C000063,2024-12-26,Beauty,72.27,4,0,0
ORD0000233,C000063,2025-03-17,Fragrance,258.82,4,0,1
ORD0000234,C000063,2026-01-07,Beauty,434.78,4,0,0
ORD0000235,C000063,2025-10-20,Accessories,129.04,4,0,0
ORD0000236,C000063,2024-10-05,Accessories,308.78,4,0,1
ORD0000237,C000064,2025-06-17,Accessories,802.6,4,0,1
ORD0000238,C000064,2024-09-23,RTW,251.54,3,0,1
ORD0000239,C000064,2024-08-30,Accessories,1894.06,4,0,1
ORD0000240,C000064,2024-09-09,Beauty,118.87,1,0,0
ORD0000241,C000064,2025-10-12,Accessories,691.89,4,0,1
ORD0000242,C000064,2026-01-05,RTW,1875.7,3,0,1
ORD0000243,C000065,2025-01-17,Accessories,205.5,3,0,1
ORD0000244,C000065,2025-03-18,RTW,87.35,2,0,1
ORD0000245,C000065,2025-11-06,RTW,502.2,3,1,1
ORD0000246,C000065,2024-09-16,Accessories,328.85,3,0,1
ORD0000247,C000065,2024-12-14,Accessories,172.84,4,0,1
ORD0000248,C000065,2025-06-06,Accessories,1219.72,2,1,1
ORD0000249,C000065,2024-12-05,Accessories,447.44,4,0,1
ORD0000250,C000065,2025-08-29,Accessories,292.76,4,1,1
ORD0000251,C000065,2024-12-10,Accessories,155.27,4,0,1
ORD0000252,C000066,2025-06-30,Accessories,215.56,4,0,0
ORD0000253,C000066,2024-09-06,Beauty,95.98,3,0,0
ORD0000254,C000068,2025-03-07,Beauty,50.01,7,0,0
ORD0000255,C000069,2025-11-08,RTW,813.51,4,0,1
ORD0000256,C000069,2025-11-12,Accessories,491.53,4,0,1
ORD0000257,C000069,2025-08-18,RTW,155.95,4,0,1
ORD0000258,C000071,2025-07-12,Beauty,171.95,1,0,0
ORD0000259,C000071,2025-12-22,Beauty,241.1,6,0,0
ORD0000260,C000071,2024-08-11,Fragrance,351.23,4,0,0
ORD0000261,C000071,2024-11-28,Beauty,148.44,3,0,1
ORD0000262,C000072,2024-11-11,Beauty,129.57,2,0,0
ORD0000263,C000072,2025-04-28,Fragrance,182.27,7,0,0
ORD0000264,C000073,2025-01-15,Beauty,252.64,3,0,1
ORD0000265,C000073,2025-04-08,RTW,617.87,3,0,1
ORD0000266,C000074,2025-01-15,Beauty,50.0,3,0,1
ORD0000267,C000074,2024-10-14,Fragrance,126.41,4,0,1
ORD0000268,C000075,2025-09-14,Fragrance,196.4,5,0,0
ORD0000269,C000075,2024-10-02,Accessories,137.96,4,1,1
ORD0000270,C000075,2025-08-30,RTW,1572.84,4,0,0
ORD0000271,C000075,2026-01-25,Fragrance,172.47,4,0,1
ORD0000272,C000076,2025-10-26,Beauty,370.95,1,0,1
ORD0000273,C000076,2025-11-29,RTW,168.4,4,0,1
ORD0000274,C000076,2025-11-23,Fragrance,904.49,3,0,1
ORD0000275,C000077,2025-06-13,Accessories,152.83,3,0,1
ORD0000276,C000077,2025-07-17,Accessories,467.85,2,0,0
ORD0000277,C000077,2024-11-20,RTW,745.83,4,0,1
ORD0000278,C000077,2024-12-14,Accessories,209.1,4,0,0
ORD0000279,C000077,2025-07-07,Fragrance,143.08,4,1,1
ORD0000280,C000077,2025-06-23,Beauty,358.07,6,0,1
ORD0000281,C000077,2025-10-18,Accessories,537.74,4,0,0
ORD0000282,C000078,2025-01-03,RTW,184.42,1,0,0
ORD0000283,C000078,2025-04-22,Beauty,247.82,6,0,0
ORD0000284,C000078,2024-10-03,Fragrance,106.9,6,0,1
ORD0000285,C000078,2025-06-07,Accessories,161.13,1,0,0
ORD0000286,C000078,2025-09-02,Beauty,67.59,4,0,0
ORD0000287,C000079,2026-01-30,Accessories,448.39,4,0,0
ORD0000288,C000079,2025-12-08,Accessories,251.53,2,0,0
ORD0000289,C000080,2024-11-21,Accessories,56.43,2,0,0
ORD0000290,C000080,2024-09-05,RTW,74.29,4,0,0
ORD0000291,C000080,2024-12-24,Beauty,53.11,3,0,0
ORD0000292,C000080,2024-10-02,Fragrance,494.24,2,0,0
ORD0000293,C000081,2025-03-12,Fragrance,895.9,6,0,0
ORD0000294,C000081,2025-06-25,Beauty,157.09,6,0,0
ORD0000295,C000081,2025-04-21,Beauty,125.26,2,0,0
ORD0000296,C000081,2024-11-04,Beauty,604.09,7,0,0
ORD0000297,C000081,2025-09-29,Beauty,298.15,5,0,0
ORD0000298,C000081,2025-02-08,Beauty,201.48,4,0,0
ORD0000299,C000081,2024-10-10,RTW,50.0,4,0,0
ORD0000300,C000081,2024-11-22,Beauty,212.2,5,0,0
ORD0000301,C000081,2025-07-19,Fragrance,132.98,5,0,0
ORD0000302,C000082,2026-01-20,Beauty,237.9,4,0,1
ORD0000303,C000082,2025-07-15,Accessories,924.21,2,1,1
ORD0000304,C000082,2025-10-26,Beauty,225.4,3,0,0
ORD0000305,C000082,2024-09-03,Fragrance,68.34,2,0,0
ORD0000306,C000083,2025-12-27,Accessories,337.62,2,0,1
ORD0000307,C000084,2024-12-19,Accessories,649.37,4,1,1
ORD0000308,C000084,2025-05-16,Accessories,153.39,4,0,1
ORD0000309,C000084,2025-12-30,Fragrance,177.8,4,0,0
ORD0000310,C000084,2024-10-22,RTW,167.36,2,0,1
ORD0000311,C000084,2025-10-16,RTW,165.05,3,1,1
ORD0000312,C000084,2025-08-27,RTW,342.83,4,0,1
ORD0000313,C000085,2025-09-18,RTW,178.74,2,1,1
ORD0000314,C000085,2025-09-30,RTW,190.86,3,1,1
ORD0000315,C000085,2025-11-28,Accessories,168.84,4,0,0
ORD0000316,C000085,2025-04-21,Accessories,648.6,3,0,1
ORD0000317,C000086,2026-01-13,Accessories,227.52,4,0,1
ORD0000318,C000086,2025-03-12,RTW,801.98,4,0,1
ORD0000319,C000086,2025-01-20,Accessories,191.23,4,0,0
ORD0000320,C000086,2024-12-14,Fragrance,729.45,4,0,1
ORD0000321,C000087,2025-11-29,Beauty,76.63,9,1,0
ORD0000322,C000087,2024-09-04,RTW,69.53,1,0,0
ORD0000323,C000087,2025-08-07,Fragrance,146.75,4,0,0
ORD0000324,C000087,2025-07-11,Accessories,235.98,4,0,0
ORD0000325,C000087,2026-01-27,Accessories,142.11,4,0,0
ORD0000326,C000087,2025-10-02,Beauty,352.64,2,0,0
ORD0000327,C000087,2025-11-03,Beauty,278.76,5,0,0
ORD0000328,C000087,2025-10-03,Beauty,165.76,5,0,0
ORD0000329,C000087,2025-11-03,Fragrance,479.65,2,0,0
ORD0000330,C000087,2026-01-10,RTW,287.81,4,0,0
ORD0000331,C000088,2025-06-22,Beauty,271.53,8,0,0
ORD0000332,C000088,2025-05-23,Beauty,207.81,5,0,0
ORD0000333,C000088,2025-07-19,RTW,154.92,1,0,0
ORD0000334,C000089,2025-03-19,Accessories,234.46,4,1,0
ORD0000335,C000090,2025-08-01,RTW,151.41,4,0,1
ORD0000336,C000090,2024-12-03,RTW,762.88,3,0,1
ORD0000337,C000090,2025-07-10,Beauty,70.82,4,0,1
ORD0000338,C000090,2024-11-06,Beauty,252.47,7,0,1
ORD0000339,C000090,2025-01-23,Fragrance,338.45,3,0,1
ORD0000340,C000091,2024-10-27,Beauty,392.73,5,0,0
ORD0000341,C000091,2025-08-09,Beauty,268.76,7,1,0
ORD0000342,C000091,2025-01-01,Accessories,191.2,2,0,0
ORD0000343,C000091,2024-11-12,Fragrance,50.0,7,0,0
ORD0000344,C000091,2025-04-10,Beauty,126.63,1,0,0
ORD0000345,C000091,2024-09-02,Beauty,50.0,4,0,0
ORD0000346,C000091,2025-04-30,Beauty,54.01,3,1,0
ORD0000347,C000092,2025-05-11,Beauty,249.87,6,0,1
ORD0000348,C000092,2025-10-04,Beauty,175.32,3,0,1
ORD0000349,C000092,2024-10-01,Accessories,315.28,4,0,1
ORD0000350,C000092,2025-01-14,Accessories,756.91,4,0,1
ORD0000351,C000092,2025-12-27,RTW,359.32,3,0,1
ORD0000352,C000092,2025-01-28,Accessories,195.68,2,0,1
ORD0000353,C000093,2024-11-25,Beauty,189.06,2,0,1
ORD0000354,C000093,2025-10-20,RTW,746.89,3,0,1
ORD0000355,C000093,2025-08-17,Accessories,706.6,4,0,1
ORD0000356,C000093,2026-01-08,RTW,293.38,2,0,0
ORD0000357,C000093,2024-11-11,Fragrance,154.31,4,0,0
ORD0000358,C000093,2025-05-26,Beauty,58.4,7,0,1
ORD0000359,C000093,2025-02-19,Fragrance,503.16,8,0,1
ORD0000360,C000093,2025-12-20,Accessories,794.94,4,0,0
ORD0000361,C000093,2024-08-29,Fragrance,74.05,3,1,1
ORD0000362,C000094,2025-04-30,Beauty,549.77,2,0,0
ORD0000363,C000094,2026-01-01,Beauty,389.49,4,0,0
ORD0000364,C000094,2025-03-29,Fragrance,655.52,3,0,0
ORD0000365,C000094,2024-08-12,Fragrance,165.88,1,0,0
ORD0000366,C000094,2025-09-10,Beauty,249.73,3,0,0
ORD0000367,C000094,2025-12-06,Accessories,50.0,4,0,0
ORD0000368,C000094,2025-09-08,RTW,135.5,4,0,0
ORD0000369,C000094,2025-08-14,Beauty,69.26,6,0,0
ORD0000370,C000095,2025-07-09,Fragrance,116.65,5,0,1
ORD0000371,C000095,2025-11-09,Accessories,160.18,4,0,0
ORD0000372,C000095,2024-11-09,Accessories,223.63,1,1,1
ORD0000373,C000095,2025-01-12,Accessories,115.31,4,1,1
ORD0000374,C000096,2025-10-20,Accessories,350.33,4,0,0
ORD0000375,C000096,2025-06-27,Fragrance,277.0,5,0,0
ORD0000376,C000096,2024-10-13,Accessories,382.68,4,0,0
ORD0000377,C000097,2025-10-24,RTW,351.86,4,0,1
ORD0000378,C000097,2025-09-16,RTW,711.54,3,0,1
ORD0000379,C000097,2025-04-16,Fragrance,237.75,4,0,0
ORD0000380,C000097,2024-11-22,Fragrance,688.2,3,0,0
ORD0000381,C000098,2025-02-09,Fragrance,169.6,3,0,0
ORD0000382,C000098,2026-01-03,RTW,558.19,4,0,0
ORD0000383,C000098,2025-06-04,Accessories,422.77,4,0,1
ORD0000384,C000098,2026-01-29,RTW,496.37,3,0,0
ORD0000385,C000098,2025-11-12,Beauty,75.38,2,0,1
ORD0000386,C000098,2025-07-22,Beauty,75.85,5,1,1
ORD0000387,C000098,2025-10-27,Beauty,280.27,3,0,0
ORD0000388,C000099,2024-11-21,Beauty,88.44,4,0,1
ORD0000389,C000099,2024-09-25,Accessories,173.84,4,1,0
ORD0000390,C000100,2024-11-25,Accessories,325.98,3,0,1
ORD0000391,C000100,2024-08-19,RTW,50.0,3,0,1
ORD0000392,C000100,2025-11-07,Accessories,370.7,4,0,1
ORD0000393,C000100,2024-12-12,Beauty,177.2,3,0,1
ORD0000394,C000101,2025-03-10,Fragrance,109.07,3,0,0
ORD0000395,C000101,2024-10-22,Accessories,182.23,1,1,0
ORD0000396,C000101,2024-12-15,Beauty,90.58,2,0,1
ORD0000397,C000101,2024-11-21,Beauty,442.94,7,0,0
ORD0000398,C000101,2024-10-26,RTW,222.57,4,0,0
ORD0000399,C000101,2025-02-21,Beauty,112.93,8,0,0
ORD0000400,C000101,2025-10-08,Accessories,126.78,4,0,0
ORD0000401,C000102,2025-01-03,Fragrance,104.03,2,0,1
ORD0000402,C000102,2026-01-23,Accessories,103.04,4,0,0
ORD0000403,C000102,2025-05-11,RTW,547.14,3,0,1
ORD0000404,C000102,2024-10-22,Accessories,135.75,4,0,1
ORD0000405,C000103,2025-12-21,Beauty,248.69,2,0,0
ORD0000406,C000103,2025-01-20,Beauty,69.39,2,1,0
ORD0000407,C000103,2025-01-17,Fragrance,307.97,2,0,1
ORD0000408,C000103,2025-04-02,Beauty,235.18,4,0,1
ORD0000409,C000103,2025-05-02,Fragrance,50.0,7,0,1
ORD0000410,C000104,2026-01-13,Fragrance,373.2,1,0,1
ORD0000411,C000104,2025-12-25,Fragrance,347.17,3,0,1
ORD0000412,C000104,2025-12-24,Fragrance,1104.93,4,0,1
ORD0000413,C000105,2025-08-04,Accessories,218.79,4,1,0
ORD0000414,C000105,2025-09-04,Beauty,165.73,3,0,0
ORD0000415,C000105,2025-04-24,RTW,50.0,4,0,0
ORD0000416,C000105,2025-05-26,Beauty,105.98,4,0,0
ORD0000417,C000105,2024-08-12,Beauty,111.58,5,0,1
ORD0000418,C000106,2025-03-02,Beauty,148.94,4,0,0
ORD0000419,C000106,2025-10-19,Beauty,75.32,5,0,0
ORD0000420,C000106,2025-11-11,Beauty,158.9,5,0,0
ORD0000421,C000106,2025-03-27,Beauty,153.29,2,0,1
ORD0000422,C000106,2025-05-12,Accessories,67.17,4,0,0
ORD0000423,C000106,2025-11-10,RTW,187.04,4,0,0
ORD0000424,C000107,2025-10-03,Accessories,449.9,4,0,1
ORD0000425,C000107,2025-03-26,Fragrance,324.94,4,0,1
ORD0000426,C000107,2025-05-26,RTW,249.11,1,0,1
ORD0000427,C000107,2024-10-03,Accessories,319.82,4,0,0
ORD0000428,C000107,2025-04-24,Fragrance,465.9,2,0,1
ORD0000429,C000108,2025-04-22,Beauty,1716.6,2,0,1
ORD0000430,C000108,2024-12-18,Accessories,262.62,3,0,1
ORD0000431,C000108,2025-04-26,RTW,109.18,4,1,1
ORD0000432,C000108,2024-12-02,Accessories,88.74,4,0,1
ORD0000433,C000108,2024-10-14,RTW,323.67,2,0,0
ORD0000434,C000108,2025-03-11,Beauty,149.18,3,1,1
ORD0000435,C000109,2025-03-04,Beauty,287.29,5,0,0
ORD0000436,C000109,2024-10-16,RTW,556.57,3,0,0
ORD0000437,C000109,2025-02-28,Fragrance,130.14,4,0,0
ORD0000438,C000109,2026-01-18,Beauty,50.0,7,0,0
ORD0000439,C000110,2024-11-01,RTW,50.0,2,0,0
ORD0000440,C000110,2024-09-07,Beauty,232.45,2,0,0
ORD0000441,C000110,2024-12-27,Beauty,104.84,4,0,1
ORD0000442,C000110,2025-11-11,Beauty,184.99,1,0,0
ORD0000443,C000110,2025-02-11,Accessories,476.68,4,1,0
ORD0000444,C000111,2025-01-17,Accessories,124.14,4,0,0
ORD0000445,C000111,2024-10-25,Fragrance,260.5,2,0,1
ORD0000446,C000111,2025-08-13,Accessories,264.33,3,0,0
ORD0000447,C000111,2024-12-01,Beauty,114.14,5,0,1
ORD0000448,C000111,2025-04-15,Fragrance,50.0,10,0,0
ORD0000449,C000111,2025-06-04,Accessories,204.1,3,0,0
ORD0000450,C000112,2025-01-08,Accessories,677.47,4,0,1
ORD0000451,C000112,2025-10-23,RTW,180.97,1,0,1
ORD0000452,C000112,2025-10-09,RTW,1016.23,1,0,1
ORD0000453,C000112,2025-08-21,RTW,304.93,4,0,0
ORD0000454,C000112,2024-12-16,Accessories,460.43,4,0,1
ORD0000455,C000112,2025-06-22,Accessories,218.16,4,0,1
ORD0000456,C000112,2025-03-09,Accessories,160.47,4,0,1
ORD0000457,C000113,2025-03-11,Fragrance,201.88,3,0,0
ORD0000458,C000113,2025-06-14,Fragrance,476.83,2,0,0
ORD0000459,C000113,2024-10-12,Accessories,89.86,4,0,0
ORD0000460,C000114,2025-08-23,RTW,180.58,4,0,1
ORD0000461,C000114,2025-04-10,Accessories,221.27,4,1,0
ORD0000462,C000114,2024-10-12,Fragrance,183.53,3,0,0
ORD0000463,C000114,2025-10-22,Fragrance,570.75,4,0,0
ORD0000464,C000115,2024-11-28,Fragrance,79.07,5,0,1
ORD0000465,C000115,2025-06-15,Beauty,288.84,3,0,1
ORD0000466,C000115,2025-11-09,Accessories,1061.23,2,0,1
ORD0000467,C000115,2026-01-07,RTW,868.29,4,0,1
ORD0000468,C000115,2024-10-04,Fragrance,722.31,3,0,0
ORD0000469,C000115,2026-01-07,RTW,397.63,4,0,0
ORD0000470,C000115,2024-12-28,Accessories,331.41,4,0,0
ORD0000471,C000116,2025-08-18,Accessories,282.77,3,0,0
ORD0000472,C000116,2025-05-30,Beauty,79.62,4,0,0
ORD0000473,C000116,2025-07-10,Beauty,688.78,1,0,0
ORD0000474,C000117,2025-12-30,Fragrance,631.15,3,0,0
ORD0000475,C000117,2025-05-25,Beauty,505.35,3,0,0
ORD0000476,C000117,2025-05-28,Beauty,102.93,2,0,0
ORD0000477,C000118,2024-09-05,Fragrance,483.2,4,0,0
ORD0000478,C000119,2025-02-25,RTW,104.37,4,0,0
ORD0000479,C000119,2025-05-25,Accessories,377.56,4,0,0
ORD0000480,C000119,2026-01-23,RTW,775.8,4,0,1
ORD0000481,C000119,2024-12-10,Accessories,534.47,3,0,0
ORD0000482,C000119,2025-01-01,RTW,218.13,1,1,1
ORD0000483,C000119,2025-05-09,Fragrance,77.44,2,0,1
ORD0000484,C000119,2026-01-06,Accessories,215.69,3,0,1
ORD0000485,C000119,2025-11-30,Fragrance,1015.59,2,0,1
ORD0000486,C000120,2025-12-21,Accessories,236.28,3,0,0
ORD0000487,C000120,2024-08-25,Beauty,194.93,5,0,0
ORD0000488,C000120,2025-09-25,Beauty,50.0,6,1,0
ORD0000489,C000120,2025-10-08,RTW,149.77,4,0,0
ORD0000490,C000120,2025-02-17,Fragrance,91.09,6,0,0
ORD0000491,C000120,2024-09-23,Fragrance,280.72,2,0,0
ORD0000492,C000121,2025-11-16,Beauty,306.27,2,0,0
ORD0000493,C000122,2025-05-25,Beauty,181.39,2,0,1
ORD0000494,C000122,2024-11-01,Accessories,116.92,3,0,1
ORD0000495,C000122,2025-05-11,Accessories,177.46,4,0,1
ORD0000496,C000122,2025-09-09,Accessories,183.01,4,0,1
ORD0000497,C000122,2025-06-18,RTW,496.42,3,0,1
ORD0000498,C000122,2025-04-07,Fragrance,1888.77,3,0,1
ORD0000499,C000122,2025-03-24,Accessories,287.91,3,0,1
ORD0000500,C000122,2025-04-04,RTW,368.6,2,0,1
ORD0000501,C000122,2025-09-21,Accessories,1032.42,2,0,1
ORD0000502,C000123,2025-01-02,RTW,866.03,4,0,1
ORD0000503,C000123,2025-06-28,Fragrance,355.65,4,0,1
ORD0000504,C000123,2026-01-18,Accessories,256.66,3,0,1
ORD0000505,C000123,2024-08-19,Accessories,679.17,2,0,1
ORD0000506,C000123,2025-08-09,RTW,71.31,3,0,1
ORD0000507,C000123,2024-09-04,Beauty,525.36,6,0,1
ORD0000508,C000123,2024-09-21,Fragrance,270.74,1,0,0
ORD0000509,C000124,2024-09-24,Accessories,223.14,3,0,0
ORD0000510,C000124,2026-01-16,Accessories,603.87,4,0,1
ORD0000511,C000124,2025-06-14,Fragrance,553.16,2,0,0
ORD0000512,C000124,2025-04-21,RTW,314.59,4,0,0
ORD0000513,C000124,2025-09-30,Fragrance,81.67,3,0,0
ORD0000514,C000124,2024-10-17,Beauty,379.76,4,0,0
ORD0000515,C000124,2026-01-18,Beauty,87.07,6,0,0
ORD0000516,C000124,2024-08-12,RTW,606.91,4,0,0
ORD0000517,C000124,2025-01-23,Fragrance,260.74,6,0,0
ORD0000518,C000124,2025-10-21,Beauty,60.29,4,0,0
ORD0000519,C000125,2025-04-28,Accessories,414.89,1,0,0
ORD0000520,C000125,2025-11-10,Accessories,482.08,4,0,1
ORD0000521,C000125,2024-08-13,Accessories,219.9,2,0,1
ORD0000522,C000126,2025-07-27,RTW,522.33,3,0,1
ORD0000523,C000126,2025-05-25,Accessories,845.69,4,0,1
ORD0000524,C000126,2025-08-02,Beauty,198.4,4,1,1
ORD0000525,C000126,2025-04-21,RTW,754.04,4,1,1
ORD0000526,C000126,2025-11-26,Accessories,1610.6,4,0,1
ORD0000527,C000126,2025-03-26,Accessories,527.81,2,1,1
ORD0000528,C000127,2024-09-29,Fragrance,466.18,4,0,0
ORD0000529,C000127,2025-12-09,Fragrance,459.37,4,0,0
ORD0000530,C000127,2025-07-13,Fragrance,68.59,5,0,0
ORD0000531,C000127,2024-09-30,Beauty,242.68,9,0,0
ORD0000532,C000127,2025-06-24,Beauty,50.0,5,0,0
ORD0000533,C000127,2026-01-21,Beauty,276.99,2,0,0
ORD0000534,C000127,2025-10-08,Fragrance,72.85,5,0,0
ORD0000535,C000128,2025-07-15,Accessories,220.41,4,0,0
ORD0000536,C000128,2024-10-20,Beauty,346.97,4,0,0
ORD0000537,C000128,2024-12-10,RTW,152.67,2,0,0
ORD0000538,C000128,2025-08-03,Beauty,99.06,3,0,0
ORD0000539,C000128,2025-04-15,Beauty,50.0,4,0,0
ORD0000540,C000128,2025-05-21,Beauty,124.3,4,0,0
ORD0000541,C000129,2024-09-02,Beauty,204.87,3,0,1
ORD0000542,C000129,2025-07-28,Beauty,68.98,4,0,1
ORD0000543,C000129,2024-08-27,Accessories,283.79,3,0,1
ORD0000544,C000129,2025-11-24,Accessories,300.02,3,0,1
ORD0000545,C000129,2025-10-26,Accessories,164.33,4,0,1
ORD0000546,C000129,2025-07-27,Accessories,256.01,4,0,1
ORD0000547,C000130,2025-06-07,Accessories,227.87,4,0,1
ORD0000548,C000130,2025-03-09,Beauty,732.88,3,0,1
ORD0000549,C000130,2025-03-29,Accessories,241.62,4,0,1
ORD0000550,C000130,2025-08-25,Accessories,2740.95,3,0,1
ORD0000551,C000130,2024-12-21,Fragrance,196.77,6,0,0
ORD0000552,C000130,2025-08-23,Accessories,207.89,3,0,1
ORD0000553,C000130,2024-10-02,Accessories,441.23,3,0,1
ORD0000554,C000131,2025-04-30,Beauty,209.82,2,0,1
ORD0000555,C000131,2025-03-26,RTW,430.92,4,0,1
ORD0000556,C000131,2025-02-02,Fragrance,273.13,2,0,1
ORD0000557,C000131,2025-03-21,Beauty,135.24,2,0,1
ORD0000558,C000131,2024-11-29,RTW,50.0,4,1,0
ORD0000559,C000133,2025-12-05,Accessories,546.55,2,0,0
ORD0000560,C000133,2025-09-09,Beauty,201.53,5,0,0
ORD0000561,C000135,2026-01-11,Accessories,212.43,3,0,1
ORD0000562,C000135,2025-05-13,Accessories,202.85,3,0,1
ORD0000563,C000135,2025-03-07,Accessories,416.52,4,0,1
ORD0000564,C000135,2025-07-10,RTW,584.99,4,0,1
ORD0000565,C000136,2024-11-06,Beauty,194.69,4,0,0
ORD0000566,C000137,2025-05-27,RTW,479.45,4,0,1
ORD0000567,C000137,2024-10-06,RTW,374.28,4,0,0
ORD0000568,C000137,2024-12-27,RTW,644.94,4,0,0
ORD0000569,C000137,2024-09-19,Accessories,1039.46,4,0,0
ORD0000570,C000137,2025-01-11,Accessories,133.22,4,1,1
ORD0000571,C000137,2025-02-14,Accessories,406.28,4,0,1
ORD0000572,C000137,2025-04-14,Beauty,532.02,6,1,1
ORD0000573,C000137,2025-11-16,Accessories,130.89,3,0,1
ORD0000574,C000138,2024-12-03,Accessories,50.0,3,0,0
ORD0000575,C000139,2025-03-30,Beauty,63.71,3,0,0
ORD0000576,C000139,2024-11-08,Beauty,580.49,7,0,0
ORD0000577,C000139,2025-05-09,RTW,304.72,3,0,0
ORD0000578,C000139,2026-01-08,RTW,253.82,3,0,0
ORD0000579,C000140,2025-03-15,RTW,1076.46,1,0,1
ORD0000580,C000140,2024-10-31,Accessories,518.02,3,0,1
ORD0000581,C000140,2025-03-08,Accessories,418.08,4,0,1
ORD0000582,C000140,2025-02-23,Beauty,282.62,2,0,0
ORD0000583,C000142,2025-05-10,Accessories,472.08,4,0,1
ORD0000584,C000142,2026-01-07,Accessories,92.8,4,0,1
ORD0000585,C000142,2024-11-19,Accessories,858.66,4,0,1
ORD0000586,C000143,2025-12-12,Fragrance,388.93,4,0,1
ORD0000587,C000143,2024-08-24,Beauty,241.13,3,0,0
ORD0000588,C000143,2025-12-29,Accessories,293.53,2,0,0
ORD0000589,C000143,2025-03-02,Fragrance,400.33,4,0,0
ORD0000590,C000144,2025-02-23,Accessories,169.11,4,0,0
ORD0000591,C000144,2025-10-28,Beauty,119.03,3,0,0
ORD0000592,C000144,2025-08-21,Fragrance,67.04,2,0,0
ORD0000593,C000146,2025-11-02,RTW,53.59,4,0,0
ORD0000594,C000146,2025-07-19,Fragrance,232.81,5,0,0
ORD0000595,C000146,2024-11-15,Accessories,141.75,4,0,0
ORD0000596,C000147,2025-08-28,RTW,1835.28,4,0,1
ORD0000597,C000147,2025-02-17,Beauty,50.0,1,0,0
ORD0000598,C000147,2024-11-14,RTW,259.62,4,0,1
ORD0000599,C000147,2025-04-05,Beauty,391.69,2,1,0
ORD0000600,C000147,2026-01-11,Accessories,781.08,3,1,1
ORD0000601,C000148,2025-08-29,Accessories,180.6,3,0,1
ORD0000602,C000148,2025-03-02,Fragrance,140.54,4,0,1
ORD0000603,C000148,2025-07-09,Accessories,740.47,2,0,1
ORD0000604,C000148,2025-02-01,Beauty,1203.09,4,0,1
ORD0000605,C000148,2025-08-27,RTW,286.23,2,0,1
ORD0000606,C000148,2025-03-21,Accessories,578.27,2,0,1
ORD0000607,C000148,2025-12-21,Accessories,297.95,4,0,1
ORD0000608,C000149,2025-11-21,RTW,467.36,3,0,1
ORD0000609,C000149,2025-06-09,Accessories,258.32,4,0,1
ORD0000610,C000149,2025-08-16,RTW,65.36,3,0,1
ORD0000611,C000149,2025-06-22,RTW,196.43,2,0,1
ORD0000612,C000151,2024-11-06,Beauty,66.89,5,0,0
ORD0000613,C000151,2026-01-04,Beauty,196.46,4,0,0
ORD0000614,C000152,2025-07-01,Accessories,200.74,3,0,1
ORD0000615,C000152,2024-12-18,RTW,218.06,3,0,0
ORD0000616,C000152,2025-09-25,Accessories,456.14,4,1,1
ORD0000617,C000152,2024-08-20,Accessories,859.14,2,0,0
ORD0000618,C000153,2025-09-29,RTW,367.72,4,0,0
ORD0000619,C000154,2025-01-29,Accessories,565.94,4,0,1
ORD0000620,C000154,2025-07-19,Beauty,70.94,2,0,1
ORD0000621,C000154,2024-08-29,RTW,544.07,3,0,1
ORD0000622,C000154,2025-10-08,Beauty,179.28,7,0,1
ORD0000623,C000154,2025-01-06,Accessories,80.8,3,0,1
ORD0000624,C000154,2025-10-20,Accessories,1380.87,4,0,0
ORD0000625,C000154,2025-11-25,Beauty,401.55,2,0,1
ORD0000626,C000154,2025-03-29,RTW,145.19,4,0,1
ORD0000627,C000154,2024-12-27,Beauty,275.84,1,0,1
ORD0000628,C000155,2025-04-24,Accessories,1015.31,3,0,0
ORD0000629,C000155,2025-12-15,RTW,54.77,2,0,1
ORD0000630,C000155,2026-01-21,Accessories,323.22,2,0,1
ORD0000631,C000156,2024-10-06,Accessories,529.02,3,0,1
ORD0000632,C000156,2025-06-30,Fragrance,264.2,8,0,1
ORD0000633,C000156,2025-01-15,Beauty,158.14,4,0,1
ORD0000634,C000156,2024-11-27,RTW,181.01,4,0,0
ORD0000635,C000156,2025-08-28,Beauty,385.09,2,0,1
ORD0000636,C000156,2025-07-29,RTW,536.74,3,0,0
ORD0000637,C000156,2025-08-17,RTW,113.33,1,1,1
ORD0000638,C000156,2024-12-13,Accessories,174.52,4,0,0
ORD0000639,C000156,2025-05-04,Accessories,995.17,3,0,1
ORD0000640,C000156,2026-01-04,Fragrance,89.77,2,0,0
ORD0000641,C000156,2025-12-26,RTW,995.4,4,0,1
ORD0000642,C000156,2024-12-09,Accessories,50.0,4,1,1
ORD0000643,C000156,2024-08-11,Accessories,380.55,4,0,1
ORD0000644,C000157,2025-02-07,Beauty,193.86,4,0,1
ORD0000645,C000159,2025-11-24,Fragrance,107.68,2,1,0
ORD0000646,C000159,2024-12-01,Beauty,462.83,4,0,0
ORD0000647,C000159,2025-09-15,Fragrance,1113.96,4,0,0
ORD0000648,C000159,2026-01-30,RTW,237.23,4,0,0
ORD0000649,C000159,2025-05-12,Accessories,503.79,4,0,0
ORD0000650,C000159,2025-01-21,Beauty,79.19,5,0,0
ORD0000651,C000159,2025-10-24,RTW,481.52,2,0,0
ORD0000652,C000159,2025-07-14,Fragrance,167.76,2,0,0
ORD0000653,C000159,2025-09-06,Fragrance,235.94,4,0,0
ORD0000654,C000159,2025-10-25,Beauty,85.69,5,0,0
ORD0000655,C000159,2025-10-15,Fragrance,148.63,3,0,0
ORD0000656,C000159,2025-03-28,Fragrance,1272.35,4,0,0
ORD0000657,C000160,2024-08-16,Beauty,269.81,2,0,0
ORD0000658,C000160,2025-05-02,Fragrance,100.52,6,0,0
ORD0000659,C000161,2024-11-24,RTW,169.86,3,0,1
ORD0000660,C000161,2025-12-26,Fragrance,1550.53,4,0,1
ORD0000661,C000161,2025-12-12,RTW,105.59,2,0,0
ORD0000662,C000161,2026-01-16,Accessories,474.12,3,0,1
ORD0000663,C000162,2025-06-01,RTW,396.85,4,0,1
ORD0000664,C000162,2024-09-25,RTW,50.0,3,0,1
ORD0000665,C000162,2024-12-11,Beauty,1377.51,2,0,1
ORD0000666,C000162,2025-05-06,Accessories,143.9,4,0,1
ORD0000667,C000162,2025-04-19,Beauty,393.65,6,0,0
ORD0000668,C000162,2025-02-19,Accessories,391.25,4,0,0
ORD0000669,C000163,2025-05-14,Beauty,1316.91,2,0,0
ORD0000670,C000163,2024-10-20,Accessories,81.39,3,0,0
ORD0000671,C000163,2025-02-14,Beauty,311.25,2,0,1
ORD0000672,C000163,2025-01-21,Fragrance,252.82,5,0,1
ORD0000673,C000163,2025-09-23,Fragrance,178.81,2,1,0
ORD0000674,C000163,2025-10-09,Accessories,629.9,3,0,0
ORD0000675,C000163,2025-09-23,Beauty,322.59,1,0,1
ORD0000676,C000164,2024-11-10,Accessories,109.83,1,0,0
ORD0000677,C000164,2024-09-01,RTW,216.57,2,0,1
ORD0000678,C000164,2024-08-25,Beauty,617.14,3,0,1
ORD0000679,C000164,2025-06-17,Accessories,699.65,2,0,1
ORD0000680,C000164,2025-02-02,Accessories,59.37,4,0,1
ORD0000681,C000165,2024-08-11,Beauty,119.2,6,1,0
ORD0000682,C000166,2025-06-09,Fragrance,643.51,3,0,0
ORD0000683,C000166,2025-08-13,Beauty,720.04,5,0,1
ORD0000684,C000166,2025-08-14,Fragrance,169.51,5,0,0
ORD0000685,C000166,2025-06-13,Accessories,1101.49,4,0,0
ORD0000686,C000166,2025-08-28,Accessories,69.18,3,0,0
ORD0000687,C000166,2024-11-22,Fragrance,317.54,3,0,1
ORD0000688,C000167,2024-12-16,Beauty,537.77,4,0,0
ORD0000689,C000167,2024-11-25,Fragrance,70.67,3,0,0
ORD0000690,C000167,2025-09-13,Fragrance,309.86,1,0,0
ORD0000691,C000167,2025-11-15,Beauty,93.98,5,0,0
ORD0000692,C000168,2025-03-17,Accessories,543.07,3,0,0
ORD0000693,C000168,2025-11-23,Fragrance,369.5,2,1,1
ORD0000694,C000168,2025-09-05,Fragrance,2088.15,3,0,1
ORD0000695,C000168,2025-05-27,Accessories,137.25,4,0,1
ORD0000696,C000168,2024-11-27,Beauty,266.48,9,0,1
ORD0000697,C000168,2025-02-06,Beauty,143.92,3,1,0
ORD0000698,C000169,2025-04-23,Accessories,1487.15,2,0,1
ORD0000699,C000169,2025-08-28,Fragrance,120.3,3,0,1
ORD0000700,C000170,2025-04-23,Beauty,233.07,5,0,1
ORD0000701,C000170,2025-10-02,Fragrance,293.66,7,0,1
ORD0000702,C000170,2024-10-05,RTW,711.84,1,0,1
ORD0000703,C000170,2025-09-25,Fragrance,256.47,2,0,1
ORD0000704,C000170,2025-08-26,RTW,458.99,4,1,0
ORD0000705,C000170,2025-02-15,Fragrance,108.71,9,0,0
ORD0000706,C000170,2025-12-20,Beauty,229.56,5,0,0
ORD0000707,C000170,2025-10-07,Fragrance,1460.5,4,0,1
ORD0000708,C000171,2025-08-11,Beauty,196.46,5,0,0
ORD0000709,C000172,2024-09-19,RTW,53.86,2,0,0
ORD0000710,C000172,2025-10-17,Beauty,71.33,5,1,0
ORD0000711,C000172,2025-01-24,RTW,249.49,4,0,0
ORD0000712,C000172,2024-09-11,Fragrance,279.67,3,0,0
ORD0000713,C000173,2024-11-25,RTW,110.04,3,1,0
ORD0000714,C000173,2025-04-19,Fragrance,323.13,4,0,0
ORD0000715,C000173,2025-05-18,Accessories,288.67,4,0,0
ORD0000716,C000173,2025-05-18,Beauty,152.93,4,0,0
ORD0000717,C000173,2025-10-19,Fragrance,763.7,4,0,0
ORD0000718,C000173,2024-09-11,Fragrance,243.72,4,0,0
ORD0000719,C000173,2025-05-03,Fragrance,243.53,4,1,0
ORD0000720,C000174,2024-09-18,Beauty,267.77,5,0,1
ORD0000721,C000174,2025-01-11,RTW,710.2,3,0,0
ORD0000722,C000174,2025-01-04,Accessories,178.5,4,1,1
ORD0000723,C000174,2025-10-22,Accessories,719.41,3,0,1
ORD0000724,C000174,2025-05-31,RTW,281.97,2,0,1
ORD0000725,C000174,2024-11-25,Accessories,92.35,4,0,1
ORD0000726,C000174,2025-12-21,Accessories,1293.38,4,0,1
ORD0000727,C000175,2024-10-16,RTW,73.48,4,0,0
ORD0000728,C000175,2024-12-18,Beauty,90.7,1,0,0
ORD0000729,C000175,2024-11-14,RTW,201.92,4,0,1
ORD0000730,C000175,2025-07-29,Beauty,362.18,3,1,0
ORD0000731,C000175,2025-10-21,Fragrance,320.29,4,0,1
ORD0000732,C000175,2026-01-01,Beauty,257.13,5,0,0
ORD0000733,C000175,2025-05-16,RTW,194.76,2,0,0
ORD0000734,C000176,2025-02-04,RTW,1066.03,4,0,1
ORD0000735,C000176,2024-10-31,RTW,146.65,1,0,1
ORD0000736,C000176,2025-05-06,Accessories,907.89,4,0,1
ORD0000737,C000177,2025-03-07,Beauty,148.85,2,0,0
ORD0000738,C000179,2025-08-07,Accessories,668.03,4,0,0
ORD0000739,C000179,2025-02-23,RTW,251.45,2,0,1
ORD0000740,C000179,2025-06-11,Fragrance,153.22,4,0,1
ORD0000741,C000179,2025-10-30,Beauty,215.79,5,0,1
ORD0000742,C000179,2024-09-08,RTW,511.45,3,0,1
ORD0000743,C000180,2025-07-07,Fragrance,245.51,3,0,0
ORD0000744,C000180,2025-02-05,Fragrance,331.78,4,0,1
ORD0000745,C000180,2025-01-25,Fragrance,890.23,4,0,0
ORD0000746,C000181,2025-03-06,Beauty,116.36,1,1,1
ORD0000747,C000181,2025-03-19,Fragrance,76.24,4,0,1
ORD0000748,C000181,2025-04-02,Fragrance,499.78,3,0,1
ORD0000749,C000181,2024-12-19,RTW,287.44,4,0,1
ORD0000750,C000182,2025-10-27,Beauty,411.38,4,1,0
ORD0000751,C000182,2024-12-12,Beauty,753.64,3,0,1
ORD0000752,C000182,2025-02-16,Beauty,379.4,5,0,1
ORD0000753,C000182,2025-01-01,RTW,248.35,3,1,0
ORD0000754,C000182,2025-04-05,RTW,88.97,3,0,0
ORD0000755,C000182,2025-03-05,Accessories,209.01,4,0,1
ORD0000756,C000182,2025-12-20,Beauty,248.08,2,0,1
ORD0000757,C000182,2025-04-25,RTW,278.43,2,1,1
ORD0000758,C000183,2025-06-20,RTW,305.86,4,0,0
ORD0000759,C000183,2025-06-23,Beauty,94.37,5,0,0
ORD0000760,C000183,2026-01-09,RTW,295.14,2,0,0
ORD0000761,C000184,2024-11-07,Beauty,82.16,6,0,0
ORD0000762,C000184,2025-07-18,Fragrance,239.31,6,0,0
ORD0000763,C000184,2024-12-17,Fragrance,204.45,8,0,0
ORD0000764,C000184,2024-12-30,Fragrance,623.97,6,0,0
ORD0000765,C000184,2025-01-23,Accessories,90.25,4,0,1
ORD0000766,C000184,2025-01-16,RTW,333.49,4,0,0
ORD0000767,C000184,2025-06-04,Beauty,122.25,2,0,1
ORD0000768,C000184,2025-09-15,Beauty,249.02,6,0,0
ORD0000769,C000184,2025-05-23,Accessories,943.66,4,0,0
ORD0000770,C000185,2025-10-24,RTW,241.96,4,0,1
ORD0000771,C000185,2024-08-29,RTW,172.48,4,0,1
ORD0000772,C000185,2025-10-15,Accessories,483.26,4,0,1
ORD0000773,C000185,2025-02-08,Beauty,164.17,5,0,1
ORD0000774,C000185,2025-06-15,RTW,417.76,3,0,1
ORD0000775,C000185,2025-12-07,RTW,366.57,2,0,1
ORD0000776,C000186,2024-11-10,Accessories,762.71,3,1,0
ORD0000777,C000186,2026-01-08,RTW,372.16,4,0,0
ORD0000778,C000186,2025-12-03,Accessories,326.38,4,0,0
ORD0000779,C000186,2025-09-01,Beauty,184.43,2,1,1
ORD0000780,C000186,2025-04-23,Accessories,420.02,4,0,0
ORD0000781,C000186,2026-01-02,RTW,281.03,3,0,0
ORD0000782,C000186,2025-09-16,Fragrance,539.53,3,0,1
ORD0000783,C000186,2024-10-25,Accessories,257.21,3,0,0
ORD0000784,C000186,2025-03-25,Accessories,1095.0,3,0,0
ORD0000785,C000186,2024-08-28,Beauty,158.02,3,0,1
ORD0000786,C000186,2025-03-14,Accessories,171.89,2,0,0
ORD0000787,C000187,2025-12-07,Fragrance,269.96,2,0,1
ORD0000788,C000187,2025-09-30,Accessories,1231.5,3,0,1
ORD0000789,C000187,2025-11-26,Accessories,1398.9,4,0,1
ORD0000790,C000187,2025-07-15,RTW,637.85,4,0,1
ORD0000791,C000187,2025-07-31,Fragrance,103.06,3,0,1
ORD0000792,C000187,2024-09-11,RTW,671.7,4,0,1
ORD0000793,C000187,2025-10-26,Accessories,1866.28,2,0,1
ORD0000794,C000187,2024-12-30,RTW,957.53,4,0,1
ORD0000795,C000189,2024-10-02,RTW,142.61,4,0,1
ORD0000796,C000189,2025-10-24,Fragrance,589.5,3,0,1
ORD0000797,C000189,2024-11-16,Accessories,788.57,3,0,1
ORD0000798,C000189,2025-07-26,Fragrance,125.17,3,0,1
ORD0000799,C000189,2025-02-05,Fragrance,294.27,4,0,1
ORD0000800,C000190,2025-02-17,Accessories,120.17,3,0,0
ORD0000801,C000190,2025-05-12,RTW,447.91,4,1,0
ORD0000802,C000190,2025-12-01,RTW,132.04,4,0,0
ORD0000803,C000190,2026-01-29,RTW,289.85,2,0,0
ORD0000804,C000191,2026-01-26,Accessories,146.06,4,0,1
ORD0000805,C000191,2025-01-12,RTW,133.87,4,0,0
ORD0000806,C000192,2025-07-21,RTW,1740.14,2,0,1
ORD0000807,C000193,2025-06-21,Beauty,61.73,3,0,1
ORD0000808,C000193,2025-08-25,Accessories,1077.36,4,0,0
ORD0000809,C000193,2024-11-05,Accessories,623.16,2,0,0
ORD0000810,C000194,2025-08-02,Accessories,309.34,4,0,1
ORD0000811,C000194,2024-11-01,Accessories,173.41,4,1,1
ORD0000812,C000194,2025-09-29,RTW,311.28,2,0,1
ORD0000813,C000194,2025-04-07,RTW,72.15,4,1,1
ORD0000814,C000195,2024-08-18,Beauty,616.4,3,0,1
ORD0000815,C000195,2025-07-17,Fragrance,158.41,5,0,0
ORD0000816,C000195,2025-02-19,RTW,1194.54,2,0,0
ORD0000817,C000195,2024-12-28,Beauty,212.83,3,0,0
ORD0000818,C000196,2025-11-24,Fragrance,373.3,3,0,1
ORD0000819,C000196,2025-05-30,Accessories,246.38,4,0,0
ORD0000820,C000196,2024-12-13,Accessories,592.29,4,1,1
ORD0000821,C000198,2024-09-26,Fragrance,349.59,2,0,0
ORD0000822,C000198,2025-10-21,Accessories,193.89,3,0,1
ORD0000823,C000198,2025-03-08,Beauty,281.62,3,0,1
ORD0000824,C000198,2024-08-14,RTW,451.41,3,0,1
ORD0000825,C000198,2025-07-09,RTW,247.63,4,0,1
ORD0000826,C000198,2025-07-12,Accessories,326.4,3,0,1
ORD0000827,C000199,2024-12-13,Beauty,271.06,6,0,1
ORD0000828,C000199,2026-01-06,Accessories,203.92,4,0,1
ORD0000829,C000199,2024-09-22,Accessories,113.3,4,0,1
ORD0000830,C000199,2025-04-11,Fragrance,319.33,5,0,0
ORD0000831,C000199,2024-08-08,Accessories,1622.57,4,0,1
ORD0000832,C000199,2025-10-31,Fragrance,621.97,5,0,0
ORD0000833,C000199,2025-08-06,RTW,222.6,4,0,0
ORD0000834,C000199,2026-01-02,Beauty,251.91,4,1,1
ORD0000835,C000199,2025-07-22,Beauty,184.16,5,0,0
ORD0000836,C000199,2024-11-12,RTW,522.18,3,0,0
ORD0000837,C000199,2025-08-01,Accessories,115.17,2,0,0
ORD0000838,C000199,2025-12-16,Accessories,420.6,1,0,1
ORD0000839,C000200,2025-07-24,Accessories,54.91,3,0,0
ORD0000840,C000200,2025-11-17,Beauty,152.35,4,0,0
ORD0000841,C000200,2026-01-15,Beauty,99.16,4,1,0
ORD0000842,C000201,2025-10-03,Beauty,108.74,2,0,1
ORD0000843,C000201,2025-05-29,Beauty,323.28,7,0,0
ORD0000844,C000202,2025-02-26,Beauty,137.51,5,0,0
ORD0000845,C000202,2025-06-11,Accessories,124.01,4,0,0
ORD0000846,C000202,2025-12-16,RTW,50.0,4,0,0
ORD0000847,C000202,2025-05-11,Fragrance,358.36,5,0,0
ORD0000848,C000204,2025-03-19,Beauty,50.77,3,0,0
ORD0000849,C000204,2025-04-26,Beauty,74.68,5,0,1
ORD0000850,C000204,2024-12-03,Accessories,165.1,4,0,0
ORD0000851,C000204,2025-07-20,Fragrance,111.68,2,0,0
ORD0000852,C000205,2026-01-20,Accessories,289.55,3,0,1
ORD0000853,C000205,2024-10-28,Accessories,168.07,3,0,1
ORD0000854,C000205,2025-11-19,Beauty,340.82,3,0,1
ORD0000855,C000205,2024-09-17,RTW,743.57,3,1,1
ORD0000856,C000205,2025-08-12,Beauty,231.21,6,0,1
ORD0000857,C000205,2024-12-19,RTW,195.36,4,0,1
ORD0000858,C000205,2025-05-08,Fragrance,759.28,5,1,1
ORD0000859,C000205,2025-07-08,Accessories,680.31,4,0,1
ORD0000860,C000205,2024-09-08,Accessories,291.82,4,0,1
ORD0000861,C000205,2025-12-25,Accessories,235.18,4,0,1
ORD0000862,C000206,2025-06-10,Accessories,54.25,4,1,1
ORD0000863,C000206,2025-11-06,Beauty,247.33,6,0,1
ORD0000864,C000206,2025-05-28,Accessories,349.1,4,0,1
ORD0000865,C000208,2025-09-06,Beauty,236.23,3,0,0
ORD0000866,C000208,2024-09-02,Accessories,719.06,3,0,1
ORD0000867,C000208,2025-06-29,Beauty,309.21,2,0,1
ORD0000868,C000208,2026-01-16,Beauty,169.71,5,0,1
ORD0000869,C000208,2025-05-19,Beauty,724.63,4,0,1
ORD0000870,C000209,2025-07-09,Beauty,434.76,5,0,1
ORD0000871,C000209,2025-01-06,RTW,168.09,4,0,1
ORD0000872,C000209,2025-11-26,RTW,221.27,4,0,1
ORD0000873,C000209,2025-02-21,Accessories,586.15,3,0,1
ORD0000874,C000209,2024-11-05,Fragrance,638.73,2,1,1
ORD0000875,C000209,2025-04-11,RTW,317.01,4,0,1
ORD0000876,C000209,2025-03-11,Fragrance,466.76,5,1,1
ORD0000877,C000209,2024-12-07,RTW,157.9,3,0,1
ORD0000878,C000209,2025-08-10,Accessories,411.47,3,0,1
ORD0000879,C000209,2025-12-22,Accessories,275.44,4,0,1
ORD0000880,C000210,2025-06-05,Beauty,112.22,2,1,1
ORD0000881,C000211,2025-12-02,Accessories,86.72,2,0,0
ORD0000882,C000211,2025-09-30,Fragrance,121.85,6,0,0
ORD0000883,C000211,2025-12-25,Beauty,425.14,6,0,1
ORD0000884,C000212,2024-09-30,RTW,470.06,4,0,0
ORD0000885,C000212,2025-04-16,Accessories,151.09,4,0,0
ORD0000886,C000212,2025-06-01,Accessories,332.27,4,0,0
ORD0000887,C000212,2025-02-11,Beauty,249.98,5,0,0
ORD0000888,C000212,2024-09-27,Beauty,149.62,4,0,0
ORD0000889,C000212,2025-01-27,Fragrance,662.56,2,0,0
ORD0000890,C000212,2025-08-05,RTW,50.0,4,0,0
ORD0000891,C000213,2025-05-12,RTW,104.74,4,0,1
ORD0000892,C000213,2026-01-09,RTW,173.76,4,0,1
ORD0000893,C000213,2025-12-18,Fragrance,220.4,4,0,0
ORD0000894,C000213,2025-06-12,RTW,177.98,2,0,1
ORD0000895,C000213,2025-02-03,Beauty,544.62,8,0,1
ORD0000896,C000213,2024-11-29,Fragrance,171.39,6,0,0
ORD0000897,C000213,2024-12-29,Accessories,327.6,4,0,1
ORD0000898,C000214,2024-12-18,RTW,187.26,3,0,1
ORD0000899,C000214,2025-05-24,RTW,1014.22,2,0,1
ORD0000900,C000215,2025-07-15,Beauty,70.53,2,0,0
ORD0000901,C000215,2025-01-23,Beauty,1109.99,5,0,0
ORD0000902,C000217,2024-12-08,Beauty,672.93,5,0,1
ORD0000903,C000217,2024-12-24,Fragrance,393.49,3,0,1
ORD0000904,C000217,2024-10-24,RTW,55.75,4,0,0
ORD0000905,C000217,2024-12-04,Beauty,50.0,4,1,1
ORD0000906,C000217,2025-08-23,RTW,1647.85,3,0,0
ORD0000907,C000218,2024-11-14,Beauty,86.89,3,0,0
ORD0000908,C000218,2025-07-03,Beauty,971.32,5,0,0
ORD0000909,C000218,2025-04-26,RTW,67.03,4,0,0
ORD0000910,C000218,2025-08-24,Fragrance,387.22,7,0,0
ORD0000911,C000218,2025-07-12,Beauty,583.93,3,0,0
ORD0000912,C000218,2025-05-24,Beauty,102.86,3,0,0
ORD0000913,C000221,2024-09-19,Beauty,347.74,3,0,0
ORD0000914,C000221,2025-12-25,Accessories,126.53,4,0,0
ORD0000915,C000221,2025-11-04,RTW,88.11,4,1,0
ORD0000916,C000222,2025-12-07,RTW,115.45,3,0,0
ORD0000917,C000222,2025-01-30,Beauty,1216.4,2,0,0
ORD0000918,C000222,2025-06-26,RTW,464.22,1,0,1
ORD0000919,C000222,2025-03-13,Beauty,185.5,4,0,0
ORD0000920,C000222,2024-10-01,Fragrance,144.63,3,0,0
ORD0000921,C000222,2025-03-26,Fragrance,643.61,3,1,0
ORD0000922,C000223,2025-08-28,Beauty,353.38,4,0,1
ORD0000923,C000223,2024-12-07,Accessories,602.48,4,0,0
ORD0000924,C000223,2024-10-07,Accessories,312.84,2,0,1
ORD0000925,C000223,2025-05-20,Fragrance,117.44,4,0,0
ORD0000926,C000224,2025-09-02,Beauty,133.86,3,0,0
ORD0000927,C000224,2025-12-21,Beauty,105.7,5,0,0
ORD0000928,C000224,2025-01-07,RTW,320.69,3,0,0
ORD0000929,C000224,2025-01-24,Beauty,410.14,3,0,0
ORD0000930,C000224,2025-07-28,RTW,340.47,4,0,1
ORD0000931,C000224,2024-09-14,Fragrance,473.38,5,0,0
ORD0000932,C000225,2025-02-17,Beauty,265.41,2,0,0
ORD0000933,C000225,2025-11-21,Beauty,896.51,3,0,0
ORD0000934,C000225,2024-12-23,Fragrance,413.12,5,0,1
ORD0000935,C000225,2025-07-13,Beauty,58.87,4,0,1
ORD0000936,C000226,2025-11-06,Beauty,128.69,4,0,0
ORD0000937,C000226,2024-09-11,RTW,230.17,4,1,0
ORD0000938,C000226,2024-11-29,Beauty,147.64,2,0,0
ORD0000939,C000226,2025-05-17,Beauty,310.17,6,0,0
ORD0000940,C000226,2024-08-16,Fragrance,153.53,2,0,1
ORD0000941,C000226,2025-03-10,Beauty,187.43,2,0,1
ORD0000942,C000226,2025-05-31,Beauty,592.77,4,0,0
ORD0000943,C000226,2024-11-13,Beauty,153.57,6,0,0
ORD0000944,C000227,2024-10-18,RTW,204.15,4,0,1
ORD0000945,C000228,2025-12-29,Beauty,162.88,3,0,0
ORD0000946,C000228,2026-01-20,Beauty,390.42,3,0,1
ORD0000947,C000228,2025-01-06,Fragrance,182.62,5,0,0
ORD0000948,C000228,2024-12-29,Beauty,315.93,3,1,0
ORD0000949,C000228,2025-01-11,Beauty,446.79,2,0,0
ORD0000950,C000229,2024-11-22,Beauty,708.64,5,0,1
ORD0000951,C000229,2025-02-10,RTW,960.5,2,0,1
ORD0000952,C000229,2024-09-17,RTW,582.88,4,0,1
ORD0000953,C000229,2024-10-27,Fragrance,278.43,2,0,1
ORD0000954,C000229,2025-03-10,Accessories,261.12,4,0,0
ORD0000955,C000229,2026-01-07,Accessories,147.66,3,0,1
ORD0000956,C000230,2025-10-13,Fragrance,453.72,3,0,1
ORD0000957,C000231,2025-11-25,RTW,50.0,3,0,0
ORD0000958,C000231,2025-11-02,Accessories,530.51,4,0,1
ORD0000959,C000231,2026-01-17,Accessories,506.31,4,0,0
ORD0000960,C000231,2025-11-19,Beauty,64.1,2,0,0
ORD0000961,C000231,2024-10-16,Beauty,160.51,5,0,0
ORD0000962,C000231,2025-10-14,Beauty,155.38,5,0,1
ORD0000963,C000231,2025-09-10,Beauty,209.25,4,0,0
ORD0000964,C000231,2025-11-08,Fragrance,728.85,4,0,0
ORD0000965,C000232,2025-10-29,RTW,951.4,4,1,0
ORD0000966,C000232,2025-06-06,RTW,375.06,3,0,0
ORD0000967,C000232,2024-12-30,RTW,531.34,3,0,0
ORD0000968,C000232,2024-09-30,Accessories,204.6,4,0,0
ORD0000969,C000232,2024-09-10,Fragrance,53.35,5,0,1
ORD0000970,C000232,2025-04-11,Accessories,130.75,4,0,0
ORD0000971,C000232,2025-11-29,Accessories,299.49,4,0,0
ORD0000972,C000233,2025-11-10,Beauty,164.2,2,0,0
ORD0000973,C000233,2025-09-05,Beauty,283.26,4,0,0
ORD0000974,C000233,2025-07-21,Accessories,128.25,3,0,0
ORD0000975,C000234,2025-11-14,Fragrance,416.44,2,0,0
ORD0000976,C000234,2025-06-11,Beauty,265.91,4,0,0
ORD0000977,C000234,2025-04-02,Fragrance,191.38,7,0,0
ORD0000978,C000235,2025-04-13,Fragrance,155.12,4,0,0
ORD0000979,C000235,2025-02-11,Fragrance,50.07,6,0,0
ORD0000980,C000236,2025-05-18,Fragrance,575.93,1,0,1
ORD0000981,C000236,2025-11-28,Beauty,1608.19,5,1,1
ORD0000982,C000236,2025-11-30,Fragrance,161.65,6,0,0
ORD0000983,C000236,2025-11-10,Fragrance,394.7,4,0,0
ORD0000984,C000236,2024-10-31,RTW,544.63,4,1,0
ORD0000985,C000237,2025-11-01,Accessories,234.32,3,0,1
ORD0000986,C000237,2025-01-25,RTW,328.14,3,0,1
ORD0000987,C000237,2025-11-24,Fragrance,1157.92,4,0,1
ORD0000988,C000237,2025-03-10,Fragrance,1140.2,7,0,1
ORD0000989,C000237,2024-09-26,Beauty,538.8,3,0,1
ORD0000990,C000237,2024-09-17,RTW,342.91,4,0,0
ORD0000991,C000237,2025-07-20,Accessories,227.93,4,0,1
ORD0000992,C000239,2025-02-03,Beauty,100.86,5,0,0
ORD0000993,C000239,2025-03-04,Fragrance,144.12,4,0,0
ORD0000994,C000239,2024-12-14,RTW,341.53,4,0,0
ORD0000995,C000239,2024-10-24,Fragrance,298.06,3,0,0
ORD0000996,C000239,2025-01-01,Accessories,469.1,4,0,1
ORD0000997,C000239,2025-09-10,Fragrance,277.23,3,0,1
ORD0000998,C000239,2025-08-31,Fragrance,166.42,2,0,1
ORD0000999,C000239,2025-08-07,Beauty,456.27,4,0,0
ORD0001000,C000239,2025-06-22,RTW,213.82,4,1,1
ORD0001001,C000240,2025-08-30,RTW,224.21,3,0,1
ORD0001002,C000240,2024-09-08,Beauty,204.76,2,0,1
ORD0001003,C000240,2025-04-21,RTW,731.74,4,0,1
ORD0001004,C000240,2024-09-06,Beauty,230.99,5,0,0
ORD0001005,C000241,2025-08-20,RTW,183.36,3,0,0
ORD0001006,C000241,2025-02-03,Accessories,110.02,4,0,1
ORD0001007,C000241,2025-03-05,Beauty,282.06,4,0,0
ORD0001008,C000241,2025-09-08,Accessories,126.62,3,0,0
ORD0001009,C000241,2025-06-23,Accessories,179.8,4,0,1
ORD0001010,C000241,2025-03-21,Beauty,404.57,5,0,1
ORD0001011,C000242,2025-03-18,Accessories,220.63,3,0,0
ORD0001012,C000242,2025-09-28,Beauty,109.46,4,0,0
ORD0001013,C000242,2025-02-15,RTW,91.45,2,0,0
ORD0001014,C000242,2025-09-21,RTW,377.47,4,0,0
ORD0001015,C000242,2025-11-27,Beauty,196.11,5,1,0
ORD0001016,C000243,2025-05-23,Beauty,353.39,3,0,1
ORD0001017,C000244,2025-06-05,Accessories,233.9,4,0,0
ORD0001018,C000244,2024-09-30,RTW,133.19,4,0,0
ORD0001019,C000245,2025-02-25,Fragrance,941.56,4,0,0
ORD0001020,C000245,2025-03-07,Beauty,328.21,4,0,0
ORD0001021,C000245,2025-06-10,RTW,303.84,4,0,0
ORD0001022,C000245,2025-05-20,RTW,83.12,3,0,0
ORD0001023,C000245,2026-01-11,Beauty,116.99,2,0,0
ORD0001024,C000247,2025-01-02,Fragrance,462.8,4,0,1
ORD0001025,C000247,2025-11-08,Beauty,403.19,4,0,1
ORD0001026,C000247,2025-05-03,Beauty,427.15,4,1,1
ORD0001027,C000247,2025-07-17,Fragrance,694.23,4,0,1
ORD0001028,C000247,2025-09-06,Accessories,521.23,3,0,1
ORD0001029,C000247,2024-10-02,Accessories,60.62,4,0,1
ORD0001030,C000247,2025-03-01,Accessories,184.71,4,0,1
ORD0001031,C000247,2025-09-03,RTW,975.01,2,0,0
ORD0001032,C000247,2024-09-21,RTW,401.64,2,0,1
ORD0001033,C000247,2025-07-10,Accessories,393.22,4,0,1
ORD0001034,C000248,2025-09-29,Accessories,858.6,2,0,1
ORD0001035,C000248,2025-07-15,Beauty,95.61,4,0,1
ORD0001036,C000248,2025-05-21,RTW,268.24,1,0,1
ORD0001037,C000249,2026-01-19,Accessories,378.63,4,0,1
ORD0001038,C000249,2025-04-02,Accessories,468.15,2,1,1
ORD0001039,C000249,2024-11-25,Beauty,79.11,6,1,1
ORD0001040,C000249,2025-09-01,Fragrance,212.36,6,0,1
ORD0001041,C000249,2025-08-23,Beauty,168.53,4,0,1
ORD0001042,C000249,2025-10-12,Fragrance,245.85,3,0,1
ORD0001043,C000249,2025-07-12,Accessories,1221.96,4,0,1
ORD0001044,C000250,2025-08-17,Accessories,654.75,3,0,1
ORD0001045,C000250,2026-01-13,RTW,193.55,2,0,0
ORD0001046,C000251,2024-09-29,Beauty,240.47,5,0,1
ORD0001047,C000251,2025-01-11,Fragrance,84.51,2,0,0
ORD0001048,C000251,2025-03-05,Beauty,256.11,2,0,1
ORD0001049,C000252,2025-12-26,RTW,254.24,4,0,0
ORD0001050,C000252,2025-12-21,Beauty,325.28,5,0,1
ORD0001051,C000252,2025-09-17,Fragrance,130.71,5,0,0
ORD0001052,C000252,2025-09-09,Beauty,78.95,3,0,0
ORD0001053,C000252,2025-06-04,Beauty,1027.21,2,1,0
ORD0001054,C000252,2025-01-30,RTW,73.2,3,0,0
ORD0001055,C000252,2025-11-20,Beauty,58.21,3,0,0
ORD0001056,C000252,2024-08-11,RTW,342.23,3,0,0
ORD0001057,C000253,2025-08-25,Beauty,79.49,4,0,1
ORD0001058,C000255,2025-07-02,RTW,96.3,3,0,1
ORD0001059,C000255,2025-05-08,Accessories,223.14,3,0,1
ORD0001060,C000255,2026-01-06,RTW,127.87,4,1,0
ORD0001061,C000255,2025-06-14,RTW,203.94,2,0,1
ORD0001062,C000255,2025-06-06,Fragrance,87.31,2,0,0
ORD0001063,C000255,2025-09-12,Accessories,199.84,2,0,1
ORD0001064,C000255,2024-12-21,Beauty,391.37,4,1,0
ORD0001065,C000256,2024-09-13,Fragrance,162.04,6,1,1
ORD0001066,C000256,2024-12-02,Fragrance,207.58,3,0,1
ORD0001067,C000256,2025-12-25,Accessories,933.31,3,0,1
ORD0001068,C000256,2026-01-23,Accessories,716.51,4,0,1
ORD0001069,C000256,2025-01-19,RTW,66.32,4,0,1
ORD0001070,C000257,2024-12-20,Fragrance,117.59,3,0,0
ORD0001071,C000257,2025-04-17,Accessories,245.02,3,0,0
ORD0001072,C000257,2024-12-29,Accessories,295.51,4,0,0
ORD0001073,C000257,2025-05-13,Beauty,50.0,5,0,0
ORD0001074,C000258,2025-05-09,Beauty,202.13,6,0,0
ORD0001075,C000258,2024-10-25,Beauty,324.16,5,1,0
ORD0001076,C000259,2024-08-24,Beauty,95.92,3,0,0
ORD0001077,C000259,2025-10-07,Fragrance,96.1,4,1,0
ORD0001078,C000259,2025-07-04,Beauty,269.51,4,0,0
ORD0001079,C000259,2025-03-31,Beauty,297.14,3,0,0
ORD0001080,C000260,2025-03-26,Accessories,196.18,3,0,1
ORD0001081,C000261,2025-06-09,Accessories,153.77,4,0,0
ORD0001082,C000261,2025-05-17,RTW,120.33,4,0,1
ORD0001083,C000261,2026-01-18,RTW,211.0,4,0,1
ORD0001084,C000261,2025-02-23,Accessories,1040.14,4,0,0
ORD0001085,C000261,2024-12-29,Beauty,108.81,4,0,0
ORD0001086,C000261,2024-12-26,RTW,64.28,3,0,1
ORD0001087,C000261,2024-09-14,RTW,50.0,4,0,0
ORD0001088,C000261,2025-05-21,Accessories,279.38,2,1,1
ORD0001089,C000262,2026-01-30,Accessories,1554.5,2,0,1
ORD0001090,C000262,2026-01-19,Fragrance,134.47,6,0,0
ORD0001091,C000263,2025-03-26,Accessories,50.0,1,0,0
ORD0001092,C000263,2025-08-20,Accessories,82.98,2,1,1
ORD0001093,C000264,2025-07-19,RTW,175.08,4,0,1
ORD0001094,C000264,2025-01-14,Fragrance,434.61,2,1,1
ORD0001095,C000264,2026-01-08,Fragrance,350.39,2,0,1
ORD0001096,C000264,2025-09-30,Beauty,461.98,6,0,1
ORD0001097,C000264,2025-07-05,Fragrance,656.72,3,0,1
ORD0001098,C000264,2025-12-30,Accessories,329.8,4,0,0
ORD0001099,C000264,2025-08-05,Accessories,279.67,4,1,1
ORD0001100,C000265,2025-06-04,Accessories,307.41,4,0,0
ORD0001101,C000265,2025-04-26,RTW,117.71,3,0,1
ORD0001102,C000265,2024-09-26,RTW,686.11,4,1,1
ORD0001103,C000266,2025-06-24,Beauty,337.67,4,1,0
ORD0001104,C000266,2025-12-31,Accessories,115.04,4,1,0
ORD0001105,C000266,2024-10-11,RTW,50.0,4,0,0
ORD0001106,C000266,2025-12-16,Accessories,142.1,2,0,0
ORD0001107,C000266,2025-04-18,RTW,102.39,3,0,0
ORD0001108,C000266,2025-07-07,Accessories,304.91,4,0,1
ORD0001109,C000267,2025-04-27,Fragrance,186.75,3,0,0
ORD0001110,C000267,2024-10-29,Accessories,75.61,4,0,0
ORD0001111,C000267,2025-12-16,Fragrance,198.57,3,0,0
ORD0001112,C000267,2024-11-11,Beauty,50.0,4,0,0
ORD0001113,C000267,2025-06-07,Fragrance,60.08,4,0,0
ORD0001114,C000267,2025-04-12,RTW,116.53,4,0,0
ORD0001115,C000267,2024-10-20,RTW,133.18,2,0,0
ORD0001116,C000267,2025-01-13,Beauty,188.6,6,0,0
ORD0001117,C000267,2025-09-03,Accessories,111.04,4,0,0
ORD0001118,C000267,2024-12-10,Beauty,357.22,5,0,0
ORD0001119,C000267,2024-10-09,RTW,247.5,3,0,0
ORD0001120,C000269,2025-09-01,Beauty,195.67,5,0,0
ORD0001121,C000269,2024-09-11,Beauty,105.95,4,0,1
ORD0001122,C000269,2024-11-14,Accessories,787.95,2,1,1
ORD0001123,C000270,2025-09-12,Accessories,284.61,4,0,1
ORD0001124,C000270,2024-10-10,Beauty,86.68,4,0,0
ORD0001125,C000270,2025-08-15,Fragrance,851.98,3,0,1
ORD0001126,C000270,2025-09-04,RTW,94.63,1,0,0
ORD0001127,C000270,2025-08-20,RTW,184.91,2,0,0
ORD0001128,C000270,2025-07-04,RTW,554.1,4,0,1
ORD0001129,C000270,2024-11-27,RTW,305.07,4,0,0
ORD0001130,C000270,2025-12-19,Accessories,216.96,2,0,0
ORD0001131,C000270,2025-05-15,Beauty,149.44,6,0,0
ORD0001132,C000270,2025-08-15,Beauty,452.96,1,0,0
ORD0001133,C000271,2025-02-22,Fragrance,64.93,6,0,0
ORD0001134,C000271,2025-01-13,Fragrance,791.4,3,0,0
ORD0001135,C000271,2024-12-24,Fragrance,146.0,6,0,0
ORD0001136,C000271,2024-12-09,RTW,129.61,4,0,0
ORD0001137,C000271,2025-06-13,Fragrance,771.3,5,0,0
ORD0001138,C000271,2025-07-22,Fragrance,50.0,3,0,0
ORD0001139,C000271,2024-09-01,Beauty,311.15,5,0,0
ORD0001140,C000272,2025-11-18,Beauty,150.1,4,0,1
ORD0001141,C000272,2024-12-11,Fragrance,411.26,2,0,1
ORD0001142,C000272,2025-10-24,Accessories,545.2,4,0,1
ORD0001143,C000272,2026-01-14,Accessories,99.79,4,1,1
ORD0001144,C000272,2025-07-24,Accessories,1423.67,3,0,1
ORD0001145,C000272,2025-11-23,RTW,522.27,4,0,0
ORD0001146,C000272,2024-11-24,Beauty,146.27,4,0,1
ORD0001147,C000272,2026-01-20,Accessories,203.36,1,0,1
ORD0001148,C000272,2024-12-29,RTW,198.04,2,0,1
ORD0001149,C000272,2024-09-28,Fragrance,418.32,2,0,1
ORD0001150,C000273,2024-09-14,Accessories,774.05,4,0,0
ORD0001151,C000274,2025-02-05,Fragrance,50.0,6,1,0
ORD0001152,C000275,2025-01-03,Beauty,50.0,4,0,0
ORD0001153,C000275,2024-11-24,Accessories,135.96,4,0,0
ORD0001154,C000275,2025-02-05,RTW,50.0,3,0,0
ORD0001155,C000276,2026-01-03,RTW,56.99,3,0,0
ORD0001156,C000276,2025-11-03,Fragrance,163.19,6,0,0
ORD0001157,C000276,2025-11-07,Fragrance,530.1,3,0,0
ORD0001158,C000276,2025-10-26,RTW,62.55,4,0,0
ORD0001159,C000276,2025-05-28,Beauty,468.76,7,0,0
ORD0001160,C000277,2025-03-06,Beauty,823.13,4,0,1
ORD0001161,C000277,2024-10-25,Accessories,441.84,4,0,1
ORD0001162,C000277,2026-01-20,Accessories,1700.57,2,0,1
ORD0001163,C000277,2026-01-02,Beauty,563.68,6,0,1
ORD0001164,C000280,2024-09-03,Beauty,183.69,1,0,0
ORD0001165,C000280,2024-12-29,Accessories,315.89,4,0,0
ORD0001166,C000280,2025-12-12,Beauty,118.01,6,0,0
ORD0001167,C000280,2024-08-19,Accessories,392.89,3,0,0
ORD0001168,C000281,2025-04-05,Beauty,311.58,3,0,1
ORD0001169,C000281,2025-02-25,Beauty,50.0,7,0,0
ORD0001170,C000281,2025-11-13,Beauty,885.41,4,0,0
ORD0001171,C000281,2026-01-25,Beauty,246.48,6,0,0
ORD0001172,C000282,2025-08-03,Beauty,105.24,5,0,1
ORD0001173,C000282,2025-07-27,Accessories,114.84,4,0,0
ORD0001174,C000282,2024-09-12,Beauty,169.02,5,0,1
ORD0001175,C000282,2025-10-04,RTW,109.16,4,1,1
ORD0001176,C000282,2026-01-06,Accessories,335.56,4,0,1
ORD0001177,C000282,2024-11-16,Fragrance,179.91,1,1,0
ORD0001178,C000282,2025-01-18,Fragrance,316.63,3,0,1
ORD0001179,C000283,2024-10-02,Fragrance,137.3,3,1,1
ORD0001180,C000283,2024-11-24,Beauty,448.41,6,1,1
ORD0001181,C000283,2025-01-29,Accessories,501.43,4,0,0
ORD0001182,C000283,2025-05-26,Accessories,510.48,4,0,0
ORD0001183,C000283,2025-09-29,Accessories,382.57,4,1,1
ORD0001184,C000283,2025-07-23,RTW,1792.91,2,0,1
ORD0001185,C000284,2025-01-13,Accessories,143.49,3,0,0
ORD0001186,C000284,2025-07-25,RTW,673.55,4,0,1
ORD0001187,C000284,2025-12-21,Accessories,100.7,4,0,1
ORD0001188,C000284,2025-09-16,Beauty,136.79,5,0,1
ORD0001189,C000284,2025-01-15,Fragrance,218.43,3,1,0
ORD0001190,C000284,2025-10-07,RTW,81.17,4,0,1
ORD0001191,C000285,2026-01-21,Beauty,219.05,2,0,0
ORD0001192,C000285,2025-03-09,RTW,671.86,2,0,0
ORD0001193,C000285,2025-06-26,Accessories,1375.06,4,0,0
ORD0001194,C000285,2024-09-27,Fragrance,207.9,3,0,0
ORD0001195,C000285,2025-11-19,Fragrance,100.27,4,0,0
ORD0001196,C000286,2024-08-26,Fragrance,258.67,3,0,0
ORD0001197,C000287,2024-09-28,RTW,648.66,4,0,0
ORD0001198,C000288,2025-08-15,Accessories,171.72,4,0,1
ORD0001199,C000288,2025-01-25,RTW,1426.82,3,0,1
ORD0001200,C000288,2024-12-10,Beauty,329.04,6,1,1
ORD0001201,C000288,2025-03-08,RTW,57.8,2,0,1
ORD0001202,C000288,2025-01-13,Accessories,284.74,4,0,1
ORD0001203,C000288,2025-06-14,RTW,216.4,2,0,1
ORD0001204,C000288,2024-08-27,Beauty,195.53,3,0,1
ORD0001205,C000288,2025-08-22,Beauty,571.35,2,0,1
ORD0001206,C000288,2024-09-08,Fragrance,458.11,2,0,1
ORD0001207,C000290,2025-12-30,Fragrance,314.04,4,0,0
ORD0001208,C000290,2025-09-03,Fragrance,562.29,5,0,1
ORD0001209,C000290,2025-04-21,Beauty,95.61,4,0,0
ORD0001210,C000291,2025-02-15,Accessories,692.04,3,0,1
ORD0001211,C000291,2025-03-02,Accessories,250.63,4,0,0
ORD0001212,C000291,2024-10-06,Beauty,761.07,4,0,1
ORD0001213,C000292,2025-09-12,Beauty,119.65,2,0,0
ORD0001214,C000293,2024-09-16,Beauty,115.72,2,0,0
ORD0001215,C000293,2025-11-27,Accessories,74.83,1,0,0
ORD0001216,C000293,2025-04-28,RTW,193.17,4,0,0
ORD0001217,C000294,2025-06-11,Beauty,1013.08,4,0,0
ORD0001218,C000294,2025-05-30,Beauty,50.0,3,0,0
ORD0001219,C000294,2025-03-23,Fragrance,145.55,5,0,0
ORD0001220,C000294,2024-12-05,RTW,538.64,3,0,0
ORD0001221,C000294,2025-07-22,Accessories,227.22,4,0,0
ORD0001222,C000294,2025-09-10,Beauty,134.57,1,0,0
ORD0001223,C000294,2025-07-20,Beauty,98.32,2,0,0
ORD0001224,C000295,2025-03-08,Fragrance,90.99,3,0,0
ORD0001225,C000295,2024-08-16,RTW,282.28,4,0,0
ORD0001226,C000295,2025-04-07,Beauty,114.11,5,0,0
ORD0001227,C000295,2025-02-19,Fragrance,135.19,4,0,0
ORD0001228,C000295,2024-09-09,Fragrance,222.67,3,0,0
ORD0001229,C000296,2025-04-28,Accessories,1629.99,3,0,1
ORD0001230,C000296,2025-02-15,RTW,426.19,2,0,1
ORD0001231,C000296,2025-05-17,Accessories,231.76,2,0,1
ORD0001232,C000296,2024-12-24,Accessories,342.39,4,1,1
ORD0001233,C000297,2025-05-15,RTW,657.79,2,0,1
ORD0001234,C000297,2025-04-22,Accessories,248.0,4,0,1
ORD0001235,C000297,2025-05-03,Fragrance,99.83,2,1,1
ORD0001236,C000297,2024-09-16,Fragrance,268.01,4,0,1
ORD0001237,C000297,2024-12-30,Beauty,101.04,5,0,1
ORD0001238,C000297,2025-09-27,Accessories,1681.34,4,0,1
ORD0001239,C000298,2025-12-06,Fragrance,278.82,5,1,1
ORD0001240,C000298,2025-10-12,RTW,611.16,4,0,1
ORD0001241,C000300,2025-10-24,Beauty,291.98,6,0,1
ORD0001242,C000300,2025-07-05,Beauty,342.27,3,1,1
ORD0001243,C000300,2025-11-30,RTW,697.16,3,1,1
ORD0001244,C000300,2025-04-22,Accessories,527.13,4,0,1
ORD0001245,C000300,2025-06-19,RTW,316.6,4,0,1
ORD0001246,C000300,2025-05-02,Accessories,243.27,4,0,1
ORD0001247,C000301,2025-06-02,Fragrance,50.0,2,0,0
ORD0001248,C000301,2025-03-12,Beauty,685.33,3,0,1
ORD0001249,C000301,2025-01-03,RTW,776.14,4,0,0
ORD0001250,C000302,2025-08-19,Accessories,109.8,4,1,1
ORD0001251,C000302,2025-04-29,RTW,116.14,4,0,1
ORD0001252,C000302,2025-05-23,RTW,454.53,4,0,1
ORD0001253,C000303,2024-10-17,Beauty,100.11,3,0,0
ORD0001254,C000303,2025-06-19,Beauty,505.17,5,0,1
ORD0001255,C000303,2025-03-21,Fragrance,159.19,4,0,0
ORD0001256,C000303,2024-12-31,Accessories,100.21,2,0,1
ORD0001257,C000304,2025-11-08,Beauty,149.38,4,0,0
ORD0001258,C000304,2025-08-30,RTW,279.07,4,0,0
ORD0001259,C000304,2025-01-06,Beauty,151.42,4,1,0
ORD0001260,C000304,2025-07-04,Fragrance,79.82,5,0,0
ORD0001261,C000304,2024-08-12,Beauty,59.52,3,0,1
ORD0001262,C000304,2024-08-29,Beauty,370.31,1,0,0
ORD0001263,C000304,2025-07-04,Beauty,97.53,4,0,0
ORD0001264,C000304,2025-01-09,RTW,124.45,3,0,0
ORD0001265,C000306,2025-06-21,Fragrance,294.89,2,0,0
ORD0001266,C000308,2025-05-21,Fragrance,250.48,3,0,0
ORD0001267,C000308,2025-01-07,Beauty,141.88,3,0,0
ORD0001268,C000308,2026-01-06,Accessories,190.26,4,0,0
ORD0001269,C000308,2025-11-25,Beauty,457.3,2,0,0
ORD0001270,C000308,2024-12-28,RTW,381.14,4,0,1
ORD0001271,C000308,2026-01-10,Accessories,88.95,4,0,0
ORD0001272,C000309,2024-11-22,Accessories,688.64,4,1,1
ORD0001273,C000309,2025-06-10,Beauty,544.11,4,0,0
ORD0001274,C000309,2025-05-09,Accessories,750.41,4,0,1
ORD0001275,C000309,2024-08-19,Fragrance,260.31,2,0,1
ORD0001276,C000311,2025-12-24,Accessories,139.42,2,0,1
ORD0001277,C000311,2025-06-10,Accessories,899.88,4,1,0
ORD0001278,C000311,2025-10-28,Beauty,238.28,4,0,1
ORD0001279,C000311,2025-05-19,Beauty,610.3,4,1,0
ORD0001280,C000311,2024-10-24,Fragrance,508.5,3,0,1
ORD0001281,C000311,2024-11-10,RTW,462.37,4,0,0
ORD0001282,C000311,2025-06-10,Beauty,209.6,4,0,1
ORD0001283,C000311,2025-11-23,Fragrance,215.9,1,0,1
ORD0001284,C000313,2025-12-08,Fragrance,437.59,4,0,1
ORD0001285,C000313,2025-08-03,Fragrance,509.66,2,0,1
ORD0001286,C000313,2024-11-23,RTW,293.48,4,0,1
ORD0001287,C000313,2025-07-14,Accessories,778.99,4,0,1
ORD0001288,C000313,2025-10-19,RTW,573.28,1,0,1
ORD0001289,C000313,2025-09-25,Accessories,514.07,3,0,1
ORD0001290,C000313,2025-01-18,RTW,105.97,3,0,1
ORD0001291,C000313,2025-07-23,Beauty,381.85,3,0,1
ORD0001292,C000313,2025-08-08,Fragrance,739.76,5,0,1
ORD0001293,C000315,2026-01-09,Accessories,124.73,4,0,0
ORD0001294,C000315,2024-12-23,Fragrance,77.95,4,0,1
ORD0001295,C000315,2025-08-24,Fragrance,1288.29,5,0,1
ORD0001296,C000316,2025-01-19,RTW,211.8,4,0,0
ORD0001297,C000316,2025-05-24,RTW,430.34,3,0,0
ORD0001298,C000317,2025-05-21,Fragrance,50.0,5,0,1
ORD0001299,C000317,2025-12-18,Beauty,373.32,5,1,1
ORD0001300,C000317,2026-01-30,Fragrance,233.6,3,0,1
ORD0001301,C000317,2024-09-16,Beauty,173.88,3,0,1
ORD0001302,C000317,2024-12-13,RTW,232.9,4,0,1
ORD0001303,C000317,2024-08-16,Accessories,309.56,4,0,1
ORD0001304,C000317,2024-12-12,RTW,393.12,4,0,1
ORD0001305,C000317,2024-12-09,RTW,242.92,3,0,0
ORD0001306,C000317,2025-09-23,RTW,385.03,4,0,1
ORD0001307,C000317,2025-01-19,Accessories,298.95,3,0,1
ORD0001308,C000317,2024-12-04,Fragrance,223.75,4,0,1
ORD0001309,C000319,2026-01-06,RTW,782.48,1,0,1
ORD0001310,C000319,2026-01-14,Beauty,592.08,2,0,0
ORD0001311,C000319,2025-09-02,Beauty,521.31,3,0,0
ORD0001312,C000319,2025-09-09,Fragrance,102.98,3,0,1
ORD0001313,C000319,2025-05-25,Beauty,331.44,4,0,0
ORD0001314,C000319,2024-11-07,Accessories,231.49,4,0,1
ORD0001315,C000319,2024-10-11,Beauty,406.64,7,0,1
ORD0001316,C000319,2025-09-19,Fragrance,201.15,6,0,1
ORD0001317,C000320,2025-09-03,Accessories,378.53,2,0,0
ORD0001318,C000320,2025-04-03,RTW,1028.69,4,0,1
ORD0001319,C000320,2024-12-31,Accessories,214.65,2,0,0
ORD0001320,C000320,2025-11-12,RTW,833.85,3,0,1
ORD0001321,C000321,2024-08-24,Beauty,88.75,6,0,1
ORD0001322,C000321,2024-09-27,RTW,1884.24,4,1,0
ORD0001323,C000321,2025-03-19,Beauty,79.09,4,0,0
ORD0001324,C000321,2025-10-19,Fragrance,121.88,2,0,0
ORD0001325,C000321,2025-04-29,Accessories,79.25,4,1,0
ORD0001326,C000321,2024-08-15,RTW,191.84,3,0,0
ORD0001327,C000321,2025-02-22,Beauty,647.65,6,0,0
ORD0001328,C000321,2025-03-02,Fragrance,674.12,4,0,1
ORD0001329,C000321,2024-08-19,Fragrance,108.81,7,0,0
ORD0001330,C000322,2024-09-18,Beauty,322.26,4,0,1
ORD0001331,C000322,2024-08-30,Accessories,132.85,1,1,0
ORD0001332,C000322,2025-01-09,Accessories,554.61,4,0,1
ORD0001333,C000322,2025-05-02,RTW,86.15,4,0,1
ORD0001334,C000322,2025-07-13,Beauty,206.45,3,1,1
ORD0001335,C000322,2024-12-23,Accessories,455.62,4,0,1
ORD0001336,C000322,2026-01-18,Fragrance,101.63,4,0,1
ORD0001337,C000322,2025-07-16,Accessories,1574.91,3,0,1
ORD0001338,C000323,2025-08-28,RTW,96.73,2,0,1
ORD0001339,C000323,2025-06-29,Beauty,316.87,4,1,1
ORD0001340,C000323,2025-12-23,RTW,435.76,4,0,1
ORD0001341,C000323,2025-11-24,Fragrance,124.84,4,0,0
ORD0001342,C000323,2025-08-14,Beauty,2255.89,7,0,1
ORD0001343,C000323,2025-11-10,Fragrance,453.97,4,0,1
ORD0001344,C000323,2025-02-14,Beauty,631.74,6,0,0
ORD0001345,C000323,2024-10-07,Accessories,526.01,4,0,1
ORD0001346,C000323,2025-02-26,Accessories,443.89,3,0,1
ORD0001347,C000323,2025-08-24,Fragrance,545.46,3,0,1
ORD0001348,C000325,2024-08-16,RTW,178.6,3,0,1
ORD0001349,C000326,2025-05-24,Beauty,108.46,3,0,1
ORD0001350,C000326,2024-09-23,Beauty,166.59,2,0,0
ORD0001351,C000326,2025-03-29,Fragrance,109.26,4,0,0
ORD0001352,C000327,2024-12-12,Fragrance,270.9,1,1,0
ORD0001353,C000327,2025-05-12,Accessories,86.07,4,1,1
ORD0001354,C000328,2025-06-16,Fragrance,146.12,3,0,1
ORD0001355,C000328,2025-05-21,Accessories,184.77,3,0,1
ORD0001356,C000328,2025-10-22,Accessories,811.61,4,0,1
ORD0001357,C000329,2024-12-04,Beauty,229.49,3,0,0
ORD0001358,C000329,2025-02-25,Beauty,183.06,3,0,0
ORD0001359,C000329,2024-09-25,Beauty,72.83,7,0,0
ORD0001360,C000329,2025-03-15,Beauty,127.64,6,0,1
ORD0001361,C000329,2024-12-11,Fragrance,63.57,2,0,0
ORD0001362,C000329,2024-10-03,RTW,134.12,4,0,0
ORD0001363,C000330,2025-01-16,Fragrance,1005.37,3,1,1
ORD0001364,C000330,2024-09-14,Fragrance,166.82,3,0,1
ORD0001365,C000330,2025-06-25,Accessories,198.54,2,0,0
ORD0001366,C000330,2025-04-12,Accessories,448.5,4,0,0
ORD0001367,C000330,2025-02-20,RTW,190.76,3,0,1
ORD0001368,C000330,2025-01-10,Beauty,273.3,2,0,1
ORD0001369,C000331,2025-11-07,Accessories,1200.2,3,0,1
ORD0001370,C000331,2024-11-18,Fragrance,627.13,4,0,0
ORD0001371,C000331,2025-08-28,Fragrance,50.0,1,0,1
ORD0001372,C000331,2025-08-02,RTW,73.12,4,1,0
ORD0001373,C000333,2025-01-20,Fragrance,113.34,4,0,0
ORD0001374,C000333,2025-01-30,Beauty,143.95,2,0,0
ORD0001375,C000333,2025-08-14,Fragrance,179.5,3,0,0
ORD0001376,C000333,2025-12-22,RTW,317.01,4,0,0
ORD0001377,C000333,2025-12-21,RTW,335.12,2,0,0
ORD0001378,C000333,2025-07-18,Fragrance,505.39,4,0,0
ORD0001379,C000333,2024-09-15,Fragrance,188.13,4,1,0
ORD0001380,C000334,2024-08-10,Beauty,342.82,4,1,0
ORD0001381,C000334,2025-09-11,Beauty,230.52,4,1,0
ORD0001382,C000334,2025-05-09,RTW,558.85,4,0,0
ORD0001383,C000334,2024-08-21,Accessories,530.16,1,1,0
ORD0001384,C000335,2025-04-15,Fragrance,65.09,6,1,0
ORD0001385,C000335,2025-08-17,Fragrance,71.56,1,0,0
ORD0001386,C000336,2025-01-28,Accessories,485.1,3,0,1
ORD0001387,C000336,2024-12-16,Beauty,80.82,2,0,0
ORD0001388,C000336,2025-03-20,Accessories,477.02,4,0,1
ORD0001389,C000336,2024-10-15,Accessories,531.31,1,0,1
ORD0001390,C000336,2025-11-10,Accessories,1454.86,4,1,0
ORD0001391,C000336,2025-09-01,Beauty,218.68,3,1,1
ORD0001392,C000336,2025-08-31,RTW,51.99,4,0,1
ORD0001393,C000336,2025-02-24,Accessories,1383.84,4,0,0
ORD0001394,C000336,2024-09-24,Accessories,127.61,3,0,1
ORD0001395,C000336,2025-03-27,Beauty,234.81,3,0,1
ORD0001396,C000337,2024-10-03,Accessories,464.69,4,0,1
ORD0001397,C000337,2024-12-26,Accessories,205.34,3,0,1
ORD0001398,C000337,2025-12-29,Fragrance,135.87,4,0,0
ORD0001399,C000337,2024-12-28,RTW,855.43,3,0,0
ORD0001400,C000338,2024-12-19,Beauty,74.65,7,0,0
ORD0001401,C000338,2024-10-27,Fragrance,449.73,3,0,1
ORD0001402,C000338,2024-11-24,Beauty,303.15,7,0,0
ORD0001403,C000339,2025-07-26,Beauty,321.38,6,1,1
ORD0001404,C000339,2025-05-19,RTW,600.73,3,0,1
ORD0001405,C000340,2025-02-22,Fragrance,171.79,4,0,0
ORD0001406,C000340,2025-05-30,Accessories,810.46,2,0,1
ORD0001407,C000340,2025-04-21,Accessories,353.38,3,0,1
ORD0001408,C000340,2024-11-29,RTW,1459.48,4,1,1
ORD0001409,C000340,2025-01-26,Beauty,174.43,6,0,1
ORD0001410,C000340,2025-01-14,Accessories,224.05,4,0,1
ORD0001411,C000340,2024-09-04,Accessories,265.37,4,0,1
ORD0001412,C000341,2024-08-31,Accessories,50.0,4,0,0
ORD0001413,C000341,2025-07-13,Fragrance,204.06,4,0,0
ORD0001414,C000341,2025-12-21,Accessories,50.0,4,0,0
ORD0001415,C000341,2025-04-08,Fragrance,75.44,3,0,0
ORD0001416,C000341,2025-12-16,Beauty,204.69,6,0,1
ORD0001417,C000341,2025-11-27,RTW,305.75,4,0,0
ORD0001418,C000341,2024-10-13,Beauty,312.16,1,0,0
ORD0001419,C000342,2025-06-08,Beauty,90.91,4,0,0
ORD0001420,C000342,2025-06-16,Beauty,107.6,2,0,0
ORD0001421,C000342,2025-12-22,Fragrance,419.2,2,0,0
ORD0001422,C000343,2025-05-15,RTW,397.1,4,0,1
ORD0001423,C000343,2025-06-10,Accessories,385.97,4,1,0
ORD0001424,C000343,2024-10-27,Fragrance,632.87,4,0,1
ORD0001425,C000343,2025-12-13,Fragrance,472.04,1,0,0
ORD0001426,C000343,2025-04-25,Fragrance,563.4,3,0,0
ORD0001427,C000343,2024-11-30,Accessories,298.13,4,1,0
ORD0001428,C000343,2025-03-23,RTW,883.54,4,0,0
ORD0001429,C000344,2024-09-09,Accessories,168.7,3,0,0
ORD0001430,C000344,2025-04-11,Beauty,176.81,7,0,0
ORD0001431,C000345,2024-12-28,Beauty,146.31,3,0,1
ORD0001432,C000345,2025-07-09,RTW,127.8,3,1,1
ORD0001433,C000346,2025-02-28,Fragrance,876.89,3,0,0
ORD0001434,C000346,2026-01-09,Beauty,190.86,2,1,0
ORD0001435,C000347,2025-05-11,Fragrance,73.66,5,0,0
ORD0001436,C000348,2025-05-12,Beauty,185.33,4,0,0
ORD0001437,C000348,2025-07-06,Accessories,315.7,4,0,0
ORD0001438,C000348,2025-04-10,Fragrance,583.65,8,0,0
ORD0001439,C000349,2025-11-21,Accessories,50.0,4,1,0
ORD0001440,C000349,2025-09-28,Accessories,125.45,4,0,1
ORD0001441,C000349,2025-05-30,Fragrance,79.73,3,1,0
ORD0001442,C000349,2025-04-29,Fragrance,89.29,4,0,0
ORD0001443,C000350,2024-10-25,RTW,152.48,4,0,0
ORD0001444,C000350,2024-10-11,Fragrance,476.14,4,0,0
ORD0001445,C000350,2025-04-21,Fragrance,407.96,3,0,1
ORD0001446,C000350,2025-10-28,RTW,1356.5,4,0,1
ORD0001447,C000350,2025-07-21,Fragrance,229.43,4,0,1
ORD0001448,C000350,2026-01-12,RTW,360.0,4,0,0
ORD0001449,C000351,2025-11-03,Fragrance,50.0,6,0,0
ORD0001450,C000351,2025-02-14,RTW,164.85,4,0,0
ORD0001451,C000351,2025-07-16,Beauty,155.35,6,0,0
ORD0001452,C000351,2025-02-05,Fragrance,298.68,5,1,0
ORD0001453,C000352,2024-11-14,Beauty,136.65,1,1,0
ORD0001454,C000352,2024-12-14,Accessories,50.0,3,0,1
ORD0001455,C000352,2024-09-22,Beauty,89.62,4,0,0
ORD0001456,C000352,2025-11-23,Accessories,188.63,3,0,0
ORD0001457,C000353,2024-09-11,Fragrance,183.41,6,0,1
ORD0001458,C000353,2025-03-07,RTW,178.51,4,0,1
ORD0001459,C000353,2025-12-19,RTW,680.11,3,1,1
ORD0001460,C000353,2025-02-01,RTW,165.9,2,1,1
ORD0001461,C000354,2025-01-14,Beauty,110.88,5,0,0
ORD0001462,C000354,2026-01-23,Fragrance,175.44,2,0,0
ORD0001463,C000354,2025-11-04,RTW,103.71,4,0,0
ORD0001464,C000354,2024-08-15,Accessories,58.63,4,0,0
ORD0001465,C000354,2025-09-13,Fragrance,150.29,6,0,0
ORD0001466,C000354,2025-02-16,Beauty,228.0,6,1,0
ORD0001467,C000355,2025-03-12,Beauty,50.0,3,0,0
ORD0001468,C000355,2024-11-21,Fragrance,50.0,5,0,0
ORD0001469,C000355,2025-12-05,RTW,155.91,3,0,0
ORD0001470,C000355,2025-09-12,Fragrance,94.89,3,0,0
ORD0001471,C000356,2025-08-27,Accessories,109.18,4,0,0
ORD0001472,C000356,2025-11-15,Accessories,407.33,3,0,1
ORD0001473,C000356,2024-09-07,Fragrance,631.15,5,0,1
ORD0001474,C000357,2026-01-07,Accessories,209.58,4,1,1
ORD0001475,C000357,2025-07-25,Beauty,135.33,1,0,0
ORD0001476,C000357,2024-08-11,Accessories,973.2,3,0,0
ORD0001477,C000358,2025-01-24,Fragrance,464.06,3,1,0
ORD0001478,C000358,2025-02-23,Beauty,230.45,6,0,0
ORD0001479,C000358,2025-06-27,Beauty,52.82,3,0,1
ORD0001480,C000358,2025-12-11,Beauty,72.97,3,0,0
ORD0001481,C000358,2025-11-10,Beauty,135.13,4,0,0
ORD0001482,C000358,2025-04-01,Accessories,67.56,3,0,0
ORD0001483,C000358,2025-10-20,Fragrance,68.19,2,0,0
ORD0001484,C000358,2025-12-20,Accessories,99.77,2,0,0
ORD0001485,C000359,2025-10-27,RTW,477.51,4,0,1
ORD0001486,C000359,2025-12-08,RTW,392.23,4,0,1
ORD0001487,C000359,2026-01-26,Fragrance,534.33,5,1,0
ORD0001488,C000359,2024-10-07,Beauty,117.55,3,0,1
ORD0001489,C000359,2025-10-13,Beauty,209.34,3,0,0
ORD0001490,C000359,2025-05-22,Fragrance,276.81,3,1,1
ORD0001491,C000359,2025-10-16,Fragrance,200.49,5,0,1
ORD0001492,C000359,2025-06-21,Beauty,188.55,5,0,1
ORD0001493,C000360,2024-08-27,Accessories,389.81,3,0,1
ORD0001494,C000360,2024-08-13,Fragrance,904.75,2,0,1
ORD0001495,C000361,2025-07-22,RTW,147.39,4,0,1
ORD0001496,C000361,2024-11-16,Accessories,518.68,2,0,1
ORD0001497,C000361,2025-07-17,Fragrance,348.81,2,0,1
ORD0001498,C000361,2025-09-13,Fragrance,381.2,3,0,1
ORD0001499,C000361,2025-04-11,Accessories,903.36,4,0,1
ORD0001500,C000361,2025-09-25,Fragrance,381.47,6,0,1
ORD0001501,C000362,2024-09-08,Fragrance,318.96,3,1,1
ORD0001502,C000362,2025-07-19,RTW,309.61,3,0,1
ORD0001503,C000362,2025-07-26,Accessories,182.6,4,0,1
ORD0001504,C000362,2025-05-21,RTW,158.8,4,0,1
ORD0001505,C000362,2025-05-20,Fragrance,272.23,5,0,1
ORD0001506,C000362,2024-12-22,Fragrance,1200.53,2,0,1
ORD0001507,C000362,2025-10-07,Beauty,456.8,4,0,1
ORD0001508,C000362,2025-10-09,Beauty,632.0,3,0,1
ORD0001509,C000362,2025-10-13,Accessories,178.5,4,0,1
ORD0001510,C000363,2025-09-02,Fragrance,147.69,6,0,0
ORD0001511,C000363,2025-01-18,Beauty,234.99,6,0,0
ORD0001512,C000363,2024-08-17,Fragrance,64.36,5,0,0
ORD0001513,C000363,2025-07-08,Beauty,50.0,2,0,0
ORD0001514,C000363,2024-12-28,Beauty,136.62,5,0,0
ORD0001515,C000363,2025-05-27,Beauty,181.79,4,0,0
ORD0001516,C000364,2024-11-09,Accessories,1263.94,4,1,1
ORD0001517,C000364,2024-10-13,RTW,535.29,4,0,0
ORD0001518,C000364,2025-11-30,Accessories,156.79,4,0,0
ORD0001519,C000364,2025-07-06,Fragrance,959.11,4,0,0
ORD0001520,C000364,2025-09-08,RTW,330.66,2,0,1
ORD0001521,C000364,2026-01-16,RTW,539.98,4,0,0
ORD0001522,C000365,2025-11-25,Fragrance,205.59,5,0,1
ORD0001523,C000366,2025-06-15,Fragrance,171.86,2,0,0
ORD0001524,C000366,2025-04-23,Beauty,443.72,6,0,0
ORD0001525,C000366,2025-04-29,Beauty,61.59,3,0,0
ORD0001526,C000366,2025-09-16,Fragrance,139.36,3,1,0
ORD0001527,C000366,2024-09-20,Beauty,158.3,5,0,0
ORD0001528,C000366,2024-08-27,RTW,115.44,2,0,0
ORD0001529,C000366,2025-05-01,RTW,118.48,3,0,0
ORD0001530,C000367,2025-10-21,Accessories,393.1,3,0,0
ORD0001531,C000367,2025-03-19,Accessories,379.05,1,0,1
ORD0001532,C000367,2025-10-13,Beauty,79.85,5,0,0
ORD0001533,C000367,2025-05-25,Beauty,134.17,1,0,0
ORD0001534,C000367,2025-07-27,Beauty,80.89,3,0,0
ORD0001535,C000367,2026-01-27,Beauty,1040.9,5,0,1
ORD0001536,C000368,2024-11-27,Fragrance,296.06,6,0,1
ORD0001537,C000369,2025-07-16,Accessories,145.81,4,0,1
ORD0001538,C000369,2024-11-21,Beauty,116.42,3,0,1
ORD0001539,C000369,2025-07-10,Accessories,694.19,4,0,1
ORD0001540,C000369,2025-01-30,Fragrance,886.48,5,1,1
ORD0001541,C000370,2025-07-14,Accessories,216.13,3,0,1
ORD0001542,C000370,2025-02-20,RTW,3489.05,2,0,1
ORD0001543,C000371,2025-02-23,Beauty,161.39,7,0,1
ORD0001544,C000371,2026-01-14,RTW,319.93,3,0,1
ORD0001545,C000371,2025-09-12,RTW,653.77,4,0,0
ORD0001546,C000371,2025-07-05,RTW,95.84,3,0,0
ORD0001547,C000372,2025-11-17,Accessories,779.33,1,1,0
ORD0001548,C000372,2024-11-05,Accessories,302.3,4,0,1
ORD0001549,C000372,2025-06-25,Beauty,238.18,2,0,1
ORD0001550,C000373,2025-05-13,Beauty,103.72,5,1,0
ORD0001551,C000373,2025-09-29,RTW,261.68,4,0,0
ORD0001552,C000373,2024-10-27,Fragrance,132.36,5,0,0
ORD0001553,C000374,2025-06-02,Accessories,579.76,4,0,1
ORD0001554,C000374,2025-05-19,Accessories,260.62,3,0,0
ORD0001555,C000375,2025-05-29,Fragrance,215.82,4,1,1
ORD0001556,C000375,2025-08-12,Accessories,480.84,4,0,1
ORD0001557,C000375,2026-01-24,Accessories,805.48,3,0,1
ORD0001558,C000375,2025-06-23,Accessories,309.61,1,0,0
ORD0001559,C000376,2025-10-20,Fragrance,108.7,3,1,0
ORD0001560,C000376,2025-04-21,Beauty,666.89,6,1,0
ORD0001561,C000376,2025-01-30,Beauty,208.46,4,0,0
ORD0001562,C000376,2025-08-15,Fragrance,186.57,3,1,0
ORD0001563,C000376,2026-01-09,Beauty,169.81,2,0,0
ORD0001564,C000376,2025-08-23,Beauty,815.97,3,0,1
ORD0001565,C000376,2025-07-31,Beauty,259.9,3,0,0
ORD0001566,C000376,2025-09-17,Fragrance,142.21,7,0,1
ORD0001567,C000376,2024-10-27,Beauty,360.58,2,0,0
ORD0001568,C000376,2025-10-02,Fragrance,841.52,8,0,0
ORD0001569,C000377,2025-01-20,Beauty,395.29,2,0,0
ORD0001570,C000377,2025-03-30,Fragrance,155.78,6,0,1
ORD0001571,C000377,2025-11-27,RTW,154.87,3,0,1
ORD0001572,C000379,2025-01-08,Accessories,330.87,2,1,1
ORD0001573,C000379,2025-08-04,Beauty,128.14,6,0,0
ORD0001574,C000379,2025-10-11,Accessories,1049.31,4,1,1
ORD0001575,C000379,2025-11-17,Accessories,111.78,2,0,1
ORD0001576,C000380,2025-06-10,RTW,376.63,4,0,1
ORD0001577,C000380,2024-08-16,Fragrance,183.04,3,0,0
ORD0001578,C000380,2025-02-27,Accessories,136.78,2,0,1
ORD0001579,C000381,2025-06-24,Beauty,189.03,4,0,0
ORD0001580,C000381,2024-11-01,Fragrance,254.91,3,0,0
ORD0001581,C000381,2025-06-25,RTW,50.0,2,0,0
ORD0001582,C000381,2026-01-10,Fragrance,384.12,3,0,0
ORD0001583,C000381,2024-10-11,Beauty,308.81,6,0,0
ORD0001584,C000382,2025-10-04,Fragrance,521.58,3,0,1
ORD0001585,C000382,2025-12-06,Beauty,474.91,1,0,0
ORD0001586,C000383,2025-10-07,Accessories,759.68,3,0,1
ORD0001587,C000383,2025-09-14,Accessories,321.04,3,1,1
ORD0001588,C000383,2025-06-07,Accessories,87.84,4,0,1
ORD0001589,C000383,2025-12-10,RTW,159.72,4,0,1
ORD0001590,C000386,2025-11-16,Accessories,246.41,3,0,0
ORD0001591,C000387,2025-02-17,Fragrance,70.02,4,0,0
ORD0001592,C000387,2025-05-08,Accessories,363.64,4,0,0
ORD0001593,C000387,2025-08-01,RTW,84.42,2,1,0
ORD0001594,C000387,2025-07-04,Fragrance,52.92,4,0,0
ORD0001595,C000387,2025-10-31,RTW,163.21,1,0,0
ORD0001596,C000387,2025-11-18,Beauty,121.22,5,0,0
ORD0001597,C000387,2025-11-09,Beauty,55.0,4,0,0
ORD0001598,C000389,2025-08-15,RTW,208.23,4,0,0
ORD0001599,C000390,2025-02-19,Fragrance,288.8,4,1,0
ORD0001600,C000391,2026-01-03,RTW,175.17,3,0,1
ORD0001601,C000391,2025-12-30,Accessories,292.2,4,1,1
ORD0001602,C000391,2025-11-08,Accessories,219.58,4,1,1
ORD0001603,C000391,2025-10-22,RTW,784.68,3,0,0
ORD0001604,C000391,2025-01-15,RTW,552.24,4,1,1
ORD0001605,C000391,2026-01-04,Beauty,540.14,8,0,0
ORD0001606,C000392,2025-03-16,Fragrance,693.56,3,0,0
ORD0001607,C000392,2024-09-01,Beauty,130.87,3,0,0
ORD0001608,C000392,2025-05-08,Fragrance,125.92,5,0,0
ORD0001609,C000392,2025-09-01,Beauty,120.02,3,0,0
ORD0001610,C000393,2024-09-29,Beauty,50.0,5,0,0
ORD0001611,C000393,2025-11-13,Accessories,390.15,2,0,0
ORD0001612,C000393,2025-04-10,Fragrance,368.35,4,0,0
ORD0001613,C000393,2025-03-15,Beauty,171.35,7,0,1
ORD0001614,C000393,2024-11-11,Fragrance,213.41,7,0,1
ORD0001615,C000394,2025-12-11,Accessories,325.16,4,1,1
ORD0001616,C000394,2025-05-24,Accessories,232.4,4,0,1
ORD0001617,C000394,2025-11-01,RTW,247.1,4,0,1
ORD0001618,C000394,2025-08-30,Accessories,396.78,4,0,1
ORD0001619,C000395,2025-06-03,Beauty,287.91,2,0,0
ORD0001620,C000395,2024-08-25,Beauty,230.85,4,0,0
ORD0001621,C000395,2025-12-11,Beauty,80.59,1,0,0
ORD0001622,C000395,2025-01-11,Beauty,90.15,6,0,0
ORD0001623,C000395,2025-12-21,Beauty,446.51,5,0,1
ORD0001624,C000396,2025-07-02,Accessories,1615.05,4,0,0
ORD0001625,C000396,2024-10-16,Accessories,157.2,2,0,0
ORD0001626,C000396,2026-01-13,Accessories,312.9,3,0,0
ORD0001627,C000396,2024-08-10,Accessories,64.29,3,0,1
ORD0001628,C000396,2025-05-01,Beauty,149.59,8,0,0
ORD0001629,C000396,2024-12-25,Beauty,56.07,5,0,0
ORD0001630,C000398,2026-01-25,RTW,534.31,3,0,0
ORD0001631,C000398,2025-08-02,Beauty,292.95,7,0,0
ORD0001632,C000398,2025-05-21,Fragrance,253.37,7,0,1
ORD0001633,C000399,2025-07-22,Fragrance,221.65,3,0,1
ORD0001634,C000399,2025-05-01,RTW,133.2,4,0,0
ORD0001635,C000399,2025-09-08,Accessories,231.79,3,0,0
ORD0001636,C000399,2025-04-03,Fragrance,114.61,5,0,0
ORD0001637,C000400,2025-03-22,RTW,441.29,4,0,1
ORD0001638,C000400,2025-05-27,Fragrance,380.36,5,0,0
ORD0001639,C000402,2025-09-19,Fragrance,398.32,4,0,0
ORD0001640,C000403,2024-11-15,Accessories,112.34,4,0,0
ORD0001641,C000403,2025-05-18,Fragrance,66.04,5,1,0
ORD0001642,C000403,2024-12-27,RTW,256.62,4,0,0
ORD0001643,C000403,2024-12-27,Beauty,208.23,3,0,0
ORD0001644,C000403,2025-01-13,RTW,980.78,2,0,0
ORD0001645,C000405,2025-12-18,Beauty,79.77,3,0,0
ORD0001646,C000405,2025-01-18,Beauty,226.51,3,0,0
ORD0001647,C000405,2025-04-05,RTW,382.96,4,0,0
ORD0001648,C000405,2026-01-07,Fragrance,345.34,3,0,0
ORD0001649,C000405,2025-03-21,RTW,85.71,4,0,0
ORD0001650,C000405,2025-04-08,Beauty,209.23,4,0,0
ORD0001651,C000406,2024-08-31,Fragrance,223.34,3,0,1
ORD0001652,C000407,2025-06-13,Beauty,522.01,5,0,1
ORD0001653,C000407,2024-09-05,Fragrance,114.09,4,0,0
ORD0001654,C000407,2025-04-23,RTW,453.85,4,0,0
ORD0001655,C000407,2024-10-11,Beauty,859.19,2,0,0
ORD0001656,C000408,2025-02-16,Accessories,569.91,4,1,1
ORD0001657,C000408,2025-12-03,Accessories,795.76,4,0,1
ORD0001658,C000409,2025-07-05,RTW,881.52,1,0,1
ORD0001659,C000409,2025-02-01,Accessories,147.15,4,0,1
ORD0001660,C000409,2025-03-14,Accessories,2374.83,4,0,1
ORD0001661,C000409,2025-06-17,Fragrance,222.96,1,0,1
ORD0001662,C000409,2025-10-30,Fragrance,596.85,6,1,1
ORD0001663,C000409,2024-08-10,Beauty,542.29,2,0,0
ORD0001664,C000409,2025-09-26,RTW,802.35,3,0,1
ORD0001665,C000409,2025-07-11,Fragrance,194.31,3,0,1
ORD0001666,C000409,2025-07-12,RTW,257.89,4,0,1
ORD0001667,C000409,2025-03-06,Fragrance,178.35,6,0,1
ORD0001668,C000410,2024-12-10,Fragrance,352.92,5,0,0
ORD0001669,C000410,2025-11-06,Beauty,188.97,1,0,0
ORD0001670,C000410,2024-08-31,RTW,840.49,4,0,0
ORD0001671,C000410,2024-12-28,Beauty,186.78,9,1,0
ORD0001672,C000410,2024-12-10,Beauty,50.0,5,0,0
ORD0001673,C000410,2024-08-11,Fragrance,571.56,5,0,1
ORD0001674,C000412,2025-07-25,RTW,845.61,2,0,1
ORD0001675,C000412,2025-12-31,Accessories,52.65,2,0,1
ORD0001676,C000412,2024-12-02,Accessories,451.75,4,1,1
ORD0001677,C000412,2024-08-12,Accessories,182.85,4,0,1
ORD0001678,C000412,2025-01-09,Fragrance,270.65,4,0,1
ORD0001679,C000413,2024-09-08,Accessories,740.12,2,0,1
ORD0001680,C000413,2025-09-30,Fragrance,235.33,6,0,0
ORD0001681,C000413,2026-01-27,Accessories,173.92,4,0,1
ORD0001682,C000414,2024-12-25,RTW,285.43,3,0,0
ORD0001683,C000415,2025-09-15,Beauty,164.98,4,0,1
ORD0001684,C000415,2025-11-19,Accessories,278.61,4,0,0
ORD0001685,C000415,2025-04-12,Accessories,124.01,4,1,0
ORD0001686,C000415,2025-06-08,Beauty,187.23,4,0,0
ORD0001687,C000415,2026-01-03,Fragrance,154.25,3,0,0
ORD0001688,C000415,2024-12-09,RTW,270.53,2,0,0
ORD0001689,C000415,2025-08-22,RTW,109.96,4,0,0
ORD0001690,C000415,2024-08-31,Fragrance,50.0,3,0,0
ORD0001691,C000415,2025-04-24,Fragrance,150.88,4,0,0
ORD0001692,C000415,2025-10-28,Beauty,468.64,7,0,1
ORD0001693,C000415,2025-04-04,RTW,352.06,3,0,0
ORD0001694,C000416,2025-12-18,Accessories,606.18,4,0,1
ORD0001695,C000416,2025-02-19,Accessories,130.19,3,0,0
ORD0001696,C000416,2024-11-18,RTW,347.36,4,0,1
ORD0001697,C000416,2025-12-14,RTW,496.97,4,0,1
ORD0001698,C000416,2025-09-21,RTW,239.64,4,0,1
ORD0001699,C000417,2025-12-18,Beauty,291.08,2,0,0
ORD0001700,C000417,2025-12-05,Accessories,630.78,4,0,1
ORD0001701,C000417,2024-12-27,RTW,537.5,4,0,1
ORD0001702,C000417,2026-01-03,Accessories,125.72,1,0,1
ORD0001703,C000417,2025-11-17,Beauty,246.07,7,0,1
ORD0001704,C000417,2025-10-20,RTW,249.81,3,0,1
ORD0001705,C000417,2025-05-15,Beauty,373.13,1,0,1
ORD0001706,C000417,2024-11-16,Fragrance,4001.95,4,0,1
ORD0001707,C000418,2025-10-11,Fragrance,50.0,2,0,1
ORD0001708,C000418,2024-11-22,RTW,617.86,4,0,1
ORD0001709,C000418,2025-09-06,RTW,79.68,4,0,0
ORD0001710,C000418,2025-05-05,Fragrance,1719.79,7,0,0
ORD0001711,C000418,2025-10-04,RTW,189.32,4,0,0
ORD0001712,C000418,2026-01-25,Fragrance,883.35,4,0,0
ORD0001713,C000418,2025-07-16,Accessories,721.13,4,0,1
ORD0001714,C000419,2025-09-13,Accessories,595.32,4,0,1
ORD0001715,C000419,2025-01-12,Fragrance,482.94,4,0,1
ORD0001716,C000419,2025-10-18,RTW,551.01,1,0,1
ORD0001717,C000419,2026-01-12,Accessories,181.31,4,0,1
ORD0001718,C000419,2025-01-18,Accessories,126.65,4,0,1
ORD0001719,C000421,2025-11-25,Beauty,465.51,5,0,0
ORD0001720,C000421,2025-07-28,Beauty,170.0,4,0,0
ORD0001721,C000421,2024-10-24,Fragrance,55.67,6,0,0
ORD0001722,C000421,2025-08-14,Accessories,737.93,4,0,0
ORD0001723,C000421,2024-11-26,Fragrance,359.04,3,0,0
ORD0001724,C000421,2025-01-11,Fragrance,132.52,5,0,0
ORD0001725,C000421,2024-10-20,Beauty,110.84,7,1,0
ORD0001726,C000421,2025-09-04,Beauty,254.96,2,0,0
ORD0001727,C000422,2025-01-02,RTW,228.51,4,0,1
ORD0001728,C000422,2025-09-02,Accessories,91.83,4,0,1
ORD0001729,C000423,2026-01-09,Fragrance,143.7,3,0,0
ORD0001730,C000423,2025-07-15,Fragrance,419.61,3,0,0
ORD0001731,C000423,2025-10-12,RTW,192.18,3,0,0
ORD0001732,C000423,2025-06-16,Accessories,50.0,4,0,0
ORD0001733,C000423,2024-11-16,RTW,133.75,1,0,0
ORD0001734,C000423,2025-12-05,Beauty,141.34,4,0,0
ORD0001735,C000423,2024-10-03,Accessories,275.24,4,0,0
ORD0001736,C000423,2024-10-19,Beauty,200.04,2,0,0
ORD0001737,C000424,2025-12-30,Beauty,323.84,4,0,0
ORD0001738,C000426,2025-06-23,RTW,350.87,4,0,0
ORD0001739,C000426,2025-06-11,Accessories,274.77,3,0,1
ORD0001740,C000426,2025-01-25,Fragrance,224.78,3,0,0
ORD0001741,C000427,2024-08-16,Beauty,207.34,7,0,0
ORD0001742,C000427,2026-01-13,Beauty,199.98,3,0,0
ORD0001743,C000427,2026-01-27,RTW,284.38,3,0,0
ORD0001744,C000428,2025-10-02,RTW,324.62,4,0,0
ORD0001745,C000428,2024-11-12,Beauty,223.41,3,0,0
ORD0001746,C000428,2025-09-02,RTW,648.98,4,0,0
ORD0001747,C000429,2025-09-02,Fragrance,233.23,1,0,1
ORD0001748,C000429,2025-01-04,Beauty,787.99,2,0,1
ORD0001749,C000429,2025-11-17,RTW,392.42,4,0,1
ORD0001750,C000429,2024-09-24,Beauty,178.49,7,0,1
ORD0001751,C000429,2025-09-03,RTW,1010.71,4,0,0
ORD0001752,C000430,2025-03-15,Accessories,95.6,4,0,0
ORD0001753,C000430,2025-09-29,RTW,275.71,1,0,1
ORD0001754,C000430,2025-05-02,Beauty,303.72,6,0,1
ORD0001755,C000431,2025-03-18,Beauty,50.0,6,0,0
ORD0001756,C000431,2025-12-20,Fragrance,50.0,3,0,0
ORD0001757,C000431,2025-08-15,Beauty,202.76,4,0,0
ORD0001758,C000431,2026-01-24,Accessories,797.96,4,0,0
ORD0001759,C000431,2024-12-26,Beauty,224.45,2,0,0
ORD0001760,C000433,2025-12-05,Accessories,273.5,4,1,0
ORD0001761,C000433,2024-12-30,Fragrance,384.15,3,0,1
ORD0001762,C000433,2025-07-17,RTW,239.87,1,0,1
ORD0001763,C000433,2026-01-04,RTW,573.77,3,1,1
ORD0001764,C000434,2024-08-08,Beauty,272.23,5,1,0
ORD0001765,C000434,2025-11-09,Beauty,85.54,2,0,0
ORD0001766,C000434,2025-03-07,Beauty,703.54,4,1,1
ORD0001767,C000434,2025-08-02,Beauty,136.66,6,0,0
ORD0001768,C000434,2024-11-03,Accessories,442.99,3,0,0
ORD0001769,C000435,2025-12-10,RTW,83.21,4,0,1
ORD0001770,C000436,2025-04-19,Beauty,1378.11,4,0,0
ORD0001771,C000436,2024-11-05,RTW,111.0,4,0,1
ORD0001772,C000436,2025-08-17,Fragrance,780.38,1,1,0
ORD0001773,C000436,2025-09-09,Accessories,213.13,4,0,0
ORD0001774,C000436,2024-12-05,Accessories,634.2,3,0,0
ORD0001775,C000436,2025-02-12,Beauty,308.01,4,1,0
ORD0001776,C000436,2024-09-14,Accessories,156.27,4,0,0
ORD0001777,C000436,2025-01-02,Fragrance,2200.48,5,0,0
ORD0001778,C000436,2025-11-23,Fragrance,321.94,6,0,1
ORD0001779,C000436,2024-12-20,Accessories,441.94,4,0,0
ORD0001780,C000437,2025-05-06,RTW,82.79,4,1,1
ORD0001781,C000437,2025-07-07,Fragrance,183.03,3,0,1
ORD0001782,C000437,2025-09-17,Fragrance,229.62,5,0,1
ORD0001783,C000437,2025-08-08,RTW,190.72,2,0,0
ORD0001784,C000437,2024-12-16,RTW,570.45,3,1,0
ORD0001785,C000437,2025-11-10,Accessories,838.57,4,0,1
ORD0001786,C000437,2025-08-15,RTW,296.75,2,0,1
ORD0001787,C000438,2025-08-16,Accessories,677.76,4,1,1
ORD0001788,C000438,2024-11-24,Beauty,207.01,4,0,0
ORD0001789,C000438,2025-03-11,RTW,244.17,4,0,0
ORD0001790,C000438,2025-02-11,Beauty,265.58,2,0,1
ORD0001791,C000438,2024-10-29,Beauty,260.71,7,1,0
ORD0001792,C000438,2025-04-02,Fragrance,1015.39,7,0,0
ORD0001793,C000438,2025-08-11,Accessories,189.1,3,0,1
ORD0001794,C000438,2025-09-08,RTW,223.31,3,0,1
ORD0001795,C000439,2025-12-17,RTW,199.68,4,0,0
ORD0001796,C000439,2025-04-23,Accessories,390.51,3,0,1
ORD0001797,C000439,2024-10-25,Beauty,50.0,2,0,0
ORD0001798,C000439,2025-10-18,RTW,381.5,3,0,0
ORD0001799,C000439,2025-09-07,Beauty,52.94,5,0,0
ORD0001800,C000439,2024-09-06,Accessories,461.53,4,0,0
ORD0001801,C000441,2025-07-23,RTW,50.0,3,1,0
ORD0001802,C000441,2025-10-28,Fragrance,141.63,5,0,0
ORD0001803,C000441,2025-07-28,Fragrance,97.73,4,1,0
ORD0001804,C000442,2024-08-17,Beauty,97.8,4,0,1
ORD0001805,C000442,2025-02-16,RTW,2564.42,3,0,0
ORD0001806,C000442,2024-11-08,Accessories,228.96,2,0,1
ORD0001807,C000443,2025-06-07,Fragrance,479.9,6,0,0
ORD0001808,C000444,2025-10-05,Accessories,124.38,4,0,1
ORD0001809,C000445,2025-03-10,Fragrance,219.02,5,0,1
ORD0001810,C000445,2024-10-27,RTW,1323.13,3,0,1
ORD0001811,C000445,2024-11-18,Fragrance,301.48,3,0,0
ORD0001812,C000446,2025-10-01,RTW,102.0,2,0,0
ORD0001813,C000446,2024-12-14,Fragrance,252.13,7,0,0
ORD0001814,C000447,2024-12-12,Fragrance,838.63,2,0,0
ORD0001815,C000447,2026-01-15,RTW,83.98,4,0,1
ORD0001816,C000447,2025-09-05,Fragrance,143.33,3,1,0
ORD0001817,C000447,2025-07-30,RTW,81.06,4,0,0
ORD0001818,C000447,2025-08-20,Beauty,122.04,4,1,0
ORD0001819,C000447,2025-01-21,Beauty,108.44,6,1,0
ORD0001820,C000447,2024-10-29,Beauty,171.9,5,0,0
ORD0001821,C000448,2024-12-12,Accessories,238.93,2,0,0
ORD0001822,C000448,2024-08-13,Accessories,312.12,4,0,0
ORD0001823,C000449,2025-11-17,RTW,214.71,4,0,1
ORD0001824,C000449,2024-12-19,Fragrance,474.88,2,0,0
ORD0001825,C000449,2025-12-21,RTW,509.19,4,0,0
ORD0001826,C000449,2025-05-01,Beauty,874.76,8,0,0
ORD0001827,C000449,2025-04-10,Accessories,867.66,4,0,0
ORD0001828,C000449,2025-08-21,Beauty,174.66,3,0,0
ORD0001829,C000450,2025-02-26,Accessories,232.41,3,0,0
ORD0001830,C000450,2025-06-09,Fragrance,362.87,3,0,1
ORD0001831,C000450,2025-05-19,Beauty,169.31,6,0,1
ORD0001832,C000450,2025-09-19,RTW,1294.03,4,0,1
ORD0001833,C000450,2024-08-24,RTW,208.91,3,0,1
ORD0001834,C000451,2025-11-05,RTW,89.89,3,0,1
ORD0001835,C000451,2024-08-29,Fragrance,271.09,4,0,1
ORD0001836,C000451,2025-12-25,Beauty,156.6,2,0,1
ORD0001837,C000451,2025-01-30,RTW,311.37,4,0,1
ORD0001838,C000451,2024-12-15,RTW,348.81,4,0,1
ORD0001839,C000451,2025-07-23,Accessories,262.02,3,1,1
ORD0001840,C000452,2025-04-24,Beauty,144.13,4,0,1
ORD0001841,C000452,2025-11-26,RTW,542.54,3,0,0
ORD0001842,C000452,2024-10-15,Beauty,257.64,3,0,0
ORD0001843,C000452,2025-01-02,Accessories,147.62,4,0,0
ORD0001844,C000452,2024-11-10,RTW,179.94,1,0,0
ORD0001845,C000452,2025-08-26,RTW,379.14,3,0,1
ORD0001846,C000452,2024-08-20,Beauty,245.09,9,0,0
ORD0001847,C000453,2025-12-22,Beauty,103.04,3,0,0
ORD0001848,C000453,2024-08-12,Fragrance,677.92,3,1,0
ORD0001849,C000453,2025-06-01,Accessories,339.15,4,0,0
ORD0001850,C000453,2025-12-31,Fragrance,347.98,6,0,0
ORD0001851,C000453,2024-12-27,Accessories,999.67,4,0,0
ORD0001852,C000453,2024-10-20,Fragrance,187.9,7,0,1
ORD0001853,C000454,2025-09-25,Beauty,289.66,6,0,0
ORD0001854,C000454,2025-08-03,RTW,192.62,4,0,0
ORD0001855,C000455,2025-01-12,RTW,269.78,3,0,0
ORD0001856,C000455,2024-08-12,Accessories,789.38,2,0,0
ORD0001857,C000455,2025-07-14,Beauty,466.56,5,0,0
ORD0001858,C000455,2025-04-04,Beauty,114.59,4,0,0
ORD0001859,C000456,2025-09-16,RTW,343.9,4,0,0
ORD0001860,C000456,2025-04-30,Accessories,482.42,4,0,0
ORD0001861,C000456,2025-06-17,Beauty,83.64,4,0,0
ORD0001862,C000457,2025-10-17,RTW,547.49,4,0,1
ORD0001863,C000457,2025-11-10,RTW,581.23,4,0,0
ORD0001864,C000457,2025-07-23,Fragrance,850.19,4,0,1
ORD0001865,C000457,2024-09-23,RTW,181.65,4,0,0
ORD0001866,C000457,2024-12-28,Beauty,224.36,3,0,1
ORD0001867,C000457,2024-12-13,Accessories,91.54,2,0,1
ORD0001868,C000457,2025-06-17,Beauty,134.65,4,0,1
ORD0001869,C000458,2025-01-17,Fragrance,715.88,5,1,0
ORD0001870,C000458,2024-09-01,Beauty,412.72,4,1,1
ORD0001871,C000458,2025-01-17,Accessories,146.95,4,0,0
ORD0001872,C000459,2024-09-16,Accessories,357.34,4,0,0
ORD0001873,C000459,2025-03-04,RTW,609.52,4,1,0
ORD0001874,C000459,2024-09-18,Beauty,70.71,4,0,0
ORD0001875,C000459,2025-05-08,Beauty,446.76,4,0,0
ORD0001876,C000460,2025-09-30,RTW,1229.33,4,0,0
ORD0001877,C000460,2025-11-15,Beauty,170.44,4,0,0
ORD0001878,C000460,2024-09-25,Fragrance,58.42,4,0,0
ORD0001879,C000460,2025-07-11,Beauty,268.94,5,0,0
ORD0001880,C000460,2025-06-03,Beauty,175.9,4,0,1
ORD0001881,C000461,2025-01-23,RTW,550.0,4,0,1
ORD0001882,C000461,2025-03-03,Accessories,1022.17,3,0,1
ORD0001883,C000461,2025-03-01,Beauty,216.17,3,0,1
ORD0001884,C000461,2025-08-06,RTW,143.49,4,0,0
ORD0001885,C000461,2024-11-27,Accessories,848.88,4,0,1
ORD0001886,C000461,2024-08-11,RTW,171.48,2,1,1
ORD0001887,C000461,2024-10-29,Accessories,707.59,4,0,1
ORD0001888,C000462,2025-05-03,Accessories,706.39,2,0,1
ORD0001889,C000462,2025-10-11,RTW,78.61,4,0,1
ORD0001890,C000462,2025-11-02,RTW,717.93,4,1,1
ORD0001891,C000462,2024-10-20,Accessories,233.46,2,0,1
ORD0001892,C000464,2025-09-28,RTW,257.65,3,0,0
ORD0001893,C000464,2025-11-30,Accessories,138.83,4,0,0
ORD0001894,C000464,2024-09-28,Beauty,217.71,4,1,0
ORD0001895,C000464,2025-06-04,Fragrance,71.45,4,0,0
ORD0001896,C000466,2025-02-08,RTW,116.93,3,0,0
ORD0001897,C000466,2025-02-26,Beauty,442.64,4,0,0
ORD0001898,C000466,2024-11-18,Accessories,471.33,2,0,0
ORD0001899,C000466,2024-08-30,Beauty,194.15,3,0,0
ORD0001900,C000466,2024-11-04,Fragrance,646.88,5,0,0
ORD0001901,C000466,2025-09-11,Accessories,590.66,4,0,1
ORD0001902,C000467,2025-02-19,Accessories,539.98,4,0,0
ORD0001903,C000467,2025-04-19,RTW,175.21,4,0,1
ORD0001904,C000467,2024-11-24,Accessories,586.64,4,0,1
ORD0001905,C000467,2025-03-12,Beauty,163.69,6,0,1
ORD0001906,C000468,2025-04-11,Accessories,430.71,4,0,1
ORD0001907,C000468,2025-10-01,Accessories,282.45,4,0,1
ORD0001908,C000468,2024-11-18,RTW,874.79,4,0,1
ORD0001909,C000468,2026-01-24,Fragrance,544.33,4,0,1
ORD0001910,C000468,2025-03-22,Beauty,212.82,7,0,1
ORD0001911,C000468,2025-06-07,RTW,167.86,3,1,1
ORD0001912,C000468,2025-10-04,Fragrance,221.62,5,0,0
ORD0001913,C000468,2025-11-21,Fragrance,222.3,5,0,1
ORD0001914,C000469,2024-09-25,Fragrance,115.5,3,1,1
ORD0001915,C000469,2024-11-21,Beauty,814.35,4,0,1
ORD0001916,C000469,2025-10-20,Accessories,190.23,2,0,1
ORD0001917,C000471,2024-08-16,Beauty,283.85,2,0,0
ORD0001918,C000471,2024-09-15,Beauty,625.06,3,0,0
ORD0001919,C000471,2025-06-17,Beauty,219.28,6,0,0
ORD0001920,C000471,2024-11-05,RTW,188.64,4,0,0
ORD0001921,C000471,2024-12-03,Beauty,67.4,4,0,1
ORD0001922,C000471,2025-01-20,Fragrance,68.96,3,0,0
ORD0001923,C000472,2025-08-12,Fragrance,343.63,4,0,1
ORD0001924,C000472,2025-11-20,Beauty,114.36,4,0,0
ORD0001925,C000472,2025-08-06,Beauty,1017.48,4,0,0
ORD0001926,C000472,2025-10-14,Beauty,597.1,7,0,1
ORD0001927,C000472,2025-11-27,Accessories,533.18,4,0,0
ORD0001928,C000473,2026-01-23,Accessories,267.1,3,0,0
ORD0001929,C000474,2025-12-01,Beauty,53.23,5,0,1
ORD0001930,C000474,2025-10-30,Fragrance,622.86,3,0,1
ORD0001931,C000474,2024-09-16,RTW,529.0,4,0,1
ORD0001932,C000474,2024-10-13,Beauty,425.83,5,0,1
ORD0001933,C000477,2024-10-05,Fragrance,201.88,6,0,0
ORD0001934,C000477,2024-10-21,Beauty,408.3,3,0,1
ORD0001935,C000477,2025-02-06,Beauty,228.35,6,0,1
ORD0001936,C000477,2025-01-24,Beauty,485.7,4,0,1
ORD0001937,C000477,2025-09-14,Beauty,232.1,5,0,0
ORD0001938,C000477,2025-12-28,Fragrance,176.16,6,0,0
ORD0001939,C000477,2024-08-25,Beauty,920.29,4,0,0
ORD0001940,C000477,2024-10-23,Beauty,66.3,3,0,0
ORD0001941,C000478,2025-05-29,Fragrance,164.27,5,0,1
ORD0001942,C000478,2025-07-28,RTW,547.28,3,0,0
ORD0001943,C000478,2024-10-07,Beauty,321.76,2,0,0
ORD0001944,C000479,2025-06-24,Accessories,623.56,4,0,0
ORD0001945,C000480,2025-06-22,Beauty,347.7,4,0,0
ORD0001946,C000480,2025-07-24,Fragrance,186.08,6,0,0
ORD0001947,C000481,2025-03-03,Beauty,113.38,5,0,1
ORD0001948,C000481,2025-06-25,Accessories,57.59,2,0,0
ORD0001949,C000481,2025-10-19,Accessories,188.41,3,0,0
ORD0001950,C000481,2025-11-14,Beauty,560.41,2,0,1
ORD0001951,C000482,2025-09-05,Beauty,401.59,5,0,1
ORD0001952,C000482,2025-01-23,Fragrance,331.14,3,0,1
ORD0001953,C000482,2025-07-06,Fragrance,410.44,6,0,0
ORD0001954,C000482,2025-05-02,RTW,88.51,2,0,0
ORD0001955,C000482,2024-10-13,Accessories,196.78,1,0,0
ORD0001956,C000482,2025-06-20,Beauty,114.62,2,0,1
ORD0001957,C000482,2025-05-22,Accessories,202.79,4,0,0
ORD0001958,C000483,2025-05-08,Accessories,1228.71,4,0,0
ORD0001959,C000483,2024-09-07,Accessories,98.36,3,0,0
ORD0001960,C000483,2025-07-30,Fragrance,103.59,6,0,0
ORD0001961,C000483,2024-11-07,Beauty,218.25,3,1,0
ORD0001962,C000483,2024-11-06,RTW,52.08,3,1,1
ORD0001963,C000483,2025-05-23,RTW,163.36,4,0,0
ORD0001964,C000483,2024-08-09,Accessories,315.29,2,0,0
ORD0001965,C000484,2025-06-25,Accessories,98.54,4,0,0
ORD0001966,C000484,2025-03-02,Beauty,73.3,2,0,0
ORD0001967,C000484,2024-08-17,Beauty,262.75,3,0,0
ORD0001968,C000486,2025-10-22,Beauty,319.75,2,0,1
ORD0001969,C000486,2025-12-06,Fragrance,219.65,3,0,1
ORD0001970,C000486,2025-12-16,Fragrance,147.57,4,0,0
ORD0001971,C000486,2024-10-11,Beauty,335.55,3,0,0
ORD0001972,C000486,2024-11-08,Beauty,684.81,4,0,1
ORD0001973,C000486,2025-01-14,Beauty,615.1,3,0,1
ORD0001974,C000487,2025-06-02,Accessories,113.26,4,0,0
ORD0001975,C000487,2025-11-29,Beauty,1095.8,4,0,0
ORD0001976,C000487,2025-12-20,Fragrance,486.33,3,0,0
ORD0001977,C000488,2025-03-27,RTW,1584.66,4,0,1
ORD0001978,C000488,2025-11-08,Accessories,137.66,3,0,0
ORD0001979,C000488,2025-03-08,Fragrance,388.22,4,1,1
ORD0001980,C000488,2025-08-17,RTW,295.23,2,0,0
ORD0001981,C000488,2025-10-27,Accessories,1024.66,4,1,1
ORD0001982,C000488,2025-08-12,RTW,1440.77,4,0,1
ORD0001983,C000488,2025-02-08,Accessories,249.52,4,0,1
ORD0001984,C000489,2025-07-11,Fragrance,465.4,5,0,0
ORD0001985,C000489,2024-08-25,Accessories,273.13,2,0,0
ORD0001986,C000489,2025-07-13,Beauty,80.97,2,0,0
ORD0001987,C000489,2024-10-06,Accessories,81.77,3,1,0
ORD0001988,C000489,2024-09-06,Beauty,455.85,6,1,0
ORD0001989,C000490,2025-09-04,Beauty,128.53,6,0,0
ORD0001990,C000490,2025-08-28,Beauty,54.32,3,1,0
ORD0001991,C000490,2024-10-16,Beauty,274.62,3,0,0
ORD0001992,C000491,2025-09-10,RTW,553.93,2,1,1
ORD0001993,C000491,2025-10-31,Accessories,259.44,1,1,1
ORD0001994,C000492,2025-10-15,Beauty,572.91,2,0,1
ORD0001995,C000492,2025-09-29,RTW,515.8,2,0,1
ORD0001996,C000492,2025-09-13,RTW,385.82,1,0,0
ORD0001997,C000492,2024-11-08,RTW,345.84,4,0,1
ORD0001998,C000495,2025-06-25,RTW,414.35,4,1,0
ORD0001999,C000495,2024-11-15,Beauty,216.93,2,0,0
ORD0002000,C000495,2026-01-17,Beauty,80.97,2,0,0
ORD0002001,C000495,2025-03-28,Beauty,59.11,6,0,0
ORD0002002,C000495,2025-04-17,Fragrance,814.89,5,0,0
ORD0002003,C000495,2026-01-07,Beauty,83.16,3,0,0
ORD0002004,C000495,2024-08-11,Fragrance,114.38,3,0,0
ORD0002005,C000496,2026-01-22,RTW,851.07,4,0,1
ORD0002006,C000496,2025-09-15,Accessories,84.21,4,0,1
ORD0002007,C000496,2025-09-21,Accessories,143.69,1,1,1
ORD0002008,C000496,2025-07-16,Fragrance,578.69,5,0,1
ORD0002009,C000496,2025-02-06,Fragrance,282.62,3,0,1
ORD0002010,C000496,2025-11-24,Fragrance,231.21,7,0,1
ORD0002011,C000497,2026-01-29,Beauty,82.67,4,0,1
ORD0002012,C000497,2025-02-11,Fragrance,209.73,2,0,0
ORD0002013,C000497,2024-09-09,Beauty,308.83,1,0,0
ORD0002014,C000497,2025-06-10,Beauty,1142.81,3,0,1
ORD0002015,C000498,2025-04-23,Fragrance,740.38,3,0,0
ORD0002016,C000498,2025-03-02,RTW,80.11,3,0,0
ORD0002017,C000498,2025-09-19,Beauty,192.79,5,0,1
ORD0002018,C000498,2025-11-15,Beauty,186.42,3,0,0
ORD0002019,C000498,2026-01-04,Beauty,197.89,3,0,0
ORD0002020,C000498,2025-12-06,Beauty,72.78,2,0,0
ORD0002021,C000499,2025-08-18,Fragrance,62.49,5,0,0
ORD0002022,C000499,2025-04-21,Accessories,123.56,3,1,0
ORD0002023,C000499,2025-11-29,Beauty,596.93,2,0,0
ORD0002024,C000499,2025-11-04,Fragrance,126.64,6,0,0
ORD0002025,C000499,2026-01-08,Fragrance,286.39,6,0,0
ORD0002026,C000500,2025-04-17,Accessories,239.62,4,0,0
ORD0002027,C000500,2025-10-13,RTW,130.48,3,0,1
ORD0002028,C000500,2025-08-21,Fragrance,420.03,5,0,0
ORD0002029,C000500,2026-01-23,RTW,342.27,3,0,0
ORD0002030,C000501,2025-04-13,Accessories,139.54,1,1,1
ORD0002031,C000501,2026-01-13,Beauty,116.71,2,0,0
ORD0002032,C000501,2024-12-11,Fragrance,418.58,3,0,0
ORD0002033,C000501,2024-10-25,Fragrance,383.06,5,0,0
ORD0002034,C000501,2025-03-21,Beauty,126.07,2,0,0
ORD0002035,C000502,2025-02-08,Beauty,93.46,5,0,0
ORD0002036,C000502,2025-08-07,Accessories,454.74,4,0,0
ORD0002037,C000502,2025-10-14,Beauty,630.87,5,0,0
ORD0002038,C000503,2024-10-15,RTW,366.78,4,0,1
ORD0002039,C000503,2025-12-01,Fragrance,195.96,3,0,1
ORD0002040,C000503,2024-08-22,Accessories,160.85,2,0,1
ORD0002041,C000503,2024-12-04,Fragrance,905.05,8,0,1
ORD0002042,C000503,2024-12-18,Fragrance,109.24,3,0,0
ORD0002043,C000503,2024-09-17,Fragrance,278.59,6,0,1
ORD0002044,C000504,2026-01-17,Beauty,165.61,3,0,0
ORD0002045,C000504,2025-01-20,RTW,178.45,4,0,1
ORD0002046,C000504,2025-12-30,Fragrance,131.31,3,0,1
ORD0002047,C000504,2025-02-14,Fragrance,479.48,3,0,0
ORD0002048,C000504,2025-07-14,Fragrance,1223.47,6,0,1
ORD0002049,C000504,2025-10-18,Accessories,205.37,3,0,0
ORD0002050,C000504,2025-06-10,Fragrance,495.12,3,0,0
ORD0002051,C000504,2025-04-11,RTW,257.93,3,0,0
ORD0002052,C000504,2025-04-23,Accessories,833.53,4,0,1
ORD0002053,C000504,2024-12-16,Beauty,190.79,4,0,0
ORD0002054,C000505,2026-01-05,Accessories,128.73,2,1,1
ORD0002055,C000505,2025-02-07,Fragrance,180.14,3,0,1
ORD0002056,C000505,2025-02-01,Beauty,216.72,5,0,1
ORD0002057,C000505,2025-05-16,RTW,54.28,2,0,1
ORD0002058,C000505,2026-01-25,Beauty,167.82,10,0,0
ORD0002059,C000505,2025-07-09,RTW,300.77,3,0,1
ORD0002060,C000505,2024-11-06,RTW,370.43,4,0,1
ORD0002061,C000505,2024-12-23,Accessories,72.63,4,0,1
ORD0002062,C000505,2025-02-03,Accessories,228.47,4,0,1
ORD0002063,C000506,2025-09-11,RTW,905.26,4,0,1
ORD0002064,C000506,2025-12-29,Accessories,180.75,3,1,1
ORD0002065,C000506,2024-12-02,Fragrance,221.41,3,0,1
ORD0002066,C000506,2025-02-26,RTW,312.92,2,0,1
ORD0002067,C000506,2025-11-22,Accessories,353.81,4,0,1
ORD0002068,C000507,2024-09-20,RTW,184.26,4,0,1
ORD0002069,C000507,2025-05-17,Fragrance,154.67,4,1,0
ORD0002070,C000507,2025-05-07,Beauty,861.13,7,0,0
ORD0002071,C000508,2025-11-22,Fragrance,522.46,3,0,0
ORD0002072,C000508,2025-04-29,Beauty,266.84,5,0,1
ORD0002073,C000508,2025-11-24,Beauty,143.86,4,0,1
ORD0002074,C000508,2025-05-14,Fragrance,302.19,5,0,0
ORD0002075,C000508,2025-04-01,Fragrance,231.61,5,0,0
ORD0002076,C000509,2024-09-09,Fragrance,946.58,4,0,1
ORD0002077,C000509,2024-09-13,RTW,365.62,2,0,1
ORD0002078,C000509,2025-07-11,Beauty,820.97,4,0,1
ORD0002079,C000509,2025-09-29,Accessories,83.93,4,0,1
ORD0002080,C000509,2025-04-06,RTW,2400.16,4,1,0
ORD0002081,C000510,2025-10-21,Beauty,300.1,2,0,0
ORD0002082,C000510,2025-12-11,RTW,102.12,2,0,0
ORD0002083,C000510,2025-05-21,Beauty,127.09,6,0,0
ORD0002084,C000510,2025-03-06,Beauty,55.18,3,0,0
ORD0002085,C000510,2024-08-21,Fragrance,132.1,3,0,0
ORD0002086,C000510,2025-10-06,Beauty,179.03,5,0,0
ORD0002087,C000510,2026-01-15,Fragrance,122.82,2,1,0
ORD0002088,C000510,2025-05-05,Beauty,229.22,5,0,0
ORD0002089,C000510,2025-09-10,Beauty,113.11,4,1,0
ORD0002090,C000511,2024-08-21,Beauty,873.16,7,0,0
ORD0002091,C000511,2025-08-08,Accessories,870.91,4,1,1
ORD0002092,C000511,2025-08-21,Accessories,1663.82,4,0,1
ORD0002093,C000511,2025-05-10,Beauty,952.19,5,1,0
ORD0002094,C000512,2025-11-06,Beauty,411.52,4,0,0
ORD0002095,C000512,2024-08-23,Beauty,50.0,7,0,0
ORD0002096,C000512,2024-10-28,Accessories,383.96,4,0,0
ORD0002097,C000512,2025-11-06,Accessories,113.61,4,0,0
ORD0002098,C000513,2024-09-02,RTW,82.59,4,0,0
ORD0002099,C000513,2024-08-28,Fragrance,99.46,3,1,0
ORD0002100,C000513,2025-11-19,RTW,131.71,3,0,0
ORD0002101,C000513,2025-05-09,Beauty,522.05,4,0,0
ORD0002102,C000514,2025-09-29,RTW,162.13,2,0,0
ORD0002103,C000514,2025-01-31,RTW,211.47,3,0,1
ORD0002104,C000514,2025-06-06,RTW,481.57,4,0,1
ORD0002105,C000514,2024-08-29,RTW,235.88,3,0,0
ORD0002106,C000515,2025-08-07,Beauty,90.14,2,1,1
ORD0002107,C000515,2025-12-14,Beauty,313.31,2,0,0
ORD0002108,C000515,2025-10-27,Fragrance,398.96,3,0,0
ORD0002109,C000516,2025-07-21,Fragrance,172.93,3,0,0
ORD0002110,C000516,2024-12-14,Beauty,584.25,9,1,0
ORD0002111,C000517,2025-11-05,Beauty,136.81,3,0,0
ORD0002112,C000518,2024-09-06,Beauty,544.9,10,0,0
ORD0002113,C000519,2025-08-14,Accessories,426.01,3,0,1
ORD0002114,C000519,2024-09-01,Beauty,333.46,1,0,0
ORD0002115,C000519,2024-12-25,Fragrance,225.77,3,0,0
ORD0002116,C000519,2024-09-29,Beauty,1587.96,2,0,1
ORD0002117,C000520,2025-12-17,Fragrance,301.46,4,0,1
ORD0002118,C000520,2025-10-02,Beauty,421.24,3,0,1
ORD0002119,C000520,2024-11-23,Accessories,439.19,4,1,1
ORD0002120,C000520,2024-09-11,Accessories,348.45,2,0,1
ORD0002121,C000521,2025-08-02,Fragrance,152.3,3,0,0
ORD0002122,C000522,2025-06-15,RTW,76.45,2,0,0
ORD0002123,C000522,2025-10-13,RTW,50.0,3,0,0
ORD0002124,C000522,2024-12-19,RTW,305.16,4,0,0
ORD0002125,C000522,2024-11-25,Accessories,411.31,3,0,0
ORD0002126,C000522,2025-01-10,Fragrance,59.86,6,0,0
ORD0002127,C000523,2025-05-04,RTW,224.21,2,0,1
ORD0002128,C000523,2025-05-03,Fragrance,767.37,7,0,1
ORD0002129,C000523,2025-11-25,RTW,585.91,2,0,1
ORD0002130,C000524,2025-02-18,RTW,824.14,4,1,1
ORD0002131,C000524,2025-01-31,RTW,502.2,4,0,1
ORD0002132,C000524,2024-12-10,RTW,225.98,4,0,1
ORD0002133,C000524,2026-01-30,Beauty,198.86,3,0,1
ORD0002134,C000524,2025-06-17,Beauty,228.21,5,0,1
ORD0002135,C000525,2024-09-04,Fragrance,378.53,5,0,1
ORD0002136,C000525,2024-11-10,Fragrance,306.01,3,0,1
ORD0002137,C000525,2024-09-26,Accessories,300.5,4,0,0
ORD0002138,C000525,2024-08-09,Accessories,110.25,4,0,1
ORD0002139,C000526,2024-11-21,Accessories,88.29,4,1,0
ORD0002140,C000526,2025-10-31,Fragrance,303.21,1,0,1
ORD0002141,C000526,2025-10-07,Beauty,138.7,3,0,0
ORD0002142,C000526,2025-05-21,Beauty,127.34,2,0,0
ORD0002143,C000526,2025-08-16,Beauty,102.17,6,0,0
ORD0002144,C000526,2024-12-09,Accessories,378.96,2,1,1
ORD0002145,C000526,2024-12-09,Accessories,908.54,4,0,1
ORD0002146,C000526,2025-05-21,Accessories,265.57,4,1,1
ORD0002147,C000527,2024-08-25,Beauty,345.58,3,1,0
ORD0002148,C000527,2026-01-08,Fragrance,156.06,6,0,0
ORD0002149,C000528,2025-04-20,Beauty,73.76,1,0,0
ORD0002150,C000529,2025-05-07,Beauty,165.76,3,0,1
ORD0002151,C000529,2025-03-11,Beauty,327.26,2,0,0
ORD0002152,C000529,2025-04-09,Accessories,973.31,4,0,0
ORD0002153,C000529,2024-11-30,Fragrance,121.59,9,0,1
ORD0002154,C000530,2024-09-22,Fragrance,294.78,4,0,0
ORD0002155,C000530,2025-11-25,Fragrance,83.12,3,0,0
ORD0002156,C000531,2025-05-11,Accessories,154.27,3,0,0
ORD0002157,C000531,2025-12-19,Fragrance,61.64,7,0,0
ORD0002158,C000531,2026-01-28,RTW,304.54,4,0,0
ORD0002159,C000531,2025-09-04,Accessories,231.45,3,1,1
ORD0002160,C000531,2025-04-28,Accessories,67.44,3,0,0
ORD0002161,C000532,2025-10-15,Beauty,188.83,5,0,0
ORD0002162,C000532,2025-07-25,Fragrance,156.79,3,0,0
ORD0002163,C000532,2025-05-04,Beauty,53.23,4,0,0
ORD0002164,C000532,2025-05-21,Beauty,50.0,6,0,0
ORD0002165,C000532,2024-11-06,Fragrance,559.22,2,0,0
ORD0002166,C000533,2025-03-17,Beauty,368.16,4,0,0
ORD0002167,C000533,2025-03-01,RTW,235.2,3,0,0
ORD0002168,C000533,2025-03-15,Beauty,223.17,2,0,1
ORD0002169,C000533,2025-09-25,Fragrance,119.22,3,0,0
ORD0002170,C000533,2025-07-30,Beauty,401.68,5,1,0
ORD0002171,C000533,2024-09-28,Beauty,279.14,2,0,0
ORD0002172,C000533,2025-01-05,RTW,338.85,4,0,1
ORD0002173,C000533,2025-10-06,Beauty,50.0,2,1,1
ORD0002174,C000534,2025-11-28,Accessories,586.4,4,0,0
ORD0002175,C000534,2024-12-22,Beauty,467.92,2,0,1
ORD0002176,C000534,2024-12-06,Beauty,206.09,2,0,0
ORD0002177,C000534,2025-10-20,Fragrance,557.27,4,0,1
ORD0002178,C000534,2025-01-14,Beauty,50.0,2,0,1
ORD0002179,C000534,2026-01-23,Accessories,326.65,4,1,0
ORD0002180,C000535,2025-03-28,Accessories,613.85,2,0,0
ORD0002181,C000535,2025-05-19,Accessories,131.23,3,0,0
ORD0002182,C000535,2025-01-10,RTW,508.16,4,0,0
ORD0002183,C000535,2025-04-25,Beauty,168.93,6,0,0
ORD0002184,C000536,2024-11-11,Fragrance,295.7,3,0,0
ORD0002185,C000536,2025-03-02,Beauty,114.95,8,0,0
ORD0002186,C000536,2026-01-16,Fragrance,117.76,3,0,0
ORD0002187,C000537,2025-03-14,Beauty,174.67,2,0,1
ORD0002188,C000537,2024-11-03,RTW,565.77,1,0,0
ORD0002189,C000537,2024-10-26,Accessories,509.4,4,0,1
ORD0002190,C000537,2025-03-10,Fragrance,1766.19,2,0,1
ORD0002191,C000537,2024-08-30,Fragrance,244.47,3,0,1
ORD0002192,C000537,2025-09-19,Accessories,1039.65,3,0,1
ORD0002193,C000538,2025-05-11,RTW,333.87,4,0,0
ORD0002194,C000538,2025-09-19,Fragrance,273.23,2,0,1
ORD0002195,C000538,2024-11-28,Beauty,170.33,6,0,1
ORD0002196,C000539,2025-10-11,Fragrance,262.61,3,0,1
ORD0002197,C000540,2025-02-09,Accessories,162.26,2,0,1
ORD0002198,C000542,2024-11-21,Beauty,442.75,11,0,1
ORD0002199,C000542,2025-08-04,RTW,121.8,1,0,1
ORD0002200,C000542,2024-10-25,RTW,752.54,3,0,0
ORD0002201,C000542,2024-10-02,RTW,437.59,4,0,1
ORD0002202,C000542,2025-03-13,RTW,447.28,3,0,1
ORD0002203,C000542,2025-10-16,Accessories,300.56,2,1,1
ORD0002204,C000542,2025-10-20,Accessories,211.86,1,1,0
ORD0002205,C000543,2024-09-02,Accessories,124.91,4,0,0
ORD0002206,C000543,2024-08-19,Fragrance,547.03,6,0,0
ORD0002207,C000543,2026-01-24,Beauty,330.97,4,0,0
ORD0002208,C000543,2026-01-15,Fragrance,521.65,4,1,0
ORD0002209,C000544,2024-12-21,Beauty,217.73,5,0,0
ORD0002210,C000545,2025-09-22,RTW,264.02,3,0,1
ORD0002211,C000545,2025-01-29,Beauty,176.12,6,0,0
ORD0002212,C000545,2026-01-17,RTW,64.54,4,0,0
ORD0002213,C000546,2025-09-14,RTW,426.21,4,0,1
ORD0002214,C000548,2025-05-06,Beauty,168.28,2,0,1
ORD0002215,C000548,2024-11-21,Accessories,191.93,4,1,1
ORD0002216,C000548,2025-08-15,RTW,134.84,4,1,1
ORD0002217,C000548,2025-06-10,Accessories,441.46,1,0,0
ORD0002218,C000549,2025-02-14,Fragrance,175.09,7,0,0
ORD0002219,C000549,2024-12-31,Beauty,119.58,3,0,0
ORD0002220,C000549,2024-10-15,Fragrance,168.59,6,0,0
ORD0002221,C000549,2025-08-11,Beauty,282.56,6,0,0
ORD0002222,C000549,2024-08-22,Fragrance,116.49,4,0,0
ORD0002223,C000550,2025-06-06,Fragrance,120.07,3,0,0
ORD0002224,C000550,2025-01-25,Accessories,433.77,4,0,0
ORD0002225,C000550,2025-05-01,RTW,222.65,4,1,1
ORD0002226,C000550,2024-11-17,RTW,540.18,2,0,1
ORD0002227,C000550,2025-04-13,RTW,126.24,4,0,1
ORD0002228,C000551,2025-09-03,Accessories,229.45,4,0,1
ORD0002229,C000551,2025-11-13,Fragrance,672.24,2,1,0
ORD0002230,C000551,2025-08-26,Accessories,991.62,4,0,0
ORD0002231,C000551,2025-04-13,Beauty,230.47,9,0,1
ORD0002232,C000552,2024-09-14,Beauty,151.93,7,0,0
ORD0002233,C000552,2025-11-05,Accessories,464.5,4,0,0
ORD0002234,C000552,2024-12-19,Accessories,420.8,4,0,0
ORD0002235,C000554,2025-04-05,Beauty,93.43,6,0,0
ORD0002236,C000554,2025-08-13,Beauty,235.56,7,0,1
ORD0002237,C000554,2025-01-07,Accessories,338.12,4,0,0
ORD0002238,C000554,2024-10-01,Beauty,136.85,6,0,1
ORD0002239,C000554,2025-11-29,RTW,253.93,3,0,1
ORD0002240,C000555,2024-12-30,Accessories,366.97,4,0,1
ORD0002241,C000555,2025-05-14,RTW,128.25,2,0,1
ORD0002242,C000555,2025-12-28,Fragrance,212.65,3,0,0
ORD0002243,C000555,2025-06-09,RTW,1002.29,3,0,1
ORD0002244,C000555,2025-09-04,Fragrance,769.4,4,0,0
ORD0002245,C000555,2025-02-26,Fragrance,227.22,3,0,0
ORD0002246,C000556,2026-01-18,Fragrance,143.02,5,1,0
ORD0002247,C000556,2025-10-16,Beauty,112.26,4,0,0
ORD0002248,C000556,2024-12-21,RTW,163.46,4,0,0
ORD0002249,C000556,2024-08-22,Beauty,64.57,8,0,0
ORD0002250,C000557,2025-02-11,Fragrance,462.17,1,0,1
ORD0002251,C000557,2025-05-15,Beauty,1535.06,8,0,0
ORD0002252,C000560,2025-05-08,RTW,308.85,2,0,1
ORD0002253,C000561,2025-06-29,Accessories,1358.05,4,0,0
ORD0002254,C000561,2025-11-24,Accessories,568.61,4,0,1
ORD0002255,C000561,2024-10-26,Beauty,281.59,7,0,1
ORD0002256,C000561,2026-01-15,Beauty,801.02,9,0,1
ORD0002257,C000561,2025-03-08,RTW,303.82,4,0,1
ORD0002258,C000561,2025-09-02,RTW,158.04,4,0,0
ORD0002259,C000561,2024-08-24,Beauty,199.41,6,0,0
ORD0002260,C000561,2024-12-31,Accessories,88.03,4,0,1
ORD0002261,C000561,2024-11-21,Beauty,321.97,3,0,1
ORD0002262,C000561,2025-08-25,Fragrance,178.28,3,0,1
ORD0002263,C000561,2025-11-29,Accessories,94.92,4,0,0
ORD0002264,C000561,2024-09-25,Accessories,1048.83,3,0,1
ORD0002265,C000562,2024-09-27,Fragrance,394.59,7,1,0
ORD0002266,C000562,2025-09-12,Accessories,87.35,4,0,1
ORD0002267,C000562,2025-10-31,Accessories,697.44,3,0,0
ORD0002268,C000563,2025-01-05,Fragrance,91.45,3,0,0
ORD0002269,C000563,2025-09-17,Beauty,726.5,5,0,0
ORD0002270,C000563,2025-06-13,RTW,120.64,4,0,0
ORD0002271,C000563,2025-06-03,Beauty,275.5,5,0,0
ORD0002272,C000563,2025-08-29,Accessories,67.53,1,0,0
ORD0002273,C000564,2024-09-06,Accessories,293.37,2,1,0
ORD0002274,C000564,2025-08-23,RTW,291.62,4,0,1
ORD0002275,C000564,2025-08-07,Beauty,406.73,4,0,1
ORD0002276,C000564,2025-12-11,RTW,85.1,4,0,1
ORD0002277,C000566,2025-06-27,RTW,136.28,3,0,1
ORD0002278,C000566,2025-10-03,Accessories,290.58,2,1,1
ORD0002279,C000566,2026-01-28,RTW,508.55,4,1,1
ORD0002280,C000566,2024-12-31,Beauty,464.98,2,0,1
ORD0002281,C000569,2025-12-15,Beauty,69.3,8,0,0
ORD0002282,C000569,2024-09-25,Fragrance,401.05,2,0,1
ORD0002283,C000569,2025-11-06,Accessories,361.6,4,0,1
ORD0002284,C000569,2025-01-03,RTW,86.5,2,0,1
ORD0002285,C000569,2025-06-04,Accessories,272.2,4,0,1
ORD0002286,C000569,2025-03-10,Fragrance,223.06,7,0,0
ORD0002287,C000570,2025-11-04,Accessories,570.62,2,0,1
ORD0002288,C000570,2024-09-23,Accessories,861.36,4,0,1
ORD0002289,C000570,2025-09-11,Fragrance,180.65,4,0,1
ORD0002290,C000570,2025-03-13,Fragrance,164.94,7,0,1
ORD0002291,C000570,2025-12-26,Accessories,591.51,3,1,1
ORD0002292,C000570,2026-01-13,RTW,210.02,4,0,1
ORD0002293,C000570,2025-07-28,Accessories,372.97,4,1,1
ORD0002294,C000570,2025-04-20,Beauty,576.19,4,0,0
ORD0002295,C000570,2025-01-07,Beauty,63.26,4,0,1
ORD0002296,C000571,2026-01-10,RTW,1069.88,3,0,1
ORD0002297,C000571,2024-11-13,Fragrance,239.75,1,0,0
ORD0002298,C000572,2024-11-24,Accessories,265.02,1,0,1
ORD0002299,C000572,2024-12-24,Accessories,245.46,3,0,1
ORD0002300,C000572,2025-11-03,Fragrance,341.25,2,0,1
ORD0002301,C000573,2025-06-14,Fragrance,1421.85,2,0,1
ORD0002302,C000573,2024-10-30,Beauty,214.82,3,0,1
ORD0002303,C000573,2025-04-30,Accessories,350.09,4,0,0
ORD0002304,C000574,2024-08-13,Beauty,545.22,2,0,1
ORD0002305,C000574,2025-07-15,Fragrance,757.52,3,0,1
ORD0002306,C000574,2025-04-04,Accessories,368.97,4,0,1
ORD0002307,C000574,2024-12-12,Fragrance,481.09,3,0,1
ORD0002308,C000574,2026-01-15,Accessories,699.51,1,0,1
ORD0002309,C000574,2024-08-16,Accessories,120.02,4,0,1
ORD0002310,C000574,2024-10-04,Fragrance,453.15,3,0,1
ORD0002311,C000574,2024-09-21,RTW,150.46,4,0,1
ORD0002312,C000574,2025-12-30,RTW,152.62,4,0,1
ORD0002313,C000574,2025-07-30,Accessories,165.4,4,0,1
ORD0002314,C000576,2024-10-22,Accessories,97.93,2,0,1
ORD0002315,C000576,2025-06-02,Accessories,338.43,4,0,0
ORD0002316,C000576,2025-09-17,Beauty,258.01,2,0,0
ORD0002317,C000576,2025-01-28,Accessories,222.13,4,0,0
ORD0002318,C000576,2024-08-14,Accessories,281.84,3,0,0
ORD0002319,C000577,2025-07-23,Fragrance,145.19,6,0,1
ORD0002320,C000577,2025-11-11,Fragrance,268.34,4,0,1
ORD0002321,C000579,2025-01-18,Beauty,306.59,4,0,0
ORD0002322,C000579,2024-10-15,Beauty,636.67,4,0,0
ORD0002323,C000579,2025-10-02,Beauty,227.0,3,0,0
ORD0002324,C000579,2025-10-30,RTW,401.77,3,0,1
ORD0002325,C000579,2025-04-02,Fragrance,108.84,4,0,1
ORD0002326,C000579,2025-11-15,RTW,80.0,3,1,0
ORD0002327,C000579,2025-09-04,RTW,2215.92,4,0,0
ORD0002328,C000581,2024-12-14,Accessories,466.54,4,0,1
ORD0002329,C000581,2025-08-02,RTW,331.95,4,0,0
ORD0002330,C000581,2024-09-29,Accessories,253.5,1,0,0
ORD0002331,C000581,2024-10-27,Accessories,262.9,4,1,0
ORD0002332,C000582,2025-05-05,Beauty,76.45,12,0,0
ORD0002333,C000582,2025-09-17,Accessories,425.5,4,1,0
ORD0002334,C000582,2025-04-05,Beauty,437.62,4,0,0
ORD0002335,C000582,2025-12-15,Fragrance,207.07,5,0,0
ORD0002336,C000582,2025-09-23,Beauty,101.45,1,1,0
ORD0002337,C000582,2025-09-23,Beauty,330.45,4,0,0
ORD0002338,C000582,2026-01-30,RTW,95.86,4,0,1
ORD0002339,C000582,2025-12-11,RTW,102.92,4,1,0
ORD0002340,C000582,2025-02-14,Beauty,177.33,2,0,0
ORD0002341,C000583,2024-10-17,Beauty,974.01,1,0,0
ORD0002342,C000583,2025-04-20,Accessories,210.2,4,0,0
ORD0002343,C000584,2025-08-02,Fragrance,305.62,6,0,0
ORD0002344,C000584,2025-03-01,RTW,216.05,1,0,0
ORD0002345,C000584,2025-04-19,Beauty,164.31,3,1,0
ORD0002346,C000584,2024-08-16,Fragrance,178.39,2,0,0
ORD0002347,C000584,2024-08-19,Fragrance,266.76,4,0,0
ORD0002348,C000584,2024-10-24,Beauty,331.51,5,0,0
ORD0002349,C000584,2024-11-27,Fragrance,116.33,6,1,0
ORD0002350,C000585,2025-01-13,Accessories,138.93,4,1,1
ORD0002351,C000585,2025-02-05,RTW,429.9,3,0,1
ORD0002352,C000585,2025-12-01,RTW,712.52,4,1,1
ORD0002353,C000585,2026-01-29,Accessories,360.35,4,0,1
ORD0002354,C000585,2025-10-11,Fragrance,419.04,3,0,1
ORD0002355,C000585,2025-03-14,RTW,364.34,4,0,1
ORD0002356,C000585,2025-12-17,Beauty,301.15,4,0,1
ORD0002357,C000586,2024-11-05,Accessories,198.11,3,1,1
ORD0002358,C000586,2025-07-10,RTW,74.22,3,1,1
ORD0002359,C000586,2024-11-16,RTW,117.0,4,0,1
ORD0002360,C000586,2026-01-26,RTW,370.32,4,0,1
ORD0002361,C000587,2025-11-03,Beauty,925.83,2,0,1
ORD0002362,C000587,2025-03-17,RTW,518.88,3,0,1
ORD0002363,C000587,2025-04-05,Accessories,336.26,4,0,1
ORD0002364,C000587,2024-08-14,Fragrance,316.19,3,0,1
ORD0002365,C000587,2025-06-26,Accessories,1563.17,3,0,1
ORD0002366,C000587,2025-09-18,Beauty,141.11,7,0,1
ORD0002367,C000588,2024-10-04,Fragrance,410.25,3,0,1
ORD0002368,C000588,2025-11-01,Beauty,381.35,4,0,1
ORD0002369,C000588,2024-08-21,RTW,714.99,4,0,0
ORD0002370,C000588,2025-07-07,Accessories,233.71,2,0,1
ORD0002371,C000588,2025-11-07,Accessories,459.72,4,0,1
ORD0002372,C000588,2025-11-19,Fragrance,258.62,1,1,1
ORD0002373,C000588,2025-08-26,RTW,614.73,3,0,1
ORD0002374,C000588,2024-12-14,RTW,820.08,3,0,1
ORD0002375,C000589,2024-10-08,RTW,183.73,4,0,1
ORD0002376,C000589,2025-01-27,Beauty,300.61,2,0,0
ORD0002377,C000589,2025-05-28,Fragrance,79.05,5,0,0
ORD0002378,C000590,2024-11-26,Accessories,2188.27,4,0,1
ORD0002379,C000591,2025-04-26,Beauty,199.34,3,0,0
ORD0002380,C000592,2024-11-17,Accessories,236.08,4,0,0
ORD0002381,C000592,2025-06-20,Beauty,410.82,4,0,0
ORD0002382,C000592,2025-03-30,RTW,476.9,3,0,0
ORD0002383,C000592,2025-03-26,Accessories,435.34,4,0,1
ORD0002384,C000593,2025-06-11,RTW,402.92,4,0,0
ORD0002385,C000593,2025-03-31,Fragrance,62.35,5,0,1
ORD0002386,C000593,2025-12-13,Fragrance,208.96,3,0,1
ORD0002387,C000593,2024-11-02,Accessories,264.42,4,0,0
ORD0002388,C000593,2024-12-24,RTW,414.13,2,0,0
ORD0002389,C000593,2025-02-04,Beauty,408.42,3,1,0
ORD0002390,C000593,2025-08-20,Accessories,171.64,4,0,1
ORD0002391,C000593,2026-01-21,Beauty,87.81,6,0,0
ORD0002392,C000593,2025-02-23,Accessories,314.94,4,0,1
ORD0002393,C000593,2025-12-18,Accessories,178.65,4,0,0
ORD0002394,C000594,2026-01-02,RTW,546.88,2,0,1
ORD0002395,C000594,2025-06-05,RTW,492.11,2,1,1
ORD0002396,C000594,2025-10-20,Fragrance,149.31,6,0,1
ORD0002397,C000594,2024-12-29,Beauty,233.29,3,1,0
ORD0002398,C000594,2026-01-11,Beauty,301.08,3,0,1
ORD0002399,C000594,2024-11-01,RTW,931.41,2,0,1
ORD0002400,C000595,2025-08-02,Accessories,175.73,4,0,1
ORD0002401,C000595,2025-01-16,Accessories,106.85,4,0,0
ORD0002402,C000596,2025-05-01,Accessories,844.49,4,0,1
ORD0002403,C000596,2025-08-02,Beauty,893.89,6,0,0
ORD0002404,C000597,2025-09-14,Beauty,400.26,2,0,0
ORD0002405,C000597,2025-01-30,Beauty,66.94,5,0,1
ORD0002406,C000597,2025-08-22,Beauty,358.6,5,0,0
ORD0002407,C000598,2025-12-10,RTW,354.41,4,1,1
ORD0002408,C000598,2025-06-25,Beauty,166.89,5,0,0
ORD0002409,C000598,2025-02-09,Beauty,201.47,4,0,0
ORD0002410,C000599,2025-05-10,Beauty,76.23,4,0,0
ORD0002411,C000599,2025-02-17,Beauty,307.87,4,1,1
ORD0002412,C000599,2024-09-13,Beauty,1084.95,5,1,1
ORD0002413,C000599,2025-07-19,Fragrance,591.3,3,0,1
ORD0002414,C000599,2025-12-11,Accessories,268.19,3,0,1
ORD0002415,C000600,2025-01-21,Beauty,134.09,3,0,0
ORD0002416,C000600,2025-11-24,Accessories,652.26,4,1,0
ORD0002417,C000600,2025-04-11,Beauty,1001.86,4,0,0
ORD0002418,C000601,2025-03-25,Accessories,152.63,3,0,1
ORD0002419,C000601,2025-10-01,Fragrance,127.9,3,1,1
ORD0002420,C000601,2025-12-29,Beauty,149.97,6,0,1
ORD0002421,C000601,2024-08-30,Accessories,307.6,4,0,0
ORD0002422,C000601,2025-04-14,Beauty,280.72,3,1,0
ORD0002423,C000601,2025-10-26,Beauty,183.99,5,0,0
ORD0002424,C000602,2025-02-20,Accessories,320.22,4,0,1
ORD0002425,C000602,2025-08-05,Beauty,130.6,3,0,1
ORD0002426,C000602,2025-05-26,Beauty,177.97,3,0,1
ORD0002427,C000602,2025-02-16,Fragrance,266.48,5,0,1
ORD0002428,C000602,2025-11-19,RTW,365.94,4,1,1
ORD0002429,C000602,2024-09-19,RTW,322.07,3,0,1
ORD0002430,C000602,2026-01-11,Fragrance,318.03,2,0,1
ORD0002431,C000602,2025-12-01,Accessories,297.93,2,1,1
ORD0002432,C000603,2024-11-07,RTW,73.49,3,0,1
ORD0002433,C000603,2025-05-28,Fragrance,191.84,6,0,0
ORD0002434,C000603,2025-09-24,Fragrance,139.27,5,0,0
ORD0002435,C000604,2025-07-16,Accessories,370.62,4,0,1
ORD0002436,C000604,2025-01-12,Fragrance,846.67,4,0,1
ORD0002437,C000604,2024-12-24,RTW,1286.16,4,0,1
ORD0002438,C000605,2025-08-23,Accessories,436.28,4,0,1
ORD0002439,C000605,2025-08-19,Accessories,1837.83,4,0,1
ORD0002440,C000605,2025-11-17,Accessories,697.38,2,0,0
ORD0002441,C000605,2025-03-16,Beauty,638.21,2,0,0
ORD0002442,C000606,2025-07-26,Fragrance,270.19,2,0,0
ORD0002443,C000606,2025-05-15,Fragrance,333.82,7,0,1
ORD0002444,C000608,2025-07-23,Fragrance,228.38,6,0,0
ORD0002445,C000608,2025-08-30,RTW,945.39,4,0,1
ORD0002446,C000608,2025-02-26,Beauty,187.78,2,0,1
ORD0002447,C000608,2025-12-29,RTW,830.72,4,0,0
ORD0002448,C000608,2024-11-25,Fragrance,93.86,7,0,1
ORD0002449,C000608,2025-05-25,Beauty,136.04,2,1,0
ORD0002450,C000608,2024-12-03,Beauty,214.51,3,0,1
ORD0002451,C000608,2025-08-28,Beauty,259.17,6,0,1
ORD0002452,C000609,2025-01-02,Beauty,90.03,7,0,1
ORD0002453,C000609,2025-09-13,RTW,425.6,4,0,1
ORD0002454,C000609,2025-02-22,RTW,318.65,4,0,0
ORD0002455,C000610,2024-10-20,Accessories,245.61,2,0,0
ORD0002456,C000610,2024-10-26,Fragrance,63.16,3,0,1
ORD0002457,C000610,2025-07-24,RTW,276.2,4,1,1
ORD0002458,C000610,2024-11-23,Fragrance,479.5,5,0,1
ORD0002459,C000610,2025-06-08,RTW,1155.25,3,0,1
ORD0002460,C000611,2025-07-31,Fragrance,50.0,4,0,0
ORD0002461,C000611,2025-09-08,Fragrance,157.09,4,0,1
ORD0002462,C000611,2025-07-23,RTW,143.49,4,1,1
ORD0002463,C000612,2024-10-13,Accessories,231.53,3,0,1
ORD0002464,C000612,2025-09-23,Accessories,276.01,4,1,1
ORD0002465,C000612,2025-10-29,RTW,1550.58,2,0,1
ORD0002466,C000612,2025-06-13,RTW,169.24,4,0,1
ORD0002467,C000612,2025-07-29,Fragrance,79.5,3,0,1
ORD0002468,C000612,2025-08-11,RTW,232.54,4,1,1
ORD0002469,C000612,2025-08-08,RTW,1369.06,2,1,0
ORD0002470,C000612,2024-08-11,RTW,414.37,4,0,1
ORD0002471,C000613,2024-09-17,Accessories,412.97,3,0,1
ORD0002472,C000613,2025-10-26,Accessories,74.22,4,0,1
ORD0002473,C000613,2024-09-02,RTW,174.86,4,0,1
ORD0002474,C000613,2025-02-24,RTW,146.52,3,0,1
ORD0002475,C000614,2025-03-16,RTW,691.65,4,0,0
ORD0002476,C000614,2024-10-06,Fragrance,136.89,5,0,0
ORD0002477,C000614,2025-01-05,Beauty,90.75,2,0,1
ORD0002478,C000614,2025-12-10,RTW,154.94,3,0,0
ORD0002479,C000614,2025-06-02,Accessories,564.86,4,0,0
ORD0002480,C000614,2025-06-23,Fragrance,141.24,6,1,0
ORD0002481,C000614,2025-08-25,Beauty,205.11,3,0,0
ORD0002482,C000616,2025-08-07,Fragrance,437.36,5,0,1
ORD0002483,C000616,2025-03-18,Beauty,124.32,5,0,0
ORD0002484,C000616,2024-08-22,RTW,173.36,4,0,0
ORD0002485,C000616,2024-09-29,Fragrance,724.94,2,0,1
ORD0002486,C000616,2025-06-26,Fragrance,1141.01,4,0,0
ORD0002487,C000616,2025-06-10,Beauty,282.36,4,0,0
ORD0002488,C000618,2025-12-01,Beauty,353.5,1,0,1
ORD0002489,C000618,2024-09-19,Accessories,807.04,4,0,0
ORD0002490,C000618,2025-09-18,Fragrance,504.2,1,0,0
ORD0002491,C000619,2025-10-10,Accessories,350.87,4,1,0
ORD0002492,C000619,2025-01-27,Fragrance,182.81,3,0,0
ORD0002493,C000619,2026-01-20,Beauty,286.9,5,0,0
ORD0002494,C000619,2026-01-17,Beauty,650.65,3,0,0
ORD0002495,C000619,2025-12-10,Fragrance,72.28,4,0,0
ORD0002496,C000619,2025-08-31,Beauty,170.97,3,0,0
ORD0002497,C000619,2024-11-07,Fragrance,68.22,4,0,0
ORD0002498,C000620,2025-09-22,Fragrance,259.97,1,0,1
ORD0002499,C000620,2025-01-14,Fragrance,677.36,3,0,1
ORD0002500,C000620,2025-09-19,Accessories,94.12,2,0,1
ORD0002501,C000620,2025-12-13,RTW,939.79,4,0,1
ORD0002502,C000621,2026-01-28,Beauty,382.79,6,0,0
ORD0002503,C000621,2025-02-12,RTW,178.73,4,0,0
ORD0002504,C000621,2024-11-06,Beauty,208.17,4,0,0
ORD0002505,C000621,2025-10-24,Fragrance,774.67,4,0,0
ORD0002506,C000621,2025-11-19,Beauty,498.14,5,0,0
ORD0002507,C000622,2025-10-31,Beauty,175.18,7,0,0
ORD0002508,C000622,2025-11-16,Beauty,349.6,4,0,1
ORD0002509,C000622,2025-12-20,Accessories,525.11,1,0,1
ORD0002510,C000622,2025-06-21,RTW,111.66,3,1,0
ORD0002511,C000622,2025-05-06,Beauty,100.45,4,0,0
ORD0002512,C000622,2025-04-23,Beauty,264.39,4,1,1
ORD0002513,C000622,2025-08-17,Fragrance,792.29,3,0,1
ORD0002514,C000625,2025-07-07,Accessories,323.02,3,0,1
ORD0002515,C000626,2026-01-16,Beauty,77.17,2,0,1
ORD0002516,C000626,2025-01-18,Fragrance,134.14,2,0,1
ORD0002517,C000626,2024-12-24,RTW,663.5,4,0,0
ORD0002518,C000626,2025-12-20,Accessories,126.04,3,0,0
ORD0002519,C000626,2025-08-27,RTW,1436.91,4,1,0
ORD0002520,C000626,2024-12-23,Beauty,128.4,7,0,1
ORD0002521,C000627,2025-04-12,Fragrance,933.68,3,0,1
ORD0002522,C000627,2025-03-29,Accessories,1037.33,2,0,1
ORD0002523,C000627,2024-11-15,Accessories,94.63,4,0,1
ORD0002524,C000627,2025-03-23,Accessories,136.17,4,0,1
ORD0002525,C000627,2025-06-14,RTW,239.41,4,0,1
ORD0002526,C000627,2025-03-27,Fragrance,220.65,4,0,1
ORD0002527,C000628,2024-10-23,Fragrance,385.95,5,0,0
ORD0002528,C000628,2025-01-01,Beauty,1234.94,1,0,0
ORD0002529,C000628,2025-10-02,Fragrance,736.13,4,1,0
ORD0002530,C000628,2025-05-14,Beauty,191.43,8,0,1
ORD0002531,C000628,2025-09-12,Accessories,305.96,3,0,0
ORD0002532,C000630,2025-03-08,Fragrance,175.53,3,0,1
ORD0002533,C000630,2024-08-21,RTW,773.92,4,0,0
ORD0002534,C000630,2025-12-21,Accessories,363.9,2,0,0
ORD0002535,C000630,2025-10-22,Accessories,133.89,4,0,0
ORD0002536,C000631,2025-09-01,Fragrance,413.99,7,0,0
ORD0002537,C000631,2025-11-05,Beauty,655.18,2,0,0
ORD0002538,C000631,2025-01-06,Beauty,456.1,4,0,1
ORD0002539,C000631,2025-02-18,Beauty,249.44,1,0,0
ORD0002540,C000632,2025-04-17,RTW,395.2,3,0,0
ORD0002541,C000632,2025-07-23,Accessories,352.78,4,0,0
ORD0002542,C000633,2025-01-22,Accessories,1267.67,2,0,1
ORD0002543,C000633,2025-05-09,Fragrance,105.0,3,0,0
ORD0002544,C000633,2025-12-26,RTW,135.81,4,0,1
ORD0002545,C000633,2025-11-11,Accessories,145.79,3,0,1
ORD0002546,C000633,2024-09-06,Accessories,765.09,3,0,1
ORD0002547,C000633,2025-05-02,RTW,687.84,2,0,0
ORD0002548,C000634,2024-12-27,Beauty,419.88,7,0,0
ORD0002549,C000634,2025-04-30,RTW,140.14,3,0,0
ORD0002550,C000634,2024-12-15,Fragrance,151.44,5,0,0
ORD0002551,C000634,2025-05-01,Beauty,320.01,2,0,0
ORD0002552,C000634,2025-02-21,Beauty,900.85,8,0,1
ORD0002553,C000634,2025-05-30,RTW,310.72,4,0,0
ORD0002554,C000634,2025-04-28,RTW,84.05,4,0,0
ORD0002555,C000634,2024-09-03,Accessories,574.43,3,0,0
ORD0002556,C000634,2024-11-15,RTW,245.64,4,0,1
ORD0002557,C000636,2025-11-11,RTW,783.74,4,0,1
ORD0002558,C000636,2026-01-08,Fragrance,376.24,3,0,0
ORD0002559,C000636,2025-02-24,Accessories,2613.81,4,0,0
ORD0002560,C000636,2025-03-23,RTW,279.58,3,0,1
ORD0002561,C000636,2025-07-25,Beauty,344.72,9,0,1
ORD0002562,C000637,2025-03-06,Accessories,456.03,3,0,1
ORD0002563,C000637,2025-01-05,Fragrance,350.44,2,0,0
ORD0002564,C000637,2025-07-28,RTW,312.0,2,1,0
ORD0002565,C000637,2026-01-17,Fragrance,87.97,2,0,0
ORD0002566,C000637,2025-09-13,Beauty,308.58,2,0,0
ORD0002567,C000637,2025-10-01,Accessories,130.35,4,0,1
ORD0002568,C000637,2025-04-13,Accessories,433.9,4,1,0
ORD0002569,C000638,2025-05-04,RTW,184.33,3,0,0
ORD0002570,C000638,2025-05-22,Accessories,189.7,3,0,0
ORD0002571,C000638,2024-12-01,Beauty,50.0,4,0,0
ORD0002572,C000638,2025-03-12,Fragrance,73.87,3,0,0
ORD0002573,C000638,2025-12-04,RTW,1163.73,2,0,0
ORD0002574,C000638,2024-10-19,Beauty,248.67,5,0,0
ORD0002575,C000640,2026-01-12,RTW,50.0,4,1,0
ORD0002576,C000640,2025-09-28,Accessories,246.29,3,0,0
ORD0002577,C000640,2025-01-31,Beauty,96.38,5,0,0
ORD0002578,C000640,2025-09-29,Beauty,121.79,2,1,0
ORD0002579,C000640,2024-10-30,RTW,259.08,2,1,0
ORD0002580,C000640,2025-04-18,Fragrance,206.16,6,0,0
ORD0002581,C000640,2025-04-19,Accessories,117.0,3,0,0
ORD0002582,C000640,2024-08-31,Beauty,663.89,4,0,0
ORD0002583,C000642,2024-09-07,Beauty,289.81,2,1,0
ORD0002584,C000642,2025-08-16,Fragrance,657.71,3,0,0
ORD0002585,C000642,2026-01-05,RTW,372.97,4,0,1
ORD0002586,C000643,2025-02-15,Beauty,334.04,9,0,0
ORD0002587,C000643,2025-06-17,Accessories,244.65,4,0,0
ORD0002588,C000643,2025-09-17,Accessories,373.46,4,0,1
ORD0002589,C000643,2025-03-05,RTW,233.29,3,0,1
ORD0002590,C000644,2026-01-27,RTW,128.07,3,1,0
ORD0002591,C000645,2025-12-14,Beauty,195.79,5,0,0
ORD0002592,C000646,2025-01-30,RTW,398.81,4,0,0
ORD0002593,C000646,2025-11-27,RTW,261.57,2,1,0
ORD0002594,C000646,2025-03-03,RTW,496.96,2,0,0
ORD0002595,C000646,2025-12-15,Accessories,86.85,3,1,0
ORD0002596,C000646,2024-09-22,Accessories,398.54,4,0,0
ORD0002597,C000646,2025-09-21,Fragrance,50.0,4,1,0
ORD0002598,C000647,2024-10-13,Beauty,294.34,4,0,0
ORD0002599,C000647,2025-09-30,Beauty,367.39,5,0,0
ORD0002600,C000648,2025-06-12,Fragrance,361.15,1,0,1
ORD0002601,C000649,2025-09-26,Accessories,327.11,4,0,1
ORD0002602,C000650,2024-12-19,Beauty,358.77,8,0,0
ORD0002603,C000650,2025-11-03,Accessories,497.03,2,0,1
ORD0002604,C000650,2025-12-26,Fragrance,65.19,5,0,1
ORD0002605,C000650,2025-02-10,RTW,886.14,4,0,1
ORD0002606,C000650,2024-12-26,Accessories,371.2,4,0,0
ORD0002607,C000650,2025-07-24,Fragrance,380.25,2,0,0
ORD0002608,C000651,2024-09-21,Accessories,395.23,4,0,1
ORD0002609,C000651,2025-01-13,Beauty,338.33,3,0,1
ORD0002610,C000651,2025-06-26,Beauty,100.67,4,0,1
ORD0002611,C000651,2025-08-29,Fragrance,304.8,5,0,0
ORD0002612,C000651,2024-11-03,Beauty,1164.34,10,0,0
ORD0002613,C000651,2024-08-14,Fragrance,440.57,3,0,1
ORD0002614,C000651,2025-04-11,RTW,792.76,4,0,0
ORD0002615,C000652,2025-06-17,Fragrance,718.94,9,0,1
ORD0002616,C000652,2025-06-12,Beauty,1156.85,2,0,1
ORD0002617,C000652,2025-02-06,Accessories,67.89,4,0,0
ORD0002618,C000652,2025-10-29,Beauty,159.47,3,0,0
ORD0002619,C000652,2024-10-17,Beauty,452.35,3,1,1
ORD0002620,C000652,2024-09-08,Fragrance,140.67,3,0,1
ORD0002621,C000653,2024-08-31,Accessories,552.64,3,0,0
ORD0002622,C000653,2025-07-10,Fragrance,50.0,5,0,0
ORD0002623,C000653,2024-09-14,Beauty,529.85,3,0,0
ORD0002624,C000653,2025-02-02,RTW,51.25,1,0,0
ORD0002625,C000653,2025-06-17,Fragrance,482.4,5,0,0
ORD0002626,C000654,2025-07-27,Beauty,877.5,7,0,0
ORD0002627,C000654,2024-09-13,Fragrance,295.89,3,0,0
ORD0002628,C000654,2024-11-11,Accessories,145.58,1,0,0
ORD0002629,C000654,2025-05-11,Accessories,374.02,4,0,0
ORD0002630,C000656,2025-03-04,Beauty,338.6,4,0,0
ORD0002631,C000656,2025-09-04,Beauty,50.0,5,0,0
ORD0002632,C000656,2025-06-23,Beauty,277.35,4,0,0
ORD0002633,C000656,2025-09-07,Beauty,53.64,5,0,0
ORD0002634,C000656,2024-08-28,Beauty,63.39,5,1,0
ORD0002635,C000656,2025-04-06,RTW,931.51,4,0,0
ORD0002636,C000657,2025-08-26,Beauty,404.95,1,0,0
ORD0002637,C000657,2025-07-26,Beauty,185.39,7,0,0
ORD0002638,C000657,2024-12-12,Accessories,235.84,2,1,1
ORD0002639,C000657,2025-02-19,Accessories,559.75,1,0,0
ORD0002640,C000657,2024-12-28,Fragrance,335.27,4,0,0
ORD0002641,C000657,2024-09-27,Accessories,839.4,3,0,1
ORD0002642,C000657,2025-10-05,RTW,578.72,4,0,1
ORD0002643,C000658,2024-09-14,Accessories,141.63,4,0,0
ORD0002644,C000658,2026-01-24,Fragrance,354.87,4,0,1
ORD0002645,C000658,2025-03-24,Accessories,285.62,4,0,0
ORD0002646,C000658,2025-03-05,Beauty,276.38,2,0,0
ORD0002647,C000658,2025-11-18,Accessories,530.87,4,0,1
ORD0002648,C000658,2024-12-16,Accessories,175.08,4,0,0
ORD0002649,C000658,2025-04-12,Accessories,194.83,4,0,1
ORD0002650,C000659,2024-10-03,RTW,603.04,4,0,0
ORD0002651,C000659,2025-03-15,Accessories,62.98,4,0,0
ORD0002652,C000659,2025-12-15,Fragrance,100.23,2,0,0
ORD0002653,C000659,2025-11-17,Beauty,66.62,7,0,0
ORD0002654,C000659,2025-11-23,Beauty,171.23,1,0,0
ORD0002655,C000659,2025-05-01,Beauty,216.47,1,1,0
ORD0002656,C000659,2025-02-14,RTW,243.54,3,0,0
ORD0002657,C000659,2025-10-29,Beauty,153.72,5,0,0
ORD0002658,C000659,2025-06-28,Fragrance,299.18,2,0,0
ORD0002659,C000659,2024-09-09,Beauty,230.72,3,0,0
ORD0002660,C000659,2024-09-29,Beauty,86.02,5,0,0
ORD0002661,C000660,2026-01-12,Accessories,230.12,2,0,1
ORD0002662,C000660,2025-08-21,Accessories,207.62,3,0,1
ORD0002663,C000660,2024-09-09,RTW,872.48,4,1,1
ORD0002664,C000660,2025-10-31,Beauty,198.32,4,0,1
ORD0002665,C000661,2025-07-08,RTW,378.73,3,0,1
ORD0002666,C000661,2024-11-16,Accessories,825.16,3,0,1
ORD0002667,C000661,2024-10-14,RTW,343.43,2,0,1
ORD0002668,C000661,2024-12-11,Accessories,2256.91,4,1,0
ORD0002669,C000661,2024-10-02,RTW,220.04,2,0,1
ORD0002670,C000661,2024-09-15,Accessories,1515.03,3,0,1
ORD0002671,C000661,2025-07-25,Accessories,334.52,2,0,1
ORD0002672,C000662,2026-01-02,RTW,366.62,4,0,1
ORD0002673,C000662,2024-10-01,RTW,384.54,4,0,1
ORD0002674,C000662,2025-06-02,RTW,111.46,4,0,0
ORD0002675,C000662,2025-03-20,Accessories,414.9,4,0,1
ORD0002676,C000662,2025-01-04,Beauty,1028.6,5,0,1
ORD0002677,C000663,2024-08-24,RTW,91.2,4,0,0
ORD0002678,C000663,2025-02-22,Accessories,678.38,4,0,0
ORD0002679,C000663,2025-12-15,Fragrance,416.31,2,0,0
ORD0002680,C000663,2025-02-04,Beauty,199.64,3,0,0
ORD0002681,C000663,2024-09-20,Accessories,148.26,4,0,0
ORD0002682,C000664,2025-04-16,Beauty,61.4,3,0,0
ORD0002683,C000664,2025-04-15,Accessories,89.1,4,0,0
ORD0002684,C000664,2026-01-29,Fragrance,285.32,3,0,0
ORD0002685,C000664,2024-10-12,Beauty,173.39,3,0,0
ORD0002686,C000664,2024-11-11,Beauty,94.93,5,0,0
ORD0002687,C000664,2024-10-29,Fragrance,193.81,7,0,0
ORD0002688,C000664,2025-10-31,RTW,130.74,4,0,0
ORD0002689,C000664,2025-02-09,Beauty,173.49,4,0,0
ORD0002690,C000666,2025-05-12,RTW,509.23,3,0,1
ORD0002691,C000667,2024-12-10,RTW,459.97,3,0,1
ORD0002692,C000667,2025-06-19,RTW,50.0,4,0,1
ORD0002693,C000667,2024-12-31,Accessories,210.57,3,0,1
ORD0002694,C000668,2025-07-24,Beauty,403.64,4,0,0
ORD0002695,C000668,2025-10-10,Fragrance,188.54,4,0,0
ORD0002696,C000668,2025-01-29,RTW,50.0,4,0,0
ORD0002697,C000668,2025-06-16,Beauty,146.86,2,0,1
ORD0002698,C000668,2025-01-16,Beauty,324.55,5,0,0
ORD0002699,C000668,2025-07-31,Beauty,127.61,3,0,0
ORD0002700,C000668,2025-08-19,RTW,564.2,2,0,0
ORD0002701,C000669,2024-11-20,Accessories,443.3,3,0,0
ORD0002702,C000669,2025-03-15,Fragrance,515.21,4,0,0
ORD0002703,C000669,2025-02-21,RTW,103.92,3,0,1
ORD0002704,C000669,2025-04-17,Accessories,230.05,4,0,1
ORD0002705,C000669,2025-03-31,Accessories,2149.77,4,0,1
ORD0002706,C000669,2025-04-06,Accessories,229.15,1,0,1
ORD0002707,C000670,2025-05-12,RTW,111.91,4,0,0
ORD0002708,C000670,2025-03-24,Beauty,133.24,2,0,0
ORD0002709,C000670,2025-05-25,Accessories,85.91,4,0,0
ORD0002710,C000670,2025-05-11,Fragrance,223.82,3,0,0
ORD0002711,C000670,2025-06-13,Accessories,479.46,4,0,0
ORD0002712,C000670,2024-12-07,RTW,132.45,3,0,0
ORD0002713,C000670,2025-08-08,Beauty,143.58,3,0,1
ORD0002714,C000671,2025-02-28,Fragrance,197.39,3,0,1
ORD0002715,C000671,2024-09-29,RTW,244.8,4,0,1
ORD0002716,C000671,2024-08-14,Accessories,90.51,4,0,0
ORD0002717,C000671,2025-10-20,RTW,691.88,4,0,1
ORD0002718,C000672,2026-01-22,Beauty,210.4,2,0,0
ORD0002719,C000672,2024-10-31,Accessories,262.75,4,0,0
ORD0002720,C000672,2025-10-05,Accessories,120.41,2,0,0
ORD0002721,C000672,2024-09-27,Accessories,174.83,4,0,0
ORD0002722,C000672,2024-08-17,Beauty,185.63,3,0,1
ORD0002723,C000672,2024-12-04,Beauty,860.16,3,0,0
ORD0002724,C000673,2025-09-17,RTW,240.35,4,0,1
ORD0002725,C000673,2025-05-25,Fragrance,74.27,3,1,1
ORD0002726,C000673,2024-11-13,Accessories,696.4,3,0,1
ORD0002727,C000675,2025-11-26,Beauty,219.05,2,0,1
ORD0002728,C000675,2025-12-06,Accessories,209.45,4,0,1
ORD0002729,C000675,2025-01-31,Fragrance,293.26,4,1,1
ORD0002730,C000675,2025-07-06,Accessories,134.75,4,0,1
ORD0002731,C000675,2024-12-24,Accessories,492.43,4,0,1
ORD0002732,C000676,2024-12-25,Fragrance,666.53,2,0,0
ORD0002733,C000676,2024-10-05,RTW,275.22,4,0,0
ORD0002734,C000676,2024-11-16,Beauty,202.23,1,0,1
ORD0002735,C000676,2025-06-21,Accessories,179.86,4,0,1
ORD0002736,C000678,2025-01-26,Accessories,549.37,3,0,1
ORD0002737,C000678,2025-03-01,Beauty,746.08,4,0,1
ORD0002738,C000678,2025-11-17,RTW,249.2,4,0,1
ORD0002739,C000678,2025-01-16,Accessories,70.54,4,1,1
ORD0002740,C000679,2025-07-27,Beauty,209.88,2,0,0
ORD0002741,C000679,2025-09-14,RTW,643.38,4,1,0
ORD0002742,C000679,2025-03-19,RTW,50.0,4,0,0
ORD0002743,C000679,2024-12-10,Beauty,86.39,2,0,0
ORD0002744,C000679,2025-03-28,Accessories,58.76,3,0,0
ORD0002745,C000679,2024-12-01,Accessories,208.13,3,0,0
ORD0002746,C000679,2024-12-21,Beauty,159.9,4,0,0
ORD0002747,C000679,2026-01-02,Beauty,706.81,2,1,0
ORD0002748,C000680,2025-03-15,Fragrance,236.49,7,0,0
ORD0002749,C000680,2025-04-18,Accessories,133.81,4,0,0
ORD0002750,C000680,2025-12-10,Fragrance,293.8,8,0,0
ORD0002751,C000680,2025-10-31,Beauty,50.0,9,0,0
ORD0002752,C000680,2024-11-08,Fragrance,155.58,6,0,1
ORD0002753,C000680,2025-05-06,Accessories,286.5,3,0,1
ORD0002754,C000680,2025-07-02,Accessories,891.99,4,0,1
ORD0002755,C000680,2025-06-11,RTW,235.12,4,0,0
ORD0002756,C000680,2025-01-20,Beauty,132.82,3,0,0
ORD0002757,C000681,2025-04-18,Fragrance,301.78,7,0,0
ORD0002758,C000681,2024-10-28,Accessories,50.68,2,0,0
ORD0002759,C000682,2025-08-20,Beauty,867.59,5,0,0
ORD0002760,C000682,2025-08-27,Beauty,136.19,4,0,0
ORD0002761,C000682,2025-09-13,Beauty,693.51,1,1,0
ORD0002762,C000682,2025-10-12,RTW,1239.26,2,0,0
ORD0002763,C000682,2025-06-09,Beauty,76.67,1,1,0
ORD0002764,C000682,2024-12-08,Beauty,217.44,3,0,1
ORD0002765,C000682,2025-09-27,Beauty,183.21,2,0,0
ORD0002766,C000682,2024-10-20,Fragrance,66.8,2,0,0
ORD0002767,C000683,2024-11-08,RTW,284.17,4,0,1
ORD0002768,C000683,2024-09-28,Accessories,317.0,4,0,1
ORD0002769,C000683,2025-03-14,Accessories,369.06,4,0,1
ORD0002770,C000683,2025-08-06,Fragrance,151.45,2,0,1
ORD0002771,C000683,2025-12-04,RTW,762.7,4,1,0
ORD0002772,C000683,2025-06-08,Fragrance,185.16,2,0,1
ORD0002773,C000685,2025-05-11,Accessories,183.4,4,0,1
ORD0002774,C000685,2026-01-01,Fragrance,468.79,2,0,1
ORD0002775,C000685,2025-09-18,RTW,380.82,4,1,1
ORD0002776,C000685,2024-10-18,RTW,186.68,2,1,0
ORD0002777,C000685,2026-01-14,RTW,153.53,4,1,1
ORD0002778,C000685,2025-08-16,Fragrance,452.76,9,0,1
ORD0002779,C000685,2025-12-08,Beauty,95.78,6,0,1
ORD0002780,C000686,2024-12-03,Fragrance,555.4,2,0,1
ORD0002781,C000686,2024-10-14,Beauty,151.47,5,0,0
ORD0002782,C000686,2024-09-30,RTW,1004.36,4,0,1
ORD0002783,C000686,2025-03-08,Accessories,161.61,3,0,1
ORD0002784,C000686,2025-07-27,Fragrance,795.48,2,0,1
ORD0002785,C000686,2025-01-27,Accessories,310.69,2,0,1
ORD0002786,C000686,2024-11-05,Accessories,317.22,3,0,1
ORD0002787,C000686,2025-09-01,Fragrance,227.25,3,0,0
ORD0002788,C000686,2025-11-26,Fragrance,1588.71,4,0,1
ORD0002789,C000687,2025-12-20,Accessories,388.97,2,0,1
ORD0002790,C000687,2025-02-13,Accessories,255.36,4,0,1
ORD0002791,C000687,2025-04-17,Fragrance,129.02,1,0,0
ORD0002792,C000687,2025-09-02,RTW,307.03,3,0,1
ORD0002793,C000687,2025-07-22,RTW,159.19,4,0,1
ORD0002794,C000687,2025-11-13,Accessories,868.87,2,0,1
ORD0002795,C000687,2025-11-05,RTW,284.87,4,1,1
ORD0002796,C000687,2024-10-19,Fragrance,267.68,5,0,1
ORD0002797,C000688,2025-02-10,Fragrance,258.18,4,0,0
ORD0002798,C000688,2025-12-10,RTW,696.66,3,0,0
ORD0002799,C000688,2025-11-16,Accessories,159.2,3,0,1
ORD0002800,C000688,2024-09-21,Beauty,512.91,4,0,1
ORD0002801,C000688,2025-06-14,Fragrance,57.49,5,0,1
ORD0002802,C000688,2025-05-18,Accessories,106.77,4,0,1
ORD0002803,C000688,2025-03-11,Beauty,345.03,3,0,0
ORD0002804,C000689,2025-10-10,Beauty,105.37,2,0,1
ORD0002805,C000689,2025-09-07,Accessories,283.12,2,0,0
ORD0002806,C000689,2025-05-15,Fragrance,111.97,6,0,0
ORD0002807,C000689,2025-07-28,RTW,103.67,4,0,1
ORD0002808,C000689,2025-04-09,Beauty,289.41,4,0,1
ORD0002809,C000690,2025-08-03,Accessories,99.31,4,0,0
ORD0002810,C000690,2025-05-09,Fragrance,271.88,4,0,0
ORD0002811,C000690,2025-07-18,Accessories,221.94,2,0,0
ORD0002812,C000690,2026-01-29,Beauty,185.63,11,0,0
ORD0002813,C000690,2025-07-07,Accessories,93.56,4,0,0
ORD0002814,C000690,2024-11-03,Fragrance,201.41,3,0,0
ORD0002815,C000691,2025-03-24,Fragrance,76.99,4,0,0
ORD0002816,C000691,2024-08-28,Beauty,157.07,3,0,0
ORD0002817,C000691,2026-01-18,Fragrance,398.4,4,0,1
ORD0002818,C000691,2025-08-13,RTW,179.3,4,1,1
ORD0002819,C000691,2025-01-09,RTW,167.97,3,0,0
ORD0002820,C000691,2025-11-18,RTW,131.49,3,0,0
ORD0002821,C000691,2025-07-20,RTW,319.52,4,0,1
ORD0002822,C000691,2025-05-12,Accessories,62.23,4,0,0
ORD0002823,C000692,2024-12-20,Fragrance,228.29,4,0,0
ORD0002824,C000692,2025-08-20,Fragrance,938.35,4,0,0
ORD0002825,C000692,2025-03-12,Beauty,122.06,6,0,1
ORD0002826,C000692,2024-10-24,Beauty,912.5,7,0,0
ORD0002827,C000692,2025-08-09,Accessories,92.33,2,0,1
ORD0002828,C000692,2025-08-26,Fragrance,181.34,5,1,1
ORD0002829,C000692,2024-12-18,Beauty,1437.61,1,0,1
ORD0002830,C000692,2025-09-15,Beauty,335.27,5,1,1
ORD0002831,C000693,2025-08-22,Accessories,453.02,4,0,1
ORD0002832,C000693,2025-11-18,Fragrance,50.0,3,0,0
ORD0002833,C000693,2024-12-06,Accessories,1516.96,4,0,1
ORD0002834,C000694,2025-03-11,RTW,136.97,4,0,0
ORD0002835,C000695,2024-12-15,Accessories,203.51,4,0,1
ORD0002836,C000696,2025-08-26,Fragrance,147.78,5,0,1
ORD0002837,C000696,2025-04-02,Accessories,721.26,2,0,0
ORD0002838,C000696,2025-12-18,Beauty,532.41,5,0,1
ORD0002839,C000697,2025-05-10,Fragrance,67.19,3,0,1
ORD0002840,C000698,2025-02-17,Beauty,393.18,6,1,1
ORD0002841,C000698,2025-10-13,Accessories,252.59,4,0,0
ORD0002842,C000698,2025-12-20,Accessories,2047.86,4,1,0
ORD0002843,C000698,2025-06-15,Beauty,229.29,6,0,1
ORD0002844,C000698,2025-11-06,RTW,427.36,4,0,1
ORD0002845,C000698,2025-08-06,Beauty,111.17,5,0,1
ORD0002846,C000698,2025-04-02,Accessories,285.35,4,0,0
ORD0002847,C000699,2025-10-07,Accessories,519.26,3,0,1
ORD0002848,C000699,2024-11-11,RTW,811.3,4,0,1
ORD0002849,C000699,2024-12-15,RTW,284.46,3,0,1
ORD0002850,C000699,2025-10-10,Beauty,183.59,5,0,1
ORD0002851,C000700,2025-12-02,Accessories,50.0,4,0,0
ORD0002852,C000700,2025-09-16,RTW,166.68,3,0,1
ORD0002853,C000700,2025-12-18,Accessories,744.82,4,0,1
ORD0002854,C000700,2024-09-03,RTW,210.63,2,0,1
ORD0002855,C000700,2024-08-11,Fragrance,288.94,8,0,1
ORD0002856,C000701,2024-08-15,Beauty,238.61,5,0,0
ORD0002857,C000701,2024-12-29,RTW,507.3,1,0,1
ORD0002858,C000701,2024-12-18,Fragrance,422.31,2,0,0
ORD0002859,C000702,2025-10-01,Fragrance,427.15,2,0,1
ORD0002860,C000702,2025-06-22,Fragrance,216.82,3,0,1
ORD0002861,C000703,2025-09-08,Fragrance,82.37,8,0,1
ORD0002862,C000703,2025-09-04,Accessories,67.23,4,0,1
ORD0002863,C000703,2026-01-13,Beauty,482.85,4,0,1
ORD0002864,C000704,2025-04-14,Accessories,382.99,4,0,1
ORD0002865,C000704,2025-06-22,Accessories,322.75,4,0,1
ORD0002866,C000704,2024-09-20,RTW,448.73,3,0,0
ORD0002867,C000704,2025-10-08,RTW,453.84,2,1,0
ORD0002868,C000705,2024-10-30,Fragrance,236.53,2,0,0
ORD0002869,C000705,2025-04-21,Beauty,208.77,6,0,0
ORD0002870,C000705,2025-08-19,Accessories,535.01,4,0,1
ORD0002871,C000705,2026-01-10,Fragrance,354.82,9,1,0
ORD0002872,C000706,2024-11-24,Accessories,324.25,3,0,1
ORD0002873,C000706,2025-08-11,Accessories,906.17,3,0,1
ORD0002874,C000706,2025-02-08,Accessories,209.45,3,0,1
ORD0002875,C000706,2025-02-20,Beauty,175.58,3,0,1
ORD0002876,C000707,2025-10-24,Accessories,206.36,4,1,1
ORD0002877,C000707,2025-03-02,Beauty,395.95,1,0,1
ORD0002878,C000707,2025-06-04,Accessories,99.14,4,0,1
ORD0002879,C000707,2025-02-01,Fragrance,792.1,4,0,1
ORD0002880,C000707,2024-11-29,Accessories,710.12,3,0,1
ORD0002881,C000707,2025-11-28,Accessories,1414.31,3,1,1
ORD0002882,C000708,2024-11-14,RTW,263.11,4,0,1
ORD0002883,C000708,2024-11-10,RTW,956.28,4,0,0
ORD0002884,C000708,2025-08-02,Beauty,721.11,2,0,0
ORD0002885,C000708,2025-07-03,Fragrance,903.35,2,0,1
ORD0002886,C000708,2025-01-01,Accessories,169.78,4,0,0
ORD0002887,C000708,2025-07-06,RTW,478.57,1,0,1
ORD0002888,C000708,2025-11-06,Accessories,398.77,3,0,1
ORD0002889,C000708,2024-12-14,RTW,402.68,2,0,1
ORD0002890,C000709,2025-05-22,Accessories,414.45,4,0,1
ORD0002891,C000709,2025-10-11,RTW,280.13,4,1,1
ORD0002892,C000709,2025-08-25,Accessories,209.03,2,0,0
ORD0002893,C000709,2025-07-09,Beauty,100.53,4,0,0
ORD0002894,C000710,2025-08-27,Beauty,412.43,5,1,0
ORD0002895,C000710,2024-08-28,RTW,161.25,4,0,0
ORD0002896,C000710,2025-07-23,Beauty,197.76,2,0,0
ORD0002897,C000710,2025-11-27,Beauty,189.5,3,0,0
ORD0002898,C000710,2026-01-10,Beauty,383.92,4,0,0
ORD0002899,C000710,2024-09-13,Beauty,196.78,4,0,0
ORD0002900,C000710,2024-11-24,Beauty,155.84,4,0,0
ORD0002901,C000711,2025-08-12,Beauty,152.1,6,1,0
ORD0002902,C000712,2024-08-13,Beauty,357.43,6,1,0
ORD0002903,C000713,2025-05-03,RTW,726.45,1,0,1
ORD0002904,C000713,2025-09-22,Accessories,80.62,3,0,0
ORD0002905,C000713,2024-12-07,Beauty,117.54,4,1,0
ORD0002906,C000713,2025-10-09,Beauty,210.19,2,0,0
ORD0002907,C000713,2025-05-23,Beauty,179.08,6,0,0
ORD0002908,C000713,2024-09-08,Beauty,83.52,3,0,0
ORD0002909,C000714,2025-08-29,Fragrance,831.06,3,0,0
ORD0002910,C000714,2024-12-18,RTW,85.03,4,0,0
ORD0002911,C000714,2025-02-02,Beauty,203.53,2,0,0
ORD0002912,C000715,2025-03-05,RTW,238.33,4,0,1
ORD0002913,C000715,2024-08-29,Accessories,217.9,4,0,0
ORD0002914,C000715,2025-08-17,Accessories,153.44,1,0,1
ORD0002915,C000715,2025-04-26,RTW,109.4,4,0,1
ORD0002916,C000715,2026-01-21,Accessories,78.59,4,0,1
ORD0002917,C000716,2025-09-13,Beauty,368.83,5,0,0
ORD0002918,C000716,2024-11-01,Accessories,720.37,4,0,0
ORD0002919,C000716,2024-12-05,Beauty,609.41,3,0,0
ORD0002920,C000717,2025-03-25,Beauty,290.0,3,1,1
ORD0002921,C000717,2024-12-21,RTW,536.95,3,0,0
ORD0002922,C000717,2024-10-19,Beauty,477.72,3,0,0
ORD0002923,C000717,2025-05-14,RTW,102.88,2,0,0
ORD0002924,C000717,2025-04-14,Fragrance,401.83,3,0,1
ORD0002925,C000717,2024-08-27,Fragrance,346.54,2,0,0
ORD0002926,C000717,2024-09-01,Accessories,773.28,4,0,1
ORD0002927,C000718,2024-10-14,Fragrance,50.0,4,0,0
ORD0002928,C000718,2024-08-17,Fragrance,230.9,2,0,0
ORD0002929,C000718,2024-12-18,Beauty,601.32,5,0,0
ORD0002930,C000718,2025-10-13,Accessories,129.8,4,0,0
ORD0002931,C000718,2026-01-02,RTW,511.56,2,0,0
ORD0002932,C000720,2025-08-13,Fragrance,101.9,3,0,0
ORD0002933,C000720,2024-12-23,Beauty,496.85,4,0,1
ORD0002934,C000720,2025-08-08,RTW,61.63,3,1,0
ORD0002935,C000720,2025-12-29,Fragrance,758.46,4,0,1
ORD0002936,C000721,2024-10-18,Beauty,143.74,3,1,0
ORD0002937,C000721,2025-11-29,Accessories,146.3,4,1,0
ORD0002938,C000721,2025-04-28,Beauty,77.16,3,0,0
ORD0002939,C000721,2024-08-16,Beauty,50.0,8,1,0
ORD0002940,C000721,2025-07-20,RTW,373.48,4,0,0
ORD0002941,C000722,2025-02-27,Accessories,676.81,4,0,1
ORD0002942,C000722,2025-06-02,Fragrance,219.54,6,0,1
ORD0002943,C000722,2025-05-07,Accessories,318.04,3,0,1
ORD0002944,C000722,2025-10-14,Fragrance,364.42,2,0,1
ORD0002945,C000722,2025-06-02,Accessories,272.0,3,1,0
ORD0002946,C000722,2024-10-30,RTW,231.7,4,0,0
ORD0002947,C000722,2025-12-13,RTW,196.87,4,1,1
ORD0002948,C000723,2025-02-11,Beauty,278.34,6,0,1
ORD0002949,C000723,2024-12-14,Beauty,179.08,7,1,0
ORD0002950,C000723,2025-01-31,RTW,296.82,4,0,1
ORD0002951,C000723,2025-01-29,Fragrance,310.21,3,0,1
ORD0002952,C000723,2025-05-08,RTW,760.51,4,0,1
ORD0002953,C000723,2024-11-08,RTW,356.21,4,0,1
ORD0002954,C000724,2025-04-04,Accessories,567.55,4,0,1
ORD0002955,C000724,2024-09-03,Fragrance,222.82,4,0,0
ORD0002956,C000724,2026-01-11,Accessories,173.18,4,0,1
ORD0002957,C000724,2025-08-18,RTW,501.95,4,0,1
ORD0002958,C000724,2025-12-26,Accessories,146.33,1,1,1
ORD0002959,C000724,2025-07-06,Accessories,1026.59,3,0,0
ORD0002960,C000725,2025-09-27,Accessories,1071.22,2,1,1
ORD0002961,C000726,2025-04-03,Accessories,185.39,3,0,0
ORD0002962,C000726,2025-09-18,Beauty,407.51,4,0,0
ORD0002963,C000726,2024-12-24,Beauty,605.29,4,0,0
ORD0002964,C000728,2024-11-24,Fragrance,234.87,7,0,0
ORD0002965,C000728,2025-01-12,Fragrance,141.66,3,0,0
ORD0002966,C000728,2025-01-09,Fragrance,238.49,2,0,0
ORD0002967,C000729,2025-10-03,Beauty,359.33,4,0,0
ORD0002968,C000729,2024-11-10,RTW,186.8,4,0,0
ORD0002969,C000729,2024-11-21,Beauty,62.18,5,0,0
ORD0002970,C000730,2025-07-29,Beauty,82.04,2,0,1
ORD0002971,C000730,2025-06-03,Accessories,245.63,4,0,0
ORD0002972,C000730,2025-04-04,Beauty,727.77,6,0,1
ORD0002973,C000730,2024-09-07,Accessories,52.15,4,0,0
ORD0002974,C000730,2025-03-26,RTW,340.01,2,0,0
ORD0002975,C000730,2025-03-03,Fragrance,92.16,4,0,0
ORD0002976,C000730,2024-11-09,Beauty,389.21,5,0,0
ORD0002977,C000730,2025-06-07,Accessories,166.53,4,0,0
ORD0002978,C000730,2024-09-17,Accessories,182.79,3,0,0
ORD0002979,C000730,2025-04-11,Beauty,115.54,4,0,0
ORD0002980,C000731,2025-10-18,Accessories,392.12,4,0,0
ORD0002981,C000732,2025-12-04,Beauty,107.59,5,1,1
ORD0002982,C000732,2025-09-22,Accessories,164.81,4,0,0
ORD0002983,C000732,2025-11-22,Beauty,237.2,6,0,0
ORD0002984,C000732,2025-06-02,Beauty,188.58,6,0,0
ORD0002985,C000733,2024-10-13,Beauty,667.53,2,0,0
ORD0002986,C000733,2025-04-28,Beauty,101.55,6,0,0
ORD0002987,C000733,2025-05-23,Beauty,276.7,3,0,0
ORD0002988,C000733,2025-03-08,Beauty,469.53,3,0,0
ORD0002989,C000733,2025-03-24,RTW,441.34,4,0,0
ORD0002990,C000733,2025-09-09,Beauty,58.7,5,0,0
ORD0002991,C000733,2024-12-11,RTW,122.1,4,1,0
ORD0002992,C000734,2024-09-17,Fragrance,50.0,4,0,0
ORD0002993,C000734,2025-11-23,RTW,167.96,3,1,0
ORD0002994,C000734,2025-12-13,Beauty,430.84,4,0,0
ORD0002995,C000734,2025-05-11,Beauty,462.33,4,0,0
ORD0002996,C000735,2024-10-05,Fragrance,122.9,4,0,0
ORD0002997,C000735,2025-06-25,Fragrance,311.82,4,0,0
ORD0002998,C000735,2024-11-08,Beauty,165.75,5,0,0
ORD0002999,C000735,2025-04-03,Fragrance,118.84,6,1,0
ORD0003000,C000735,2024-10-15,Beauty,94.78,3,1,0
ORD0003001,C000735,2024-10-17,Fragrance,170.52,1,0,0
ORD0003002,C000735,2025-07-06,Beauty,210.15,4,1,0
ORD0003003,C000735,2024-08-26,Accessories,56.88,2,0,0
ORD0003004,C000736,2025-09-25,Accessories,806.66,4,0,1
ORD0003005,C000736,2025-11-21,Accessories,1492.48,4,0,1
ORD0003006,C000736,2024-08-15,Accessories,402.27,4,0,0
ORD0003007,C000736,2024-11-19,Beauty,400.86,3,0,1
ORD0003008,C000736,2024-08-30,Accessories,332.02,4,0,1
ORD0003009,C000736,2025-11-22,Accessories,162.95,4,0,1
ORD0003010,C000737,2024-10-01,RTW,207.8,4,0,0
ORD0003011,C000737,2024-11-11,Beauty,790.06,3,0,0
ORD0003012,C000737,2025-03-16,Fragrance,50.0,3,0,0
ORD0003013,C000738,2025-03-23,Beauty,84.26,2,0,0
ORD0003014,C000738,2025-06-27,Accessories,3695.79,4,0,0
ORD0003015,C000738,2024-09-23,RTW,176.39,4,0,0
ORD0003016,C000738,2025-12-10,Fragrance,96.03,5,1,0
ORD0003017,C000738,2025-10-13,Fragrance,423.34,7,0,0
ORD0003018,C000738,2025-07-22,Fragrance,101.83,5,0,0
ORD0003019,C000738,2024-09-09,Accessories,234.08,3,1,0
ORD0003020,C000738,2025-01-08,Fragrance,50.0,5,0,0
ORD0003021,C000738,2024-12-19,Accessories,254.16,1,0,1
ORD0003022,C000739,2025-03-19,Fragrance,158.95,2,0,1
ORD0003023,C000739,2025-09-13,Accessories,90.67,3,0,1
ORD0003024,C000739,2025-01-10,RTW,380.45,4,0,1
ORD0003025,C000739,2025-02-15,Accessories,351.28,4,1,1
ORD0003026,C000739,2026-01-01,Accessories,88.05,2,0,1
ORD0003027,C000739,2025-02-16,Accessories,224.19,2,0,1
ORD0003028,C000740,2025-06-05,Accessories,432.51,4,0,0
ORD0003029,C000740,2025-02-16,Beauty,170.47,3,0,0
ORD0003030,C000741,2024-12-07,Fragrance,148.03,2,0,0
ORD0003031,C000741,2025-04-11,Beauty,280.8,2,0,0
ORD0003032,C000741,2025-04-22,Beauty,460.39,4,0,0
ORD0003033,C000741,2024-08-19,Accessories,79.72,2,0,0
ORD0003034,C000741,2024-10-19,Accessories,72.38,4,0,0
ORD0003035,C000742,2025-01-16,Beauty,434.11,5,0,0
ORD0003036,C000742,2025-02-28,Beauty,306.49,6,0,0
ORD0003037,C000743,2024-08-16,RTW,292.87,4,0,0
ORD0003038,C000743,2025-10-09,Fragrance,1020.56,4,0,1
ORD0003039,C000743,2025-09-06,RTW,50.0,4,1,0
ORD0003040,C000743,2024-10-14,Accessories,332.5,4,0,0
ORD0003041,C000743,2025-11-16,RTW,207.76,4,0,1
ORD0003042,C000744,2025-07-22,Fragrance,239.82,5,0,0
ORD0003043,C000744,2024-10-25,RTW,850.5,4,0,0
ORD0003044,C000744,2025-02-28,Fragrance,210.68,3,0,0
ORD0003045,C000745,2025-05-07,Beauty,50.0,3,0,0
ORD0003046,C000745,2025-05-03,Fragrance,708.25,4,0,0
ORD0003047,C000746,2024-09-09,Fragrance,113.33,6,0,1
ORD0003048,C000746,2024-12-26,Fragrance,99.8,4,0,1
ORD0003049,C000746,2025-07-28,Beauty,329.34,3,0,0
ORD0003050,C000746,2025-06-30,Beauty,223.99,5,0,1
ORD0003051,C000747,2024-11-12,RTW,174.27,2,0,1
ORD0003052,C000747,2025-11-08,RTW,144.84,3,0,1
ORD0003053,C000747,2024-09-14,RTW,196.96,4,0,1
ORD0003054,C000747,2025-02-20,Beauty,392.66,7,0,0
ORD0003055,C000747,2026-01-07,Accessories,527.62,4,0,1
ORD0003056,C000747,2025-08-13,Accessories,704.69,3,0,1
ORD0003057,C000748,2025-12-13,Accessories,690.03,4,0,0
ORD0003058,C000748,2024-11-21,Fragrance,99.2,2,0,0
ORD0003059,C000748,2025-06-18,Fragrance,809.08,6,0,0
ORD0003060,C000748,2025-03-16,Fragrance,179.43,4,0,0
ORD0003061,C000748,2026-01-09,Beauty,358.49,5,0,0
ORD0003062,C000748,2026-01-18,RTW,56.71,4,0,0
ORD0003063,C000749,2025-07-15,Accessories,301.87,4,0,1
ORD0003064,C000749,2025-09-28,Accessories,277.14,3,0,1
ORD0003065,C000750,2025-11-10,RTW,231.56,2,1,0
ORD0003066,C000750,2025-09-24,Fragrance,278.07,4,0,0
ORD0003067,C000750,2025-03-22,Accessories,754.2,4,0,0
ORD0003068,C000751,2025-02-07,Beauty,300.86,2,0,0
ORD0003069,C000751,2025-12-18,Fragrance,64.27,3,0,0
ORD0003070,C000751,2025-03-01,Fragrance,203.28,4,0,0
ORD0003071,C000751,2024-09-03,Accessories,245.49,4,0,1
ORD0003072,C000751,2025-03-01,Beauty,136.54,3,1,0
ORD0003073,C000751,2025-06-27,Beauty,77.9,7,0,0
ORD0003074,C000751,2025-11-20,Beauty,322.14,1,0,0
ORD0003075,C000751,2024-09-09,Beauty,83.08,6,0,0
ORD0003076,C000752,2025-09-09,RTW,156.21,2,0,1
ORD0003077,C000752,2025-02-07,Fragrance,377.9,4,0,0
ORD0003078,C000752,2025-05-24,Beauty,102.24,4,0,0
ORD0003079,C000752,2025-11-30,Accessories,568.8,4,0,0
ORD0003080,C000753,2025-03-07,Beauty,294.53,6,0,0
ORD0003081,C000753,2024-11-16,Beauty,151.77,4,1,0
ORD0003082,C000753,2025-04-07,Beauty,420.49,3,0,1
ORD0003083,C000754,2025-02-22,Accessories,441.23,4,0,0
ORD0003084,C000754,2025-05-30,Fragrance,132.85,3,0,0
ORD0003085,C000754,2025-01-30,Fragrance,189.85,3,0,0
ORD0003086,C000754,2025-10-19,Beauty,189.12,4,0,0
ORD0003087,C000754,2025-12-18,Beauty,238.35,5,0,0
ORD0003088,C000754,2025-05-30,Accessories,474.46,1,0,0
ORD0003089,C000754,2026-01-02,Beauty,221.04,2,0,0
ORD0003090,C000754,2024-11-25,RTW,326.18,4,0,0
ORD0003091,C000755,2024-12-07,Beauty,295.02,4,1,0
ORD0003092,C000755,2025-04-03,Accessories,392.54,1,0,0
ORD0003093,C000755,2025-05-14,Fragrance,63.57,4,0,0
ORD0003094,C000756,2024-12-04,Fragrance,678.28,4,1,0
ORD0003095,C000756,2024-10-15,RTW,178.7,4,0,1
ORD0003096,C000756,2025-07-05,Fragrance,437.42,4,0,0
ORD0003097,C000757,2025-03-30,Accessories,109.03,4,0,1
ORD0003098,C000757,2025-01-13,Accessories,193.45,3,0,1
ORD0003099,C000757,2026-01-29,Fragrance,70.65,4,0,0
ORD0003100,C000757,2026-01-22,Fragrance,480.08,6,0,0
ORD0003101,C000757,2025-07-01,RTW,83.13,4,0,0
ORD0003102,C000757,2024-08-27,Accessories,284.52,1,0,1
ORD0003103,C000758,2025-05-10,Fragrance,238.18,5,0,0
ORD0003104,C000758,2025-06-09,RTW,132.31,4,0,0
ORD0003105,C000758,2026-01-08,Beauty,804.55,5,0,0
ORD0003106,C000758,2025-12-16,Fragrance,84.79,1,0,1
ORD0003107,C000758,2026-01-27,Beauty,126.34,7,0,1
ORD0003108,C000758,2025-04-21,Fragrance,245.16,6,0,0
ORD0003109,C000759,2025-04-29,Fragrance,935.28,6,0,0
ORD0003110,C000759,2025-02-05,Fragrance,382.52,5,1,0
ORD0003111,C000759,2025-02-28,Beauty,770.0,1,0,0
ORD0003112,C000759,2025-09-13,RTW,143.95,4,0,1
ORD0003113,C000759,2025-05-03,Beauty,50.0,3,0,1
ORD0003114,C000759,2024-11-21,Accessories,481.19,2,0,0
ORD0003115,C000760,2025-09-30,Accessories,340.08,4,0,1
ORD0003116,C000761,2025-04-28,Fragrance,120.64,3,0,0
ORD0003117,C000761,2025-12-26,Beauty,52.74,3,0,0
ORD0003118,C000761,2024-09-02,RTW,114.13,2,0,0
ORD0003119,C000761,2024-08-29,Beauty,268.33,2,0,0
ORD0003120,C000761,2024-11-03,RTW,1154.65,4,0,1
ORD0003121,C000762,2024-08-24,RTW,490.15,4,0,0
ORD0003122,C000762,2024-12-12,RTW,171.48,2,0,0
ORD0003123,C000762,2026-01-16,Fragrance,135.8,4,0,0
ORD0003124,C000762,2026-01-22,Beauty,170.13,5,0,0
ORD0003125,C000762,2025-10-07,Beauty,101.19,6,0,0
ORD0003126,C000762,2024-08-24,RTW,115.15,4,0,0
ORD0003127,C000762,2026-01-07,Accessories,154.74,4,0,0
ORD0003128,C000762,2025-09-16,Beauty,204.69,3,0,0
ORD0003129,C000763,2025-12-21,Beauty,509.39,2,0,1
ORD0003130,C000763,2025-08-09,Fragrance,311.38,1,0,0
ORD0003131,C000763,2025-11-04,RTW,304.62,4,0,0
ORD0003132,C000763,2025-01-31,Fragrance,557.04,3,0,0
ORD0003133,C000763,2025-05-01,Beauty,123.68,2,0,1
ORD0003134,C000763,2025-12-04,Fragrance,264.18,4,0,0
ORD0003135,C000764,2025-04-27,Beauty,94.65,1,1,0
ORD0003136,C000764,2025-04-28,Fragrance,269.31,8,0,0
ORD0003137,C000764,2025-11-14,Beauty,146.26,6,1,0
ORD0003138,C000764,2025-03-20,RTW,54.27,3,1,0
ORD0003139,C000764,2025-09-05,Beauty,161.11,8,0,0
ORD0003140,C000764,2024-10-11,Beauty,50.0,4,1,0
ORD0003141,C000764,2024-10-01,Fragrance,219.38,2,0,0
ORD0003142,C000764,2025-05-14,Beauty,330.99,7,0,0
ORD0003143,C000765,2025-07-05,RTW,168.41,4,0,0
ORD0003144,C000765,2024-09-10,Beauty,170.91,3,0,0
ORD0003145,C000765,2025-07-25,Beauty,212.11,2,0,0
ORD0003146,C000766,2025-06-25,Beauty,130.04,2,0,0
ORD0003147,C000766,2025-12-09,Fragrance,607.55,4,1,0
ORD0003148,C000766,2024-08-10,Beauty,493.92,3,0,0
ORD0003149,C000766,2025-06-24,Accessories,55.1,4,1,1
ORD0003150,C000766,2024-12-18,Beauty,211.0,5,0,0
ORD0003151,C000767,2025-12-04,Accessories,247.9,1,0,1
ORD0003152,C000768,2025-12-26,Fragrance,52.75,4,1,0
ORD0003153,C000768,2025-06-02,Beauty,206.94,7,0,0
ORD0003154,C000769,2025-09-14,Accessories,329.87,4,1,1
ORD0003155,C000769,2024-12-07,Accessories,359.09,4,0,1
ORD0003156,C000769,2026-01-20,Beauty,216.74,5,0,1
ORD0003157,C000769,2025-03-16,RTW,408.07,2,1,1
ORD0003158,C000769,2025-05-26,RTW,167.88,4,0,0
ORD0003159,C000769,2026-01-18,Accessories,587.18,2,1,1
ORD0003160,C000769,2024-10-15,Fragrance,446.82,7,1,1
ORD0003161,C000769,2025-12-26,Accessories,246.58,4,0,1
ORD0003162,C000770,2025-10-27,RTW,124.4,4,1,1
ORD0003163,C000770,2025-01-06,Accessories,179.93,4,0,1
ORD0003164,C000770,2024-10-04,Beauty,904.15,3,0,1
ORD0003165,C000770,2024-09-10,RTW,1336.2,3,0,1
ORD0003166,C000770,2025-05-16,Fragrance,234.04,4,0,0
ORD0003167,C000771,2025-04-19,RTW,309.42,2,0,0
ORD0003168,C000771,2024-09-10,Fragrance,447.82,8,1,0
ORD0003169,C000772,2025-11-21,Beauty,98.32,7,0,1
ORD0003170,C000773,2025-05-13,Accessories,447.55,4,0,1
ORD0003171,C000773,2025-09-04,RTW,168.93,2,0,1
ORD0003172,C000773,2025-04-05,Accessories,95.8,4,0,0
ORD0003173,C000773,2025-09-18,Accessories,661.88,4,0,1
ORD0003174,C000774,2024-12-20,RTW,486.63,4,1,1
ORD0003175,C000774,2025-06-25,Beauty,193.27,7,0,1
ORD0003176,C000774,2025-11-07,Beauty,306.24,4,0,0
ORD0003177,C000775,2026-01-13,Accessories,359.73,2,0,1
ORD0003178,C000775,2024-10-31,Beauty,473.25,4,0,1
ORD0003179,C000775,2025-07-30,Accessories,273.12,4,0,1
ORD0003180,C000775,2025-07-27,RTW,383.32,4,0,1
ORD0003181,C000775,2025-03-13,RTW,277.45,3,1,0
ORD0003182,C000775,2024-10-06,Beauty,325.23,4,0,1
ORD0003183,C000775,2025-03-29,RTW,93.93,4,0,1
ORD0003184,C000775,2025-09-15,RTW,319.27,4,0,1
ORD0003185,C000775,2025-01-28,RTW,238.28,4,0,1
ORD0003186,C000775,2025-01-04,RTW,218.66,1,1,1
ORD0003187,C000776,2025-10-09,Beauty,464.49,3,0,0
ORD0003188,C000776,2025-10-29,Beauty,770.32,3,0,0
ORD0003189,C000776,2024-12-12,Fragrance,285.64,6,0,0
ORD0003190,C000776,2024-12-03,Beauty,320.33,8,0,0
ORD0003191,C000777,2024-08-22,Beauty,240.68,6,0,0
ORD0003192,C000777,2024-10-13,Accessories,1146.04,4,0,1
ORD0003193,C000777,2026-01-21,Beauty,140.19,3,0,0
ORD0003194,C000777,2024-10-20,Beauty,246.86,4,0,0
ORD0003195,C000778,2025-06-08,Accessories,1305.08,1,0,0
ORD0003196,C000778,2025-11-01,Accessories,264.86,1,0,1
ORD0003197,C000780,2025-12-28,Accessories,123.77,4,0,0
ORD0003198,C000780,2025-09-19,Beauty,50.0,3,1,0
ORD0003199,C000780,2025-12-10,Beauty,250.82,3,0,0
ORD0003200,C000780,2025-07-08,Beauty,80.3,4,0,0
ORD0003201,C000781,2025-09-22,RTW,461.19,4,0,1
ORD0003202,C000781,2025-06-09,Accessories,636.56,4,0,1
ORD0003203,C000781,2024-11-09,Fragrance,133.09,3,0,0
ORD0003204,C000781,2025-12-21,RTW,607.77,4,0,1
ORD0003205,C000782,2024-08-08,Fragrance,228.6,7,0,0
ORD0003206,C000786,2025-07-23,Accessories,99.88,4,0,0
ORD0003207,C000786,2025-08-11,Accessories,234.18,1,1,1
ORD0003208,C000787,2024-09-14,Beauty,327.46,2,0,0
ORD0003209,C000787,2026-01-16,RTW,67.35,4,0,0
ORD0003210,C000788,2025-07-01,Fragrance,128.95,2,0,1
ORD0003211,C000788,2026-01-09,Fragrance,1072.94,2,1,0
ORD0003212,C000788,2025-05-21,Beauty,135.77,2,0,0
ORD0003213,C000788,2024-12-14,Beauty,224.47,4,0,0
ORD0003214,C000788,2026-01-26,Fragrance,956.02,2,1,0
ORD0003215,C000788,2025-10-30,Beauty,521.96,4,0,0
ORD0003216,C000788,2026-01-28,Fragrance,137.21,6,1,0
ORD0003217,C000788,2025-10-28,Accessories,879.69,4,0,0
ORD0003218,C000788,2025-08-28,Beauty,94.88,3,0,0
ORD0003219,C000788,2024-09-11,Fragrance,654.35,7,0,0
ORD0003220,C000789,2024-10-17,Accessories,373.44,4,0,1
ORD0003221,C000789,2024-12-29,Beauty,95.01,3,1,1
ORD0003222,C000789,2025-02-20,Accessories,218.39,4,0,0
ORD0003223,C000789,2025-11-07,Fragrance,66.61,3,0,0
ORD0003224,C000789,2024-11-21,RTW,83.02,3,0,1
ORD0003225,C000789,2025-05-25,Fragrance,173.06,2,1,1
ORD0003226,C000789,2024-08-21,Accessories,275.34,4,0,1
ORD0003227,C000790,2024-11-12,RTW,535.66,2,1,1
ORD0003228,C000790,2025-05-25,Accessories,592.99,4,0,1
ORD0003229,C000790,2025-10-24,Accessories,147.42,1,0,1
ORD0003230,C000790,2025-10-28,Fragrance,432.34,5,0,0
ORD0003231,C000790,2025-01-17,Accessories,205.02,4,0,1
ORD0003232,C000791,2025-09-08,Beauty,356.23,2,0,0
ORD0003233,C000791,2025-03-20,Accessories,148.1,4,0,1
ORD0003234,C000791,2025-05-09,Fragrance,698.49,2,0,0
ORD0003235,C000791,2025-11-21,Fragrance,212.49,5,0,1
ORD0003236,C000791,2025-05-31,Beauty,305.46,2,0,1
ORD0003237,C000791,2024-10-30,Fragrance,119.11,4,0,0
ORD0003238,C000792,2025-05-19,RTW,241.91,3,0,0
ORD0003239,C000792,2025-04-26,Accessories,288.25,4,0,1
ORD0003240,C000792,2025-09-01,Accessories,403.78,1,0,1
ORD0003241,C000792,2025-09-11,Fragrance,96.9,3,0,0
ORD0003242,C000792,2026-01-14,Accessories,395.13,4,0,0
ORD0003243,C000792,2025-10-29,Beauty,262.61,4,0,1
ORD0003244,C000793,2025-09-11,Fragrance,95.33,6,0,1
ORD0003245,C000793,2025-04-10,RTW,66.9,2,0,1
ORD0003246,C000793,2024-12-26,RTW,379.62,4,0,1
ORD0003247,C000793,2024-09-05,RTW,906.44,2,0,1
ORD0003248,C000793,2025-03-04,Fragrance,413.29,8,0,1
ORD0003249,C000794,2025-01-28,Beauty,283.15,3,0,1
ORD0003250,C000794,2025-03-17,Beauty,1528.19,4,0,0
ORD0003251,C000794,2025-02-12,Accessories,615.37,4,0,1
ORD0003252,C000794,2025-04-04,Beauty,92.06,2,1,0
ORD0003253,C000795,2025-09-10,Beauty,611.54,5,0,0
ORD0003254,C000795,2025-10-04,Fragrance,287.78,6,0,0
ORD0003255,C000797,2025-08-03,Accessories,169.17,4,0,0
ORD0003256,C000797,2025-02-10,RTW,354.53,4,0,1
ORD0003257,C000797,2024-12-19,Accessories,166.47,3,1,1
ORD0003258,C000797,2024-10-12,RTW,413.8,3,0,1
ORD0003259,C000798,2025-05-05,RTW,389.98,3,0,1
ORD0003260,C000798,2025-11-04,Fragrance,1317.85,8,0,1
ORD0003261,C000798,2025-09-06,RTW,351.64,4,0,1
ORD0003262,C000798,2025-08-04,Fragrance,139.26,3,0,0
ORD0003263,C000798,2024-11-19,Accessories,588.27,4,1,1
ORD0003264,C000799,2025-12-31,Beauty,842.19,3,0,1
ORD0003265,C000799,2025-01-12,Beauty,328.86,5,1,0
ORD0003266,C000799,2024-11-11,Beauty,217.53,5,0,1
ORD0003267,C000799,2025-05-11,Beauty,597.07,4,0,0
ORD0003268,C000800,2025-03-24,RTW,879.68,4,0,0
ORD0003269,C000800,2024-11-06,Accessories,211.2,1,0,1
ORD0003270,C000800,2025-03-29,Beauty,1180.66,6,0,0
ORD0003271,C000800,2025-10-13,Beauty,235.63,2,0,1
ORD0003272,C000800,2026-01-23,RTW,81.68,4,0,1
ORD0003273,C000800,2025-07-05,RTW,413.77,4,0,1
ORD0003274,C000800,2025-08-31,RTW,177.33,2,0,1
ORD0003275,C000801,2024-11-25,RTW,502.77,4,1,0
ORD0003276,C000801,2025-08-10,RTW,198.98,4,0,1
ORD0003277,C000802,2025-10-19,Beauty,371.32,2,0,1
ORD0003278,C000803,2024-10-18,RTW,74.0,3,0,0
ORD0003279,C000804,2024-10-24,RTW,180.11,4,0,0
ORD0003280,C000804,2024-11-28,RTW,292.11,4,0,1
ORD0003281,C000804,2025-02-05,Accessories,203.59,2,0,0
ORD0003282,C000806,2025-08-27,Fragrance,196.97,4,0,1
ORD0003283,C000806,2025-11-13,Beauty,889.29,4,0,0
ORD0003284,C000806,2024-11-04,Beauty,989.76,2,0,1
ORD0003285,C000806,2024-11-04,RTW,168.49,3,0,0
ORD0003286,C000806,2025-04-05,RTW,1836.23,4,0,0
ORD0003287,C000806,2025-08-20,Beauty,891.04,4,0,0
ORD0003288,C000806,2025-01-25,Accessories,774.58,4,1,1
ORD0003289,C000807,2025-10-11,Fragrance,308.76,4,0,1
ORD0003290,C000807,2024-09-23,RTW,190.87,2,0,0
ORD0003291,C000807,2025-09-24,Beauty,727.15,2,0,0
ORD0003292,C000807,2025-06-30,Fragrance,386.45,5,0,1
ORD0003293,C000807,2024-11-27,RTW,803.95,4,0,1
ORD0003294,C000807,2025-08-27,Fragrance,102.15,5,0,1
ORD0003295,C000807,2025-02-20,RTW,488.41,3,0,1
ORD0003296,C000807,2025-05-17,Accessories,561.29,2,0,1
ORD0003297,C000808,2025-08-16,Beauty,223.38,3,0,1
ORD0003298,C000808,2025-08-07,RTW,147.5,4,1,1
ORD0003299,C000809,2025-04-22,Fragrance,118.01,4,0,0
ORD0003300,C000809,2025-11-01,Fragrance,364.42,2,0,0
ORD0003301,C000809,2024-09-13,Beauty,283.15,5,0,0
ORD0003302,C000809,2025-11-09,RTW,88.88,4,0,0
ORD0003303,C000809,2026-01-28,RTW,395.9,3,0,0
ORD0003304,C000809,2025-03-22,RTW,148.93,4,0,0
ORD0003305,C000809,2025-04-11,Accessories,318.49,1,0,0
ORD0003306,C000809,2025-07-31,Accessories,105.56,4,0,0
ORD0003307,C000809,2025-04-22,Beauty,86.6,7,0,0
ORD0003308,C000809,2026-01-07,Accessories,177.73,4,0,0
ORD0003309,C000809,2026-01-12,Beauty,225.55,1,0,0
ORD0003310,C000810,2025-10-19,Accessories,80.07,4,0,1
ORD0003311,C000810,2025-08-19,Beauty,993.36,3,0,1
ORD0003312,C000811,2025-07-14,RTW,396.54,4,0,1
ORD0003313,C000811,2025-07-24,RTW,252.52,4,0,1
ORD0003314,C000811,2024-12-15,Fragrance,282.9,4,1,0
ORD0003315,C000811,2024-08-08,Fragrance,218.98,9,0,0
ORD0003316,C000811,2025-05-30,Accessories,210.06,4,0,1
ORD0003317,C000812,2024-08-31,RTW,158.63,4,0,0
ORD0003318,C000812,2025-07-07,Beauty,1064.54,1,0,0
ORD0003319,C000813,2025-07-08,Fragrance,224.3,1,1,1
ORD0003320,C000814,2025-12-11,Beauty,72.37,3,1,0
ORD0003321,C000814,2025-12-28,Fragrance,116.32,4,0,0
ORD0003322,C000815,2024-10-01,Accessories,148.46,4,0,1
ORD0003323,C000815,2024-09-09,Fragrance,113.33,5,0,0
ORD0003324,C000815,2024-10-10,Accessories,229.67,2,0,0
ORD0003325,C000816,2025-12-15,Fragrance,81.54,5,0,1
ORD0003326,C000816,2024-12-29,Beauty,568.62,8,0,1
ORD0003327,C000816,2025-02-01,Fragrance,377.65,3,0,0
ORD0003328,C000816,2025-12-09,Fragrance,105.25,3,0,1
ORD0003329,C000816,2025-04-14,RTW,305.42,4,0,0
ORD0003330,C000816,2024-08-12,Fragrance,109.24,6,0,1
ORD0003331,C000816,2026-01-21,RTW,386.61,3,0,1
ORD0003332,C000817,2024-11-08,Beauty,346.17,5,0,1
ORD0003333,C000817,2025-08-14,Fragrance,161.38,4,0,1
ORD0003334,C000817,2025-08-13,Fragrance,206.55,5,0,1
ORD0003335,C000817,2024-11-02,RTW,1339.64,2,0,1
ORD0003336,C000817,2025-09-12,RTW,284.93,4,0,1
ORD0003337,C000817,2025-12-04,Accessories,303.31,4,0,1
ORD0003338,C000817,2024-12-01,RTW,498.81,3,1,1
ORD0003339,C000818,2024-08-24,RTW,1549.18,4,1,0
ORD0003340,C000818,2025-08-25,RTW,573.08,4,0,1
ORD0003341,C000818,2025-01-02,Fragrance,473.43,7,0,0
ORD0003342,C000818,2025-09-29,Accessories,97.92,4,0,0
ORD0003343,C000818,2025-06-12,RTW,224.84,4,1,0
ORD0003344,C000818,2025-10-14,RTW,216.09,4,0,1
ORD0003345,C000820,2025-04-12,Beauty,1294.55,5,0,0
ORD0003346,C000821,2025-01-20,Accessories,492.12,4,0,1
ORD0003347,C000821,2024-09-05,Accessories,846.43,4,1,1
ORD0003348,C000821,2025-05-12,Accessories,992.39,2,0,1
ORD0003349,C000822,2025-09-14,Fragrance,878.63,3,0,1
ORD0003350,C000822,2025-07-24,Accessories,312.81,4,0,0
ORD0003351,C000822,2024-12-26,Accessories,542.43,4,0,0
ORD0003352,C000822,2025-01-02,Beauty,841.03,3,0,0
ORD0003353,C000823,2025-02-04,Fragrance,489.63,4,0,1
ORD0003354,C000823,2024-10-04,RTW,1247.1,3,1,0
ORD0003355,C000825,2025-01-30,Fragrance,693.91,5,1,1
ORD0003356,C000825,2025-10-01,RTW,236.31,4,0,1
ORD0003357,C000825,2025-01-22,Accessories,611.64,3,0,0
ORD0003358,C000825,2025-09-07,Accessories,637.76,4,1,1
ORD0003359,C000825,2025-10-04,Fragrance,292.69,6,0,0
ORD0003360,C000825,2025-09-04,Beauty,256.34,3,0,1
ORD0003361,C000825,2026-01-21,Beauty,385.28,4,0,1
ORD0003362,C000826,2024-08-13,RTW,580.92,4,0,0
ORD0003363,C000826,2025-08-23,RTW,562.59,2,0,1
ORD0003364,C000826,2025-10-07,RTW,574.71,4,0,0
ORD0003365,C000826,2025-09-12,Accessories,96.75,3,0,0
ORD0003366,C000828,2024-09-02,Fragrance,334.52,2,1,1
ORD0003367,C000828,2025-03-28,RTW,266.69,4,0,0
ORD0003368,C000828,2025-11-15,Accessories,326.05,4,0,1
ORD0003369,C000828,2025-06-10,Accessories,1298.63,3,1,1
ORD0003370,C000828,2025-11-19,Fragrance,252.53,3,0,0
ORD0003371,C000828,2024-12-29,Fragrance,309.39,3,0,1
ORD0003372,C000831,2025-05-25,Beauty,280.79,6,0,0
ORD0003373,C000831,2025-02-27,Accessories,369.83,4,0,1
ORD0003374,C000831,2025-10-27,Fragrance,159.97,3,1,1
ORD0003375,C000831,2025-10-01,Accessories,174.3,2,0,1
ORD0003376,C000831,2024-09-07,Beauty,211.13,4,0,1
ORD0003377,C000831,2025-08-24,Accessories,372.07,2,0,1
ORD0003378,C000831,2024-11-22,RTW,631.4,2,0,1
ORD0003379,C000831,2024-10-04,Accessories,159.96,4,0,1
ORD0003380,C000833,2025-10-09,Beauty,541.94,5,0,0
ORD0003381,C000834,2024-10-28,RTW,598.3,2,0,1
ORD0003382,C000834,2025-10-22,RTW,488.49,2,0,0
ORD0003383,C000834,2024-09-08,RTW,308.05,3,0,1
ORD0003384,C000834,2025-05-10,Accessories,191.35,2,0,0
ORD0003385,C000834,2025-12-15,Accessories,349.85,2,0,0
ORD0003386,C000835,2024-10-15,RTW,1625.92,3,0,1
ORD0003387,C000835,2026-01-11,RTW,549.38,4,0,1
ORD0003388,C000835,2024-11-11,RTW,161.01,4,0,1
ORD0003389,C000835,2025-01-17,RTW,1242.32,2,0,1
ORD0003390,C000835,2024-10-14,RTW,134.39,2,0,1
ORD0003391,C000835,2025-11-25,RTW,318.64,4,0,1
ORD0003392,C000835,2025-07-06,RTW,1299.13,4,1,1
ORD0003393,C000836,2025-09-27,RTW,138.67,3,0,0
ORD0003394,C000836,2024-09-25,RTW,1308.9,4,0,0
ORD0003395,C000836,2025-06-09,Beauty,383.41,4,0,0
ORD0003396,C000836,2025-06-23,Accessories,274.64,2,1,1
ORD0003397,C000837,2025-06-11,Accessories,68.2,4,0,0
ORD0003398,C000837,2024-11-04,Beauty,936.0,2,0,1
ORD0003399,C000837,2025-03-28,Beauty,117.89,4,0,0
ORD0003400,C000838,2024-10-17,Beauty,440.76,4,0,1
ORD0003401,C000838,2025-08-18,Accessories,597.84,3,0,1
ORD0003402,C000838,2024-12-23,RTW,799.19,2,0,1
ORD0003403,C000838,2025-09-01,RTW,773.45,3,0,1
ORD0003404,C000838,2024-08-20,Fragrance,311.91,5,0,0
ORD0003405,C000839,2024-10-28,Beauty,76.68,2,0,0
ORD0003406,C000839,2026-01-20,Beauty,50.0,3,0,0
ORD0003407,C000839,2025-07-03,RTW,572.62,1,0,0
ORD0003408,C000839,2025-07-03,RTW,78.66,1,0,0
ORD0003409,C000839,2024-12-16,Fragrance,241.95,3,0,0
ORD0003410,C000839,2025-01-29,Fragrance,95.1,3,0,0
ORD0003411,C000840,2024-11-15,RTW,512.27,4,0,1
ORD0003412,C000840,2025-12-08,Beauty,347.27,4,0,1
ORD0003413,C000840,2025-12-31,Beauty,1104.84,4,0,1
ORD0003414,C000840,2024-08-13,Beauty,1050.74,2,0,1
ORD0003415,C000841,2025-06-05,RTW,480.68,4,0,1
ORD0003416,C000841,2025-01-16,RTW,272.0,4,0,1
ORD0003417,C000841,2025-02-09,Accessories,410.13,4,0,1
ORD0003418,C000841,2025-09-04,RTW,373.7,4,0,1
ORD0003419,C000841,2025-11-06,RTW,336.59,4,0,1
ORD0003420,C000842,2024-10-27,Beauty,386.17,4,0,0
ORD0003421,C000842,2026-01-21,Beauty,466.09,9,0,0
ORD0003422,C000843,2025-03-07,Accessories,162.72,2,0,1
ORD0003423,C000843,2024-10-02,Beauty,233.76,6,0,0
ORD0003424,C000843,2024-09-06,Beauty,50.0,7,0,0
ORD0003425,C000843,2025-08-21,Accessories,95.28,2,0,1
ORD0003426,C000843,2026-01-02,Beauty,584.14,2,0,0
ORD0003427,C000843,2025-05-10,Accessories,113.46,4,0,0
ORD0003428,C000843,2025-06-29,Fragrance,577.61,4,0,0
ORD0003429,C000843,2025-09-19,RTW,311.68,4,0,0
ORD0003430,C000844,2025-11-30,Fragrance,1013.04,6,0,1
ORD0003431,C000845,2025-09-02,Fragrance,1388.31,7,0,1
ORD0003432,C000847,2025-11-15,RTW,1411.71,3,0,0
ORD0003433,C000847,2024-09-16,Accessories,426.68,4,0,1
ORD0003434,C000847,2024-09-14,Accessories,1270.76,3,1,1
ORD0003435,C000848,2025-04-04,RTW,368.76,4,0,0
ORD0003436,C000848,2025-01-15,RTW,319.73,4,1,1
ORD0003437,C000848,2024-12-13,Accessories,324.67,3,0,1
ORD0003438,C000848,2025-01-12,Accessories,100.28,3,0,1
ORD0003439,C000848,2024-11-21,Accessories,167.41,3,0,1
ORD0003440,C000848,2025-07-31,Beauty,111.26,5,0,0
ORD0003441,C000849,2024-12-03,RTW,414.03,4,0,0
ORD0003442,C000849,2026-01-16,Fragrance,290.57,3,1,0
ORD0003443,C000849,2025-05-03,RTW,141.52,1,0,1
ORD0003444,C000849,2024-09-10,RTW,547.19,2,0,1
ORD0003445,C000849,2026-01-05,Accessories,128.65,4,0,1
ORD0003446,C000850,2026-01-11,Beauty,141.79,7,0,1
ORD0003447,C000850,2025-11-09,RTW,375.88,4,0,1
ORD0003448,C000851,2025-12-21,Fragrance,594.5,5,0,0
ORD0003449,C000851,2025-12-28,Fragrance,108.21,4,0,1
ORD0003450,C000851,2025-07-25,Fragrance,375.56,4,0,0
ORD0003451,C000851,2025-05-16,Fragrance,350.25,4,0,1
ORD0003452,C000852,2025-06-15,Fragrance,52.91,2,0,0
ORD0003453,C000852,2024-11-05,Beauty,570.46,3,0,1
ORD0003454,C000852,2024-11-02,Beauty,305.0,2,0,1
ORD0003455,C000852,2026-01-25,Fragrance,1007.96,5,0,0
ORD0003456,C000852,2025-12-28,Beauty,1178.98,2,0,0
ORD0003457,C000852,2025-03-04,Fragrance,252.29,3,0,1
ORD0003458,C000852,2025-02-06,Accessories,106.68,2,0,0
ORD0003459,C000853,2025-03-04,Beauty,347.52,6,1,0
ORD0003460,C000853,2025-06-14,Beauty,443.88,8,0,0
ORD0003461,C000853,2024-09-12,Fragrance,101.92,7,0,0
ORD0003462,C000853,2025-08-20,Beauty,50.0,6,0,0
ORD0003463,C000853,2024-12-30,Fragrance,619.2,5,0,0
ORD0003464,C000854,2025-03-31,Fragrance,233.73,8,0,1
ORD0003465,C000854,2024-11-17,Fragrance,265.93,3,1,1
ORD0003466,C000855,2024-11-27,RTW,1559.75,4,0,1
ORD0003467,C000855,2025-08-08,RTW,371.39,3,0,1
ORD0003468,C000855,2025-03-25,Accessories,1711.71,3,0,1
ORD0003469,C000855,2024-09-17,RTW,218.19,4,0,1
ORD0003470,C000856,2025-01-13,Beauty,241.07,6,1,0
ORD0003471,C000856,2024-08-31,Accessories,103.06,4,0,0
ORD0003472,C000856,2026-01-28,Beauty,226.07,3,0,0
ORD0003473,C000856,2025-01-23,Beauty,50.0,4,0,0
ORD0003474,C000856,2026-01-08,Fragrance,480.23,3,0,0
ORD0003475,C000856,2025-10-17,Beauty,197.44,4,0,0
ORD0003476,C000856,2025-08-08,Beauty,83.12,6,0,0
ORD0003477,C000857,2025-11-12,RTW,383.15,4,0,0
ORD0003478,C000857,2025-03-30,Accessories,390.84,3,0,0
ORD0003479,C000857,2025-12-28,Accessories,323.69,3,0,0
ORD0003480,C000857,2025-12-26,Beauty,91.41,6,0,0
ORD0003481,C000857,2025-08-23,RTW,227.38,3,0,0
ORD0003482,C000857,2025-07-03,Beauty,127.56,9,0,0
ORD0003483,C000857,2025-05-25,Beauty,537.81,3,0,1
ORD0003484,C000858,2025-01-12,Fragrance,173.06,2,0,0
ORD0003485,C000858,2025-02-12,RTW,204.58,4,0,1
ORD0003486,C000858,2025-06-13,Beauty,289.91,4,0,0
ORD0003487,C000858,2025-12-27,Beauty,239.31,4,0,0
ORD0003488,C000858,2024-09-01,Fragrance,387.8,4,0,0
ORD0003489,C000858,2025-04-14,Beauty,144.2,5,0,0
ORD0003490,C000858,2025-07-16,Beauty,161.36,4,0,0
ORD0003491,C000858,2025-08-17,Beauty,472.73,2,0,0
ORD0003492,C000858,2025-08-16,Accessories,200.66,4,0,0
ORD0003493,C000858,2026-01-03,Beauty,106.88,2,0,0
ORD0003494,C000859,2025-06-08,RTW,430.22,1,0,1
ORD0003495,C000859,2025-04-30,Beauty,168.19,2,0,1
ORD0003496,C000859,2025-12-03,RTW,438.2,3,0,1
ORD0003497,C000859,2024-12-24,Fragrance,500.77,3,0,0
ORD0003498,C000859,2025-09-15,Fragrance,289.58,6,0,1
ORD0003499,C000859,2025-05-27,Fragrance,583.79,4,0,1
ORD0003500,C000860,2025-11-14,Fragrance,431.18,4,0,1
ORD0003501,C000860,2025-01-15,Accessories,177.96,3,0,1
ORD0003502,C000861,2026-01-15,RTW,427.0,4,0,1
ORD0003503,C000862,2025-05-01,Accessories,201.56,4,0,0
ORD0003504,C000862,2024-10-29,RTW,475.27,4,0,0
ORD0003505,C000862,2025-10-22,Beauty,202.08,2,0,0
ORD0003506,C000862,2024-10-30,Fragrance,361.95,4,1,0
ORD0003507,C000862,2024-09-24,Beauty,102.23,4,0,0
ORD0003508,C000862,2025-09-21,Beauty,191.08,7,0,0
ORD0003509,C000862,2025-04-25,Fragrance,462.16,2,0,0
ORD0003510,C000862,2024-08-28,Beauty,50.0,4,0,0
ORD0003511,C000863,2025-01-03,Fragrance,299.7,1,1,0
ORD0003512,C000863,2026-01-04,Accessories,231.32,4,0,1
ORD0003513,C000863,2024-10-28,Accessories,1373.53,4,0,1
ORD0003514,C000863,2026-01-26,Fragrance,1733.0,5,0,1
ORD0003515,C000863,2025-04-30,Fragrance,486.16,1,0,1
ORD0003516,C000863,2025-11-29,Accessories,257.42,4,0,1
ORD0003517,C000863,2025-11-27,Fragrance,194.55,5,0,1
ORD0003518,C000864,2025-02-25,Fragrance,404.21,6,0,1
ORD0003519,C000864,2025-04-28,RTW,811.51,4,0,0
ORD0003520,C000864,2025-10-20,Fragrance,421.06,4,0,1
ORD0003521,C000865,2025-06-01,Accessories,367.69,4,0,1
ORD0003522,C000865,2024-11-04,Beauty,351.68,5,0,0
ORD0003523,C000865,2025-09-09,Fragrance,321.18,3,0,0
ORD0003524,C000865,2025-09-23,Beauty,210.36,2,0,0
ORD0003525,C000865,2025-09-18,Beauty,103.06,4,0,0
ORD0003526,C000865,2025-06-03,Beauty,60.02,4,0,0
ORD0003527,C000866,2025-03-07,Accessories,580.41,4,0,1
ORD0003528,C000866,2025-10-10,RTW,310.11,3,0,1
ORD0003529,C000867,2026-01-23,Beauty,52.63,5,0,0
ORD0003530,C000867,2024-09-13,Fragrance,50.0,2,1,0
ORD0003531,C000867,2025-01-04,Beauty,87.54,3,0,0
ORD0003532,C000867,2025-07-01,Beauty,204.6,3,0,0
ORD0003533,C000867,2024-11-16,Accessories,98.11,4,0,0
ORD0003534,C000867,2025-12-03,Accessories,83.1,4,0,0
ORD0003535,C000868,2025-04-09,RTW,172.58,3,0,1
ORD0003536,C000868,2024-08-16,Beauty,295.59,4,0,1
ORD0003537,C000868,2025-01-28,Fragrance,210.38,2,0,1
ORD0003538,C000868,2025-08-08,Accessories,418.79,3,0,1
ORD0003539,C000868,2024-11-09,Accessories,238.84,2,0,1
ORD0003540,C000868,2024-12-12,RTW,405.42,4,0,1
ORD0003541,C000868,2024-08-28,RTW,425.25,3,0,1
ORD0003542,C000868,2025-08-11,RTW,266.32,4,0,0
ORD0003543,C000868,2025-03-10,RTW,1924.2,1,0,1
ORD0003544,C000869,2024-12-25,Beauty,121.8,5,0,0
ORD0003545,C000869,2025-07-27,RTW,145.53,3,0,1
ORD0003546,C000869,2025-10-14,Beauty,116.98,2,0,0
ORD0003547,C000870,2024-12-11,RTW,679.11,4,0,0
ORD0003548,C000870,2025-03-29,Beauty,795.77,3,0,0
ORD0003549,C000870,2025-07-21,RTW,725.26,4,0,1
ORD0003550,C000870,2025-07-30,RTW,896.19,4,0,1
ORD0003551,C000870,2025-08-10,Accessories,321.41,3,0,1
ORD0003552,C000871,2025-04-25,Fragrance,586.94,4,1,1
ORD0003553,C000871,2025-08-04,Beauty,78.6,2,0,1
ORD0003554,C000871,2024-11-29,Beauty,402.55,2,0,1
ORD0003555,C000871,2024-11-02,Beauty,923.83,2,1,1
ORD0003556,C000871,2026-01-30,RTW,508.76,3,0,1
ORD0003557,C000872,2025-02-14,Accessories,147.14,4,0,1
ORD0003558,C000873,2025-01-26,Beauty,278.22,3,0,1
ORD0003559,C000873,2024-09-29,Accessories,359.79,4,0,0
ORD0003560,C000873,2026-01-11,Fragrance,242.77,5,0,0
ORD0003561,C000873,2025-12-10,Accessories,103.15,4,0,1
ORD0003562,C000874,2025-06-20,RTW,259.77,4,0,1
ORD0003563,C000874,2025-08-02,Beauty,963.92,3,0,1
ORD0003564,C000874,2024-10-13,Accessories,238.75,2,1,0
ORD0003565,C000874,2025-06-17,RTW,1173.25,2,0,1
ORD0003566,C000874,2025-12-14,Accessories,314.88,2,0,1
ORD0003567,C000874,2025-09-05,Beauty,374.97,9,0,1
ORD0003568,C000875,2025-03-08,Beauty,475.97,5,0,0
ORD0003569,C000875,2024-11-28,Beauty,77.47,2,0,1
ORD0003570,C000875,2024-11-10,Beauty,97.39,6,0,0
ORD0003571,C000875,2025-06-21,Beauty,572.19,3,0,0
ORD0003572,C000876,2025-02-02,Beauty,223.97,5,1,0
ORD0003573,C000876,2025-06-11,Fragrance,803.48,7,0,1
ORD0003574,C000876,2024-11-23,Accessories,147.91,4,1,0
ORD0003575,C000876,2025-09-02,Beauty,56.01,1,0,0
ORD0003576,C000876,2025-07-04,Fragrance,588.83,3,0,0
ORD0003577,C000876,2024-12-06,Fragrance,86.16,6,1,0
ORD0003578,C000876,2025-05-10,Beauty,413.26,4,0,1
ORD0003579,C000876,2024-11-11,Accessories,317.16,2,0,0
ORD0003580,C000877,2025-10-21,Beauty,372.03,8,0,0
ORD0003581,C000877,2025-04-11,Beauty,236.79,4,1,0
ORD0003582,C000877,2024-10-17,Beauty,202.54,3,0,0
ORD0003583,C000877,2024-12-29,RTW,1002.04,4,0,0
ORD0003584,C000879,2024-11-26,Beauty,369.09,5,0,0
ORD0003585,C000879,2024-11-24,Accessories,292.23,2,0,1
ORD0003586,C000879,2025-05-18,RTW,205.45,3,0,1
ORD0003587,C000879,2025-12-15,RTW,982.58,4,0,0
ORD0003588,C000879,2025-11-20,Beauty,2101.81,1,0,0
ORD0003589,C000879,2025-10-20,Beauty,311.91,3,0,1
ORD0003590,C000879,2025-11-03,Beauty,472.72,4,0,0
ORD0003591,C000880,2025-07-21,RTW,242.64,3,0,1
ORD0003592,C000880,2025-12-19,Accessories,307.56,4,0,1
ORD0003593,C000880,2025-06-20,RTW,491.87,2,0,1
ORD0003594,C000881,2025-05-02,Fragrance,816.68,5,1,1
ORD0003595,C000881,2025-06-20,Accessories,734.48,4,0,1
ORD0003596,C000881,2025-02-21,Fragrance,284.17,1,0,1
ORD0003597,C000881,2024-12-28,Accessories,129.59,4,0,1
ORD0003598,C000881,2026-01-19,Fragrance,2043.06,4,0,0
ORD0003599,C000881,2025-01-17,RTW,134.21,3,0,1
ORD0003600,C000882,2025-09-12,Fragrance,367.78,2,0,0
ORD0003601,C000882,2025-04-18,Accessories,938.78,4,0,1
ORD0003602,C000882,2024-08-20,Fragrance,271.85,2,0,0
ORD0003603,C000882,2025-11-27,RTW,113.85,2,0,0
ORD0003604,C000882,2026-01-27,Fragrance,161.97,2,0,1
ORD0003605,C000882,2025-02-19,Fragrance,330.75,7,0,1
ORD0003606,C000882,2025-05-01,RTW,91.69,4,0,1
ORD0003607,C000883,2025-04-20,RTW,55.89,4,0,0
ORD0003608,C000883,2026-01-14,Beauty,222.94,2,0,1
ORD0003609,C000883,2025-06-19,RTW,99.19,4,0,1
ORD0003610,C000886,2024-11-19,Beauty,313.62,9,1,0
ORD0003611,C000886,2024-12-06,Beauty,119.35,2,0,0
ORD0003612,C000886,2024-10-21,RTW,130.75,4,0,0
ORD0003613,C000887,2025-05-07,Fragrance,262.87,2,0,0
ORD0003614,C000887,2024-12-21,Beauty,520.82,5,0,1
ORD0003615,C000887,2024-10-25,Fragrance,117.71,4,0,0
ORD0003616,C000888,2025-02-05,Fragrance,803.27,6,0,1
ORD0003617,C000890,2024-12-02,Fragrance,228.67,4,0,1
ORD0003618,C000890,2024-12-29,Fragrance,106.9,5,0,1
ORD0003619,C000890,2025-11-23,Fragrance,71.8,4,0,1
ORD0003620,C000891,2025-11-02,Beauty,238.92,5,0,0
ORD0003621,C000891,2025-12-27,Beauty,50.0,7,0,0
ORD0003622,C000891,2024-10-01,Accessories,313.93,4,0,0
ORD0003623,C000891,2025-10-10,Fragrance,443.54,1,1,0
ORD0003624,C000891,2025-02-22,Beauty,50.0,5,1,0
ORD0003625,C000891,2025-01-01,Accessories,334.59,4,1,0
ORD0003626,C000891,2025-01-23,Accessories,121.15,3,0,0
ORD0003627,C000892,2025-12-27,RTW,118.89,1,0,1
ORD0003628,C000892,2025-05-22,Accessories,113.19,4,0,0
ORD0003629,C000892,2024-08-27,Beauty,91.84,5,0,1
ORD0003630,C000892,2024-09-23,Accessories,158.47,4,0,0
ORD0003631,C000892,2026-01-08,Fragrance,390.32,3,0,0
ORD0003632,C000892,2025-09-29,Beauty,141.29,6,0,0
ORD0003633,C000892,2025-07-27,Beauty,595.33,6,0,0
ORD0003634,C000894,2024-10-01,Beauty,204.45,7,0,0
ORD0003635,C000894,2025-11-08,Fragrance,155.86,4,0,0
ORD0003636,C000894,2024-10-25,Accessories,179.86,1,0,0
ORD0003637,C000895,2025-02-28,Fragrance,231.34,3,0,0
ORD0003638,C000895,2025-12-14,Beauty,268.06,2,0,0
ORD0003639,C000895,2024-12-02,Fragrance,274.48,4,0,0
ORD0003640,C000895,2025-08-10,Accessories,270.95,1,0,0
ORD0003641,C000895,2024-09-02,Beauty,310.23,9,0,0
ORD0003642,C000895,2026-01-06,Fragrance,2001.19,4,0,1
ORD0003643,C000895,2025-03-06,Beauty,290.54,4,0,0
ORD0003644,C000896,2025-03-27,RTW,306.02,4,0,0
ORD0003645,C000897,2025-10-02,RTW,588.09,3,0,1
ORD0003646,C000897,2024-11-24,Fragrance,541.0,3,0,0
ORD0003647,C000898,2024-12-15,Accessories,98.53,3,0,1
ORD0003648,C000898,2024-12-10,RTW,119.66,4,0,1
ORD0003649,C000898,2025-11-29,Beauty,873.91,2,0,1
ORD0003650,C000898,2025-08-17,RTW,643.96,4,0,0
ORD0003651,C000898,2026-01-15,Beauty,803.07,1,0,0
ORD0003652,C000898,2025-08-02,Accessories,242.11,3,0,0
ORD0003653,C000898,2025-11-09,Accessories,151.7,4,0,0
ORD0003654,C000898,2025-08-20,Fragrance,172.0,3,0,0
ORD0003655,C000899,2024-11-28,Fragrance,224.96,1,0,0
ORD0003656,C000899,2025-07-06,Accessories,449.58,4,0,1
ORD0003657,C000899,2025-10-30,Fragrance,275.74,3,0,0
ORD0003658,C000900,2026-01-24,Fragrance,214.53,2,0,1
ORD0003659,C000900,2025-03-21,Fragrance,336.29,2,0,1
ORD0003660,C000901,2025-04-07,Beauty,363.41,3,0,0
ORD0003661,C000901,2025-06-04,Accessories,352.25,2,0,0
ORD0003662,C000901,2025-06-01,RTW,272.64,2,0,0
ORD0003663,C000901,2026-01-11,Beauty,180.46,2,1,0
ORD0003664,C000901,2024-11-28,Beauty,360.94,3,0,0
ORD0003665,C000901,2025-07-31,Beauty,91.69,3,1,0
ORD0003666,C000902,2024-11-07,Fragrance,200.97,4,0,1
ORD0003667,C000902,2025-08-17,Fragrance,508.69,4,0,1
ORD0003668,C000902,2024-08-24,Accessories,516.97,2,0,1
ORD0003669,C000902,2025-05-24,Accessories,836.89,3,0,0
ORD0003670,C000902,2025-11-14,Accessories,160.64,4,0,0
ORD0003671,C000903,2024-12-02,Fragrance,106.82,6,0,0
ORD0003672,C000903,2026-01-25,Beauty,80.47,1,0,0
ORD0003673,C000904,2025-04-28,Fragrance,179.72,5,0,0
ORD0003674,C000904,2025-02-13,Accessories,365.77,4,0,0
ORD0003675,C000904,2025-12-08,Fragrance,85.27,4,1,0
ORD0003676,C000904,2025-05-17,Accessories,415.29,3,0,0
ORD0003677,C000904,2025-09-07,RTW,287.87,4,0,0
ORD0003678,C000904,2025-10-27,Fragrance,206.19,6,0,1
ORD0003679,C000904,2024-10-28,RTW,293.44,4,0,1
ORD0003680,C000904,2025-12-06,Fragrance,690.84,2,0,0
ORD0003681,C000904,2024-12-04,Accessories,396.29,4,0,1
ORD0003682,C000904,2025-12-12,RTW,621.21,4,0,0
ORD0003683,C000905,2025-12-29,Accessories,1098.87,3,0,0
ORD0003684,C000905,2025-11-24,Fragrance,646.92,6,0,1
ORD0003685,C000905,2025-08-14,RTW,315.02,4,0,1
ORD0003686,C000906,2025-08-05,Fragrance,787.66,1,0,1
ORD0003687,C000906,2025-03-30,Fragrance,126.88,5,0,1
ORD0003688,C000906,2025-12-31,RTW,242.12,4,0,1
ORD0003689,C000906,2025-09-02,Accessories,1948.17,4,0,1
ORD0003690,C000906,2025-02-17,RTW,1931.8,4,0,1
ORD0003691,C000906,2024-10-09,RTW,361.27,4,0,1
ORD0003692,C000906,2024-11-27,RTW,150.54,3,0,1
ORD0003693,C000906,2025-10-07,RTW,312.82,3,0,0
ORD0003694,C000907,2025-01-01,Fragrance,187.4,2,0,1
ORD0003695,C000907,2024-10-04,Accessories,162.4,2,0,1
ORD0003696,C000910,2025-12-28,Fragrance,68.28,4,0,1
ORD0003697,C000910,2025-05-30,Accessories,763.45,4,0,1
ORD0003698,C000910,2025-08-04,Accessories,151.93,2,0,1
ORD0003699,C000910,2025-05-05,Accessories,207.99,4,0,1
ORD0003700,C000910,2025-01-05,Accessories,1075.42,3,0,1
ORD0003701,C000910,2025-05-16,Beauty,510.07,3,0,1
ORD0003702,C000911,2024-09-21,Accessories,234.83,2,0,0
ORD0003703,C000911,2026-01-19,Beauty,300.18,3,0,0
ORD0003704,C000911,2025-09-06,Fragrance,640.07,4,0,0
ORD0003705,C000911,2025-01-13,Accessories,418.88,4,0,0
ORD0003706,C000911,2025-10-30,RTW,276.52,3,0,0
ORD0003707,C000911,2025-06-16,Accessories,81.96,2,0,0
ORD0003708,C000911,2025-07-27,RTW,82.89,4,0,0
ORD0003709,C000911,2024-10-25,Fragrance,353.59,1,0,0
ORD0003710,C000911,2025-12-01,Beauty,457.01,2,0,0
ORD0003711,C000911,2024-10-28,Accessories,223.92,4,1,0
ORD0003712,C000912,2025-04-05,RTW,328.05,4,0,0
ORD0003713,C000913,2025-03-21,Beauty,228.68,1,1,0
ORD0003714,C000913,2024-11-21,Beauty,72.53,4,0,0
ORD0003715,C000914,2024-11-06,RTW,96.55,4,0,1
ORD0003716,C000914,2025-04-20,Accessories,207.89,4,0,0
ORD0003717,C000914,2024-12-17,Fragrance,408.91,4,0,1
ORD0003718,C000915,2024-08-26,Beauty,66.91,2,0,1
ORD0003719,C000915,2024-10-25,Accessories,344.99,1,0,1
ORD0003720,C000915,2025-01-17,Fragrance,417.46,3,0,0
ORD0003721,C000916,2024-12-06,Beauty,116.97,3,0,0
ORD0003722,C000916,2025-09-22,Beauty,464.38,3,0,1
ORD0003723,C000917,2024-12-14,Accessories,613.82,4,0,0
ORD0003724,C000917,2024-12-09,Accessories,335.85,4,0,1
ORD0003725,C000917,2025-01-14,RTW,164.55,4,0,0
ORD0003726,C000917,2024-09-21,Beauty,153.14,5,0,0
ORD0003727,C000917,2025-08-05,RTW,97.02,2,0,1
ORD0003728,C000917,2025-05-13,Beauty,216.06,6,0,0
ORD0003729,C000917,2025-07-26,RTW,208.99,4,0,1
ORD0003730,C000917,2025-09-21,RTW,338.88,4,1,1
ORD0003731,C000918,2025-11-17,Accessories,298.69,4,0,0
ORD0003732,C000918,2024-12-09,Beauty,96.36,5,0,0
ORD0003733,C000918,2025-01-09,Accessories,1582.37,3,0,1
ORD0003734,C000918,2025-08-25,RTW,146.72,3,0,1
ORD0003735,C000918,2025-05-22,RTW,1230.35,2,0,1
ORD0003736,C000918,2024-09-29,Beauty,144.25,5,0,1
ORD0003737,C000918,2024-08-21,Fragrance,835.77,6,0,1
ORD0003738,C000919,2025-07-23,Beauty,162.17,5,0,0
ORD0003739,C000919,2026-01-18,Accessories,147.75,2,0,0
ORD0003740,C000919,2024-08-11,Fragrance,159.83,4,0,0
ORD0003741,C000920,2025-05-18,Beauty,480.14,5,0,0
ORD0003742,C000920,2025-10-25,Accessories,212.52,4,0,0
ORD0003743,C000921,2025-07-20,Fragrance,1668.27,6,0,0
ORD0003744,C000921,2025-08-25,RTW,63.06,4,0,0
ORD0003745,C000921,2025-12-31,Beauty,363.99,3,1,1
ORD0003746,C000922,2025-04-01,RTW,749.73,2,1,0
ORD0003747,C000922,2024-10-10,Accessories,313.61,3,0,1
ORD0003748,C000923,2025-11-23,Fragrance,107.79,4,0,1
ORD0003749,C000923,2025-06-12,Fragrance,317.81,5,0,0
ORD0003750,C000923,2025-11-19,Beauty,160.05,2,0,1
ORD0003751,C000923,2025-07-05,Fragrance,399.94,5,0,1
ORD0003752,C000924,2025-03-07,Accessories,335.03,4,0,1
ORD0003753,C000924,2024-10-06,RTW,305.49,4,0,1
ORD0003754,C000924,2024-11-11,Accessories,222.66,4,0,1
ORD0003755,C000924,2025-01-03,Fragrance,216.97,6,0,1
ORD0003756,C000924,2025-09-14,Beauty,70.24,4,0,1
ORD0003757,C000925,2025-08-29,Accessories,353.67,4,1,1
ORD0003758,C000925,2025-02-20,Fragrance,317.95,3,0,1
ORD0003759,C000925,2024-09-21,Fragrance,123.95,3,0,1
ORD0003760,C000927,2025-10-18,Fragrance,483.75,1,0,1
ORD0003761,C000927,2024-12-16,Accessories,248.18,4,0,0
ORD0003762,C000927,2025-12-27,Fragrance,287.93,5,0,0
ORD0003763,C000928,2024-12-15,Beauty,340.88,2,0,0
ORD0003764,C000929,2025-11-04,RTW,417.56,4,0,1
ORD0003765,C000929,2026-01-28,RTW,347.13,3,0,1
ORD0003766,C000929,2025-10-20,Beauty,284.39,3,0,1
ORD0003767,C000929,2025-02-23,RTW,383.9,4,0,1
ORD0003768,C000929,2025-04-08,RTW,123.01,1,0,1
ORD0003769,C000929,2025-05-22,Accessories,334.0,4,0,1
ORD0003770,C000929,2025-05-12,Accessories,191.47,4,0,1
ORD0003771,C000930,2025-06-14,Beauty,490.05,8,0,0
ORD0003772,C000931,2024-09-24,RTW,895.3,4,0,1
ORD0003773,C000932,2024-12-12,Beauty,50.0,5,1,1
ORD0003774,C000932,2024-09-16,Fragrance,491.24,3,0,0
ORD0003775,C000932,2025-11-16,Fragrance,411.47,3,0,0
ORD0003776,C000932,2025-11-28,RTW,64.98,2,0,0
ORD0003777,C000932,2025-07-31,Fragrance,236.84,4,0,0
ORD0003778,C000932,2025-02-23,Fragrance,261.35,5,0,0
ORD0003779,C000933,2025-11-19,Fragrance,701.89,3,0,1
ORD0003780,C000933,2025-07-16,Accessories,168.87,4,0,1
ORD0003781,C000933,2025-03-31,Accessories,397.46,4,0,1
ORD0003782,C000933,2025-03-19,Fragrance,281.57,4,0,1
ORD0003783,C000933,2026-01-30,RTW,205.98,2,0,1
ORD0003784,C000933,2026-01-04,Fragrance,241.54,2,0,0
ORD0003785,C000933,2024-12-01,RTW,388.44,4,0,1
ORD0003786,C000933,2025-03-14,Accessories,258.02,3,0,0
ORD0003787,C000933,2026-01-25,Beauty,143.29,3,0,1
ORD0003788,C000933,2025-03-07,Beauty,391.14,4,1,1
ORD0003789,C000933,2025-11-18,Accessories,428.88,2,0,1
ORD0003790,C000933,2025-01-30,Beauty,305.1,7,1,1
ORD0003791,C000934,2025-08-13,RTW,289.63,4,0,0
ORD0003792,C000934,2025-11-11,Accessories,202.65,4,0,1
ORD0003793,C000934,2025-05-14,RTW,468.43,2,1,0
ORD0003794,C000934,2025-02-02,Beauty,382.48,4,0,1
ORD0003795,C000934,2025-11-11,RTW,168.43,4,0,0
ORD0003796,C000934,2025-03-08,Accessories,129.54,4,0,0
ORD0003797,C000934,2025-04-28,Beauty,85.55,2,0,0
ORD0003798,C000934,2025-01-21,RTW,132.31,3,0,0
ORD0003799,C000934,2024-12-19,Beauty,306.11,5,1,0
ORD0003800,C000934,2024-10-03,Fragrance,2794.54,7,1,1
ORD0003801,C000935,2025-05-24,RTW,243.16,4,0,1
ORD0003802,C000935,2025-03-18,Accessories,320.79,2,0,1
ORD0003803,C000935,2025-04-23,Fragrance,488.87,2,0,0
ORD0003804,C000935,2025-05-21,RTW,1662.3,2,0,1
ORD0003805,C000936,2025-08-30,Fragrance,190.94,4,0,0
ORD0003806,C000936,2026-01-06,Fragrance,401.47,4,0,0
ORD0003807,C000936,2024-12-23,RTW,141.25,4,0,0
ORD0003808,C000936,2025-12-21,Fragrance,116.34,6,0,0
ORD0003809,C000936,2024-12-18,Beauty,50.0,5,0,0
ORD0003810,C000937,2026-01-09,RTW,311.17,2,0,0
ORD0003811,C000939,2026-01-18,Beauty,193.23,5,0,1
ORD0003812,C000939,2025-02-18,Fragrance,159.32,6,1,0
ORD0003813,C000939,2025-04-16,Fragrance,173.03,10,0,0
ORD0003814,C000939,2025-07-03,Fragrance,602.9,3,0,0
ORD0003815,C000939,2025-02-14,Beauty,316.6,5,0,1
ORD0003816,C000939,2025-12-05,RTW,202.82,3,0,0
ORD0003817,C000939,2024-10-08,Accessories,300.33,2,0,0
ORD0003818,C000939,2024-09-02,Accessories,50.72,2,0,0
ORD0003819,C000939,2024-11-14,Accessories,211.57,1,0,0
ORD0003820,C000940,2024-09-23,Fragrance,58.82,8,0,1
ORD0003821,C000940,2025-08-11,Beauty,269.35,4,1,0
ORD0003822,C000940,2025-10-02,Beauty,132.91,5,0,0
ORD0003823,C000940,2025-04-17,Accessories,643.13,1,0,1
ORD0003824,C000941,2025-07-10,Beauty,879.16,8,0,0
ORD0003825,C000941,2024-12-27,Beauty,1220.23,3,0,0
ORD0003826,C000941,2025-04-23,Accessories,280.58,3,0,0
ORD0003827,C000941,2025-02-13,Beauty,337.54,2,0,0
ORD0003828,C000941,2025-07-24,Beauty,366.81,8,0,0
ORD0003829,C000942,2024-12-14,Fragrance,1399.95,6,1,0
ORD0003830,C000942,2025-08-21,Beauty,355.52,3,0,1
ORD0003831,C000942,2024-10-06,Fragrance,435.46,4,0,0
ORD0003832,C000942,2025-04-26,Fragrance,441.52,1,0,1
ORD0003833,C000942,2024-09-26,Fragrance,761.75,3,0,0
ORD0003834,C000944,2025-12-03,Beauty,109.94,4,0,1
ORD0003835,C000944,2025-09-12,Accessories,686.22,4,0,0
ORD0003836,C000944,2025-11-10,Beauty,199.26,6,0,1
ORD0003837,C000944,2024-12-27,Accessories,247.98,2,0,1
ORD0003838,C000944,2025-02-17,Accessories,124.35,3,0,1
ORD0003839,C000944,2024-11-25,RTW,302.45,4,0,1
ORD0003840,C000945,2024-12-30,Accessories,63.62,4,0,1
ORD0003841,C000945,2024-12-09,Accessories,341.2,2,0,1
ORD0003842,C000945,2025-01-11,Accessories,176.89,4,0,1
ORD0003843,C000945,2026-01-17,Accessories,64.43,4,0,1
ORD0003844,C000945,2025-03-28,Fragrance,487.72,4,1,1
ORD0003845,C000946,2024-10-28,Fragrance,481.02,3,1,0
ORD0003846,C000947,2024-08-19,Beauty,748.15,5,0,1
ORD0003847,C000947,2025-12-08,Beauty,103.87,6,0,1
ORD0003848,C000947,2024-12-21,Accessories,313.81,2,0,0
ORD0003849,C000947,2025-01-16,Beauty,523.96,3,1,0
ORD0003850,C000947,2025-11-02,Beauty,112.9,3,0,1
ORD0003851,C000947,2026-01-22,Beauty,50.0,2,0,0
ORD0003852,C000947,2026-01-19,Beauty,145.47,8,0,0
ORD0003853,C000947,2025-10-01,RTW,500.96,4,0,1
ORD0003854,C000948,2025-06-02,Fragrance,542.17,7,0,1
ORD0003855,C000949,2025-09-14,Beauty,86.28,4,1,0
ORD0003856,C000949,2025-08-22,Accessories,366.51,4,0,0
ORD0003857,C000949,2024-10-16,Fragrance,370.54,3,0,0
ORD0003858,C000949,2025-01-20,RTW,85.09,1,0,0
ORD0003859,C000950,2025-07-23,RTW,97.15,4,0,1
ORD0003860,C000950,2024-11-16,Fragrance,189.61,5,1,0
ORD0003861,C000950,2024-10-13,Accessories,509.03,4,0,1
ORD0003862,C000950,2024-09-13,Accessories,294.48,4,0,1
ORD0003863,C000950,2025-05-12,Accessories,299.48,4,0,0
ORD0003864,C000950,2025-09-12,Accessories,223.28,4,1,1
ORD0003865,C000951,2025-04-17,Beauty,53.26,1,0,0
ORD0003866,C000951,2025-06-14,Fragrance,628.28,3,0,0
ORD0003867,C000951,2026-01-14,Beauty,135.82,4,0,0
ORD0003868,C000951,2024-12-28,Beauty,284.78,1,0,0
ORD0003869,C000951,2025-06-28,RTW,362.76,4,0,0
ORD0003870,C000951,2025-04-16,Beauty,258.08,4,0,0
ORD0003871,C000951,2024-12-11,Accessories,117.83,3,0,0
ORD0003872,C000951,2025-01-16,Accessories,122.22,4,0,0
ORD0003873,C000952,2024-09-11,Beauty,199.41,1,1,0
ORD0003874,C000952,2025-01-06,Beauty,534.27,2,1,0
ORD0003875,C000952,2024-12-08,Accessories,50.0,4,1,1
ORD0003876,C000952,2025-09-10,RTW,727.06,2,0,1
ORD0003877,C000952,2024-10-29,Fragrance,97.52,6,1,1
ORD0003878,C000953,2025-08-26,Accessories,668.94,1,0,0
ORD0003879,C000953,2024-12-11,Beauty,141.95,6,1,1
ORD0003880,C000953,2025-11-27,Beauty,303.47,4,0,1
ORD0003881,C000953,2025-11-19,Beauty,422.46,3,0,1
ORD0003882,C000953,2026-01-26,Beauty,103.76,3,1,1
ORD0003883,C000953,2025-10-30,Accessories,438.77,4,0,0
ORD0003884,C000953,2025-03-13,Accessories,621.18,2,0,1
ORD0003885,C000954,2024-11-06,Beauty,198.39,3,0,0
ORD0003886,C000954,2025-07-31,RTW,210.68,4,0,1
ORD0003887,C000954,2025-05-24,Beauty,311.95,3,0,0
ORD0003888,C000954,2025-05-04,Beauty,568.5,3,1,0
ORD0003889,C000954,2025-05-05,Beauty,538.19,4,0,0
ORD0003890,C000954,2025-10-23,Beauty,97.27,2,0,0
ORD0003891,C000954,2024-10-09,Beauty,237.43,4,0,0
ORD0003892,C000954,2024-10-16,Beauty,96.71,7,0,0
ORD0003893,C000954,2025-11-10,Beauty,119.96,2,0,0
ORD0003894,C000955,2024-12-19,Fragrance,55.74,7,0,0
ORD0003895,C000955,2025-03-29,Beauty,303.81,2,0,0
ORD0003896,C000955,2025-06-25,Beauty,82.16,3,0,0
ORD0003897,C000955,2025-09-26,Accessories,170.83,4,0,0
ORD0003898,C000955,2025-03-06,Beauty,156.67,5,0,0
ORD0003899,C000955,2024-10-16,Beauty,572.87,5,0,0
ORD0003900,C000956,2025-01-12,Accessories,75.03,4,0,1
ORD0003901,C000956,2025-07-24,Fragrance,251.73,6,0,0
ORD0003902,C000956,2024-09-28,Beauty,301.66,2,0,0
ORD0003903,C000957,2025-11-01,RTW,575.88,4,0,1
ORD0003904,C000957,2026-01-24,Fragrance,188.52,5,0,1
ORD0003905,C000958,2025-07-24,Beauty,75.2,2,0,0
ORD0003906,C000958,2024-11-14,Fragrance,209.16,4,0,1
ORD0003907,C000958,2025-09-05,Fragrance,278.79,4,0,0
ORD0003908,C000958,2024-09-27,Accessories,712.44,4,0,0
ORD0003909,C000959,2025-06-29,Beauty,552.15,3,0,0
ORD0003910,C000959,2025-04-09,Beauty,68.27,2,0,0
ORD0003911,C000959,2025-09-16,Beauty,62.02,4,0,0
ORD0003912,C000959,2024-12-22,Beauty,113.26,4,0,0
ORD0003913,C000960,2024-10-16,Beauty,221.35,5,0,0
ORD0003914,C000960,2025-07-23,Beauty,138.62,5,0,0
ORD0003915,C000961,2025-06-02,Accessories,77.85,4,0,0
ORD0003916,C000961,2025-06-15,RTW,494.71,3,0,0
ORD0003917,C000961,2025-09-08,RTW,301.56,3,1,1
ORD0003918,C000961,2025-07-28,RTW,74.57,4,1,1
ORD0003919,C000961,2026-01-30,RTW,744.96,3,1,0
ORD0003920,C000961,2025-06-11,RTW,450.5,2,0,1
ORD0003921,C000961,2025-04-20,RTW,104.77,4,0,1
ORD0003922,C000961,2025-04-01,Beauty,204.09,5,0,1
ORD0003923,C000962,2024-08-11,Accessories,118.52,4,0,1
ORD0003924,C000962,2024-09-23,RTW,884.93,4,0,1
ORD0003925,C000962,2025-11-05,RTW,402.38,4,0,1
ORD0003926,C000962,2025-02-14,RTW,134.0,3,0,1
ORD0003927,C000962,2024-11-03,RTW,82.6,3,0,1
ORD0003928,C000963,2025-11-20,Fragrance,54.5,4,0,0
ORD0003929,C000963,2025-09-25,Fragrance,214.99,4,1,0
ORD0003930,C000963,2024-12-24,Accessories,753.15,4,0,0
ORD0003931,C000963,2025-06-26,Fragrance,125.39,3,0,0
ORD0003932,C000963,2024-11-14,RTW,78.69,4,0,0
ORD0003933,C000964,2025-08-29,Fragrance,332.05,3,0,0
ORD0003934,C000964,2024-10-09,RTW,154.0,2,0,0
ORD0003935,C000965,2025-11-14,RTW,242.02,4,0,1
ORD0003936,C000965,2025-12-27,Fragrance,185.43,6,0,1
ORD0003937,C000965,2025-03-31,Accessories,839.34,4,0,1
ORD0003938,C000966,2024-11-03,Beauty,174.68,3,1,0
ORD0003939,C000966,2025-12-08,RTW,391.64,1,0,0
ORD0003940,C000966,2025-02-21,Beauty,141.74,4,0,0
ORD0003941,C000966,2024-09-02,Fragrance,208.63,5,0,0
ORD0003942,C000966,2025-04-11,Beauty,152.11,8,1,0
ORD0003943,C000967,2024-10-03,Beauty,344.37,3,0,1
ORD0003944,C000967,2025-12-07,Fragrance,333.78,3,0,0
ORD0003945,C000967,2026-01-12,Accessories,284.8,4,0,0
ORD0003946,C000968,2024-10-03,Fragrance,108.55,7,0,1
ORD0003947,C000968,2025-08-12,Fragrance,423.14,3,0,1
ORD0003948,C000968,2025-01-15,Beauty,952.13,7,0,1
ORD0003949,C000969,2024-11-16,RTW,244.79,2,0,1
ORD0003950,C000969,2025-12-21,Fragrance,257.0,4,0,1
ORD0003951,C000969,2024-08-28,RTW,451.79,4,0,1
ORD0003952,C000970,2024-12-13,Beauty,410.3,4,0,0
ORD0003953,C000971,2024-12-05,Beauty,221.51,6,0,1
ORD0003954,C000971,2024-10-29,Beauty,50.0,3,0,0
ORD0003955,C000971,2025-07-01,Accessories,247.83,1,1,0
ORD0003956,C000971,2024-09-21,Beauty,696.58,4,0,0
ORD0003957,C000971,2025-04-21,Fragrance,219.12,4,0,0
ORD0003958,C000971,2025-11-12,Accessories,217.33,4,0,0
ORD0003959,C000971,2024-08-30,Fragrance,74.21,3,0,0
ORD0003960,C000971,2025-03-14,Fragrance,80.54,2,0,1
ORD0003961,C000972,2025-04-17,Accessories,970.48,4,0,0
ORD0003962,C000974,2025-07-02,Accessories,205.47,2,0,1
ORD0003963,C000974,2024-11-10,Beauty,237.9,8,0,1
ORD0003964,C000974,2025-06-17,RTW,176.77,4,0,1
ORD0003965,C000974,2025-01-05,Fragrance,266.69,2,1,1
ORD0003966,C000975,2025-11-15,Fragrance,157.26,1,0,0
ORD0003967,C000975,2025-02-27,Beauty,296.91,4,0,0
ORD0003968,C000975,2025-02-17,Accessories,150.82,4,0,1
ORD0003969,C000975,2025-11-17,Fragrance,207.97,4,0,0
ORD0003970,C000975,2025-08-16,RTW,50.0,3,0,0
ORD0003971,C000976,2025-03-25,Beauty,968.46,5,0,1
ORD0003972,C000976,2025-08-18,Beauty,518.2,3,0,0
ORD0003973,C000976,2024-09-01,Beauty,98.44,3,0,1
ORD0003974,C000976,2024-08-23,Beauty,835.04,2,0,0
ORD0003975,C000977,2025-09-21,Fragrance,477.3,4,0,1
ORD0003976,C000977,2024-09-23,Accessories,801.82,2,1,1
ORD0003977,C000977,2025-04-08,Accessories,1231.3,4,1,1
ORD0003978,C000977,2025-01-02,Beauty,223.76,5,0,0
ORD0003979,C000977,2025-07-10,Fragrance,256.1,2,0,1
ORD0003980,C000977,2025-01-17,RTW,2783.38,4,0,1
ORD0003981,C000977,2025-04-28,Fragrance,969.49,4,0,1
ORD0003982,C000977,2025-03-04,Beauty,215.3,5,0,1
ORD0003983,C000978,2025-04-30,Fragrance,324.96,3,0,0
ORD0003984,C000978,2025-07-17,Accessories,529.29,3,0,0
ORD0003985,C000979,2026-01-27,Accessories,864.96,4,0,0
ORD0003986,C000979,2024-11-01,Accessories,285.71,4,0,1
ORD0003987,C000979,2025-09-30,Accessories,387.0,4,1,1
ORD0003988,C000979,2025-09-08,Accessories,258.82,2,0,1
ORD0003989,C000980,2025-09-17,Accessories,111.99,4,1,1
ORD0003990,C000980,2025-01-31,Accessories,92.73,3,0,0
ORD0003991,C000980,2024-08-30,RTW,690.23,2,0,1
ORD0003992,C000980,2024-09-06,Accessories,823.63,4,0,0
ORD0003993,C000980,2024-12-18,RTW,512.02,1,0,0
ORD0003994,C000980,2025-01-28,Accessories,83.88,2,0,1
ORD0003995,C000980,2025-08-07,RTW,187.48,4,0,1
ORD0003996,C000980,2026-01-25,RTW,257.21,4,1,1
ORD0003997,C000981,2024-10-30,Accessories,559.37,3,0,0
ORD0003998,C000981,2024-12-02,Fragrance,373.31,2,0,0
ORD0003999,C000981,2025-04-07,Fragrance,203.29,3,0,1
ORD0004000,C000982,2024-12-02,RTW,499.7,4,0,1
ORD0004001,C000982,2025-10-13,RTW,629.35,4,0,0
ORD0004002,C000984,2025-03-27,Accessories,732.22,3,0,1
ORD0004003,C000984,2024-10-04,Accessories,50.0,2,0,1
ORD0004004,C000984,2025-07-08,Fragrance,118.41,2,0,1
ORD0004005,C000984,2024-11-20,Fragrance,169.85,7,1,1
ORD0004006,C000984,2025-03-11,Accessories,419.88,4,0,0
ORD0004007,C000984,2025-11-26,Fragrance,265.44,3,0,0
ORD0004008,C000984,2024-12-08,Fragrance,756.92,4,0,0
ORD0004009,C000985,2025-03-31,RTW,300.5,4,0,1
ORD0004010,C000985,2025-06-27,RTW,262.25,2,0,1
ORD0004011,C000985,2025-08-06,Beauty,306.5,3,1,0
ORD0004012,C000985,2025-12-12,Accessories,55.64,4,0,0
ORD0004013,C000985,2025-06-16,Beauty,722.73,4,1,0
ORD0004014,C000985,2025-04-21,Accessories,77.16,4,0,1
ORD0004015,C000985,2026-01-18,Beauty,123.21,3,0,1
ORD0004016,C000985,2025-11-24,Beauty,949.66,4,0,0
ORD0004017,C000986,2024-09-21,Accessories,50.0,3,0,0
ORD0004018,C000986,2024-09-19,Beauty,261.6,5,0,0
ORD0004019,C000986,2025-08-27,Accessories,75.27,4,0,0
ORD0004020,C000987,2025-01-24,Beauty,50.0,7,0,0
ORD0004021,C000987,2026-01-17,Beauty,169.48,2,0,0
ORD0004022,C000987,2024-10-12,Beauty,136.41,4,0,0
ORD0004023,C000987,2025-01-09,Fragrance,540.17,5,0,0
ORD0004024,C000987,2024-08-27,Fragrance,90.67,2,0,1
ORD0004025,C000987,2025-03-07,RTW,153.98,4,0,0
ORD0004026,C000988,2025-06-16,RTW,126.75,4,0,0
ORD0004027,C000988,2025-02-20,RTW,95.76,4,0,0
ORD0004028,C000988,2025-12-15,Beauty,221.96,3,0,0
ORD0004029,C000988,2026-01-29,Fragrance,101.03,2,0,0
ORD0004030,C000988,2025-04-29,RTW,148.51,4,0,0
ORD0004031,C000988,2025-12-16,RTW,146.35,4,0,0
ORD0004032,C000988,2025-02-02,Beauty,507.88,5,0,0
ORD0004033,C000988,2025-09-09,Accessories,50.0,2,0,1
ORD0004034,C000989,2026-01-13,RTW,146.84,4,0,1
ORD0004035,C000989,2025-08-26,RTW,1085.03,4,1,1
ORD0004036,C000989,2024-11-06,Accessories,192.18,2,0,1
ORD0004037,C000989,2024-11-09,Accessories,129.02,3,0,1
ORD0004038,C000989,2025-10-06,RTW,382.51,3,0,1
ORD0004039,C000990,2024-11-21,Accessories,210.54,4,0,0
ORD0004040,C000990,2024-08-13,Fragrance,297.93,1,0,1
ORD0004041,C000990,2024-09-05,Fragrance,518.75,2,0,0
ORD0004042,C000990,2025-03-09,Fragrance,479.61,5,0,0
ORD0004043,C000991,2024-12-21,Fragrance,332.24,5,0,0
ORD0004044,C000991,2025-04-22,Accessories,132.16,2,1,0
ORD0004045,C000991,2025-05-25,Beauty,172.35,3,0,0
ORD0004046,C000992,2024-11-17,Fragrance,450.78,7,1,0
ORD0004047,C000993,2025-01-10,Beauty,242.68,5,0,0
ORD0004048,C000993,2025-08-14,Fragrance,102.86,2,0,0
ORD0004049,C000993,2025-04-06,RTW,264.38,4,0,0
ORD0004050,C000993,2024-11-02,RTW,298.42,2,0,1
ORD0004051,C000993,2024-12-14,Beauty,94.34,6,0,0
ORD0004052,C000994,2025-11-03,Beauty,344.75,3,0,0
ORD0004053,C000995,2025-10-30,Beauty,466.69,3,0,0
ORD0004054,C000995,2025-04-04,Accessories,470.83,3,0,0
ORD0004055,C000995,2025-01-25,Beauty,224.41,4,0,0
ORD0004056,C000995,2024-12-02,Beauty,98.53,6,0,0
ORD0004057,C000995,2026-01-07,Beauty,126.51,6,0,0
ORD0004058,C000995,2025-06-03,Beauty,243.24,5,0,0
ORD0004059,C000995,2025-06-19,RTW,245.24,4,0,0
ORD0004060,C000995,2024-09-03,RTW,232.24,4,0,1
ORD0004061,C000995,2025-08-28,Beauty,74.87,1,0,0
ORD0004062,C000995,2025-12-04,Beauty,145.77,3,1,0
ORD0004063,C000995,2024-11-18,Fragrance,195.66,6,0,0
ORD0004064,C000995,2024-10-29,Fragrance,236.13,1,1,0
ORD0004065,C000996,2025-04-18,RTW,88.68,3,0,0
ORD0004066,C000996,2025-03-06,Beauty,237.33,3,0,1
ORD0004067,C000996,2024-11-01,Accessories,754.12,4,0,1
ORD0004068,C000996,2025-07-07,RTW,1109.27,3,0,1
ORD0004069,C000996,2025-12-21,Accessories,210.58,4,0,1
ORD0004070,C000996,2024-10-14,Accessories,178.51,4,0,1
ORD0004071,C000996,2025-11-25,Accessories,1220.81,4,0,1
ORD0004072,C000996,2025-03-27,Accessories,267.26,3,0,0
ORD0004073,C000997,2024-12-27,Accessories,937.08,4,0,0
ORD0004074,C000998,2025-06-29,Beauty,348.27,3,0,0
ORD0004075,C000998,2024-11-03,Fragrance,475.96,5,0,0
ORD0004076,C000998,2025-08-24,RTW,67.63,4,0,0
ORD0004077,C000999,2024-12-18,Beauty,206.3,3,1,0
ORD0004078,C001000,2024-12-18,Beauty,519.76,3,0,0
ORD0004079,C001000,2026-01-02,Fragrance,262.5,7,0,0
ORD0004080,C001000,2025-11-01,Beauty,114.91,5,0,0
ORD0004081,C001000,2025-10-20,Accessories,184.76,2,0,0
ORD0004082,C001000,2024-08-13,Accessories,166.37,4,0,0
ORD0004083,C001000,2025-10-22,Accessories,492.73,3,0,0
ORD0004084,C001000,2026-01-03,Accessories,288.82,3,0,0
ORD0004085,C001001,2024-12-15,Fragrance,152.53,4,0,0
ORD0004086,C001001,2025-12-24,Beauty,293.74,5,0,1
ORD0004087,C001001,2025-09-17,Beauty,471.31,4,0,0
ORD0004088,C001002,2025-09-05,Fragrance,364.07,4,0,0
ORD0004089,C001002,2025-06-08,Accessories,724.64,4,0,0
ORD0004090,C001002,2024-08-25,Accessories,1058.62,1,0,0
ORD0004091,C001002,2025-03-25,Accessories,109.6,4,0,0
ORD0004092,C001002,2025-12-14,RTW,507.51,3,0,1
ORD0004093,C001002,2024-11-26,Beauty,106.5,3,0,0
ORD0004094,C001002,2024-12-03,Fragrance,164.57,4,0,0
ORD0004095,C001002,2025-06-14,RTW,329.82,4,0,1
ORD0004096,C001003,2025-02-02,Accessories,309.79,3,0,1
ORD0004097,C001003,2024-09-19,Fragrance,279.97,3,0,0
ORD0004098,C001003,2025-08-09,Beauty,332.71,1,0,0
ORD0004099,C001003,2025-06-21,Fragrance,257.31,1,1,0
ORD0004100,C001003,2025-12-18,Beauty,411.87,5,0,0
ORD0004101,C001003,2024-11-06,Beauty,369.99,3,0,1
ORD0004102,C001003,2025-09-22,Fragrance,283.19,2,0,0
ORD0004103,C001004,2025-06-17,RTW,1302.99,4,0,0
ORD0004104,C001004,2025-04-19,Fragrance,283.98,5,0,1
ORD0004105,C001004,2024-08-27,Fragrance,155.79,7,0,1
ORD0004106,C001004,2025-11-13,RTW,474.54,1,0,1
ORD0004107,C001004,2024-09-23,Beauty,313.41,4,0,0
ORD0004108,C001004,2025-10-18,Accessories,200.0,3,0,0
ORD0004109,C001004,2025-03-06,RTW,154.37,4,0,1
ORD0004110,C001004,2024-11-02,Beauty,874.4,2,1,0
ORD0004111,C001004,2024-12-24,RTW,299.03,4,0,0
ORD0004112,C001006,2025-11-15,Accessories,67.19,4,0,1
ORD0004113,C001006,2024-11-08,RTW,1147.33,3,0,1
ORD0004114,C001006,2024-10-30,RTW,207.0,4,0,0
ORD0004115,C001006,2025-09-07,RTW,280.4,3,0,0
ORD0004116,C001007,2025-05-02,Accessories,183.52,4,0,1
ORD0004117,C001007,2025-05-06,Accessories,145.17,3,0,1
ORD0004118,C001008,2025-04-05,RTW,118.06,2,1,0
ORD0004119,C001008,2025-06-07,Beauty,198.09,2,0,0
ORD0004120,C001008,2024-11-19,Beauty,152.77,5,0,0
ORD0004121,C001008,2025-11-24,Fragrance,80.34,6,0,0
ORD0004122,C001008,2025-03-10,Fragrance,60.91,4,0,0
ORD0004123,C001008,2024-08-30,Beauty,913.9,5,0,0
ORD0004124,C001008,2025-02-01,Beauty,63.88,3,0,0
ORD0004125,C001008,2024-10-24,RTW,271.25,4,0,0
ORD0004126,C001009,2025-09-02,Accessories,655.16,2,0,1
ORD0004127,C001009,2024-08-27,Fragrance,213.41,5,0,1
ORD0004128,C001009,2025-07-01,Accessories,418.98,4,0,1
ORD0004129,C001009,2025-11-01,Fragrance,1131.62,4,0,1
ORD0004130,C001009,2025-03-25,Accessories,371.97,4,0,0
ORD0004131,C001009,2025-06-12,RTW,480.26,4,0,1
ORD0004132,C001010,2025-01-11,Fragrance,122.86,8,0,0
ORD0004133,C001010,2025-11-21,Beauty,64.35,6,0,0
ORD0004134,C001010,2025-05-15,Accessories,861.06,4,0,0
ORD0004135,C001010,2024-12-28,Fragrance,54.86,5,1,0
ORD0004136,C001011,2025-07-02,RTW,226.12,4,0,1
ORD0004137,C001011,2024-10-05,RTW,267.62,2,0,1
ORD0004138,C001011,2025-09-27,Fragrance,295.71,5,0,1
ORD0004139,C001011,2025-01-30,Accessories,627.33,3,0,1
ORD0004140,C001011,2024-09-19,Accessories,173.08,2,0,0
ORD0004141,C001011,2025-10-05,Accessories,1191.72,1,0,1
ORD0004142,C001011,2025-02-20,Accessories,1119.88,2,1,1
ORD0004143,C001011,2025-08-14,Accessories,525.85,4,1,1
ORD0004144,C001011,2024-12-12,Accessories,2111.08,2,0,1
ORD0004145,C001011,2025-04-12,Beauty,317.75,2,0,1
ORD0004146,C001011,2025-03-29,RTW,230.51,2,0,1
ORD0004147,C001012,2024-12-31,Beauty,160.09,3,0,1
ORD0004148,C001012,2025-05-14,RTW,295.26,3,0,0
ORD0004149,C001012,2024-09-19,Fragrance,561.53,1,0,0
ORD0004150,C001012,2025-09-21,Fragrance,132.21,2,0,0
ORD0004151,C001014,2025-09-24,Fragrance,366.52,3,0,1
ORD0004152,C001014,2025-05-28,Accessories,185.23,3,0,0
ORD0004153,C001014,2026-01-01,Beauty,243.34,3,0,1
ORD0004154,C001014,2025-02-08,Accessories,200.36,4,0,0
ORD0004155,C001014,2025-01-02,RTW,323.11,3,0,1
ORD0004156,C001014,2025-07-21,RTW,151.87,4,0,0
ORD0004157,C001014,2025-09-26,Beauty,395.34,9,0,1
ORD0004158,C001015,2024-12-01,Beauty,102.37,4,0,0
ORD0004159,C001015,2026-01-29,Fragrance,673.06,5,0,1
ORD0004160,C001015,2024-12-23,RTW,293.94,4,0,1
ORD0004161,C001015,2025-12-29,Accessories,151.53,1,0,0
ORD0004162,C001016,2025-09-21,Accessories,264.36,4,0,0
ORD0004163,C001016,2025-06-19,Fragrance,173.77,5,0,0
ORD0004164,C001016,2025-12-21,Beauty,152.41,3,1,0
ORD0004165,C001016,2024-11-08,Beauty,104.25,2,0,0
ORD0004166,C001016,2024-11-25,Beauty,969.94,7,0,0
ORD0004167,C001016,2026-01-14,Accessories,222.89,1,1,0
ORD0004168,C001016,2025-11-18,Beauty,119.5,2,0,0
ORD0004169,C001016,2025-04-23,RTW,678.12,4,0,1
ORD0004170,C001017,2025-04-05,Accessories,125.68,4,1,1
ORD0004171,C001017,2025-05-24,Fragrance,1454.05,1,0,1
ORD0004172,C001017,2024-10-19,RTW,131.08,4,0,1
ORD0004173,C001019,2025-01-26,Fragrance,179.61,2,0,0
ORD0004174,C001019,2025-01-10,Beauty,116.22,4,0,0
ORD0004175,C001019,2025-01-03,Accessories,192.94,4,0,0
ORD0004176,C001019,2025-01-07,Fragrance,229.9,2,0,0
ORD0004177,C001019,2025-01-30,Fragrance,50.0,3,0,0
ORD0004178,C001019,2025-02-22,Beauty,87.14,2,0,0
ORD0004179,C001019,2025-07-27,Beauty,242.91,10,0,0
ORD0004180,C001020,2025-05-06,Beauty,442.09,2,0,1
ORD0004181,C001020,2025-12-15,Fragrance,412.59,4,1,0
ORD0004182,C001020,2025-03-05,Fragrance,644.51,3,1,1
ORD0004183,C001021,2025-02-22,Accessories,126.76,2,0,0
ORD0004184,C001021,2025-07-01,Accessories,116.96,4,0,0
ORD0004185,C001021,2025-04-28,Accessories,884.57,4,0,0
ORD0004186,C001021,2025-05-14,Beauty,257.31,7,0,1
ORD0004187,C001021,2025-09-08,Fragrance,221.62,4,0,0
ORD0004188,C001021,2025-06-10,RTW,68.03,4,0,1
ORD0004189,C001021,2025-05-29,Beauty,123.24,3,0,1
ORD0004190,C001022,2025-01-26,Fragrance,317.11,4,0,0
ORD0004191,C001022,2025-11-06,Fragrance,418.85,2,0,0
ORD0004192,C001022,2025-07-12,Fragrance,220.09,4,0,1
ORD0004193,C001022,2025-05-09,RTW,1120.91,3,0,0
ORD0004194,C001022,2024-08-10,Accessories,777.97,4,0,0
ORD0004195,C001022,2025-03-12,RTW,104.94,4,0,1
ORD0004196,C001022,2026-01-22,Fragrance,82.66,6,0,0
ORD0004197,C001022,2025-04-13,Accessories,353.32,4,0,0
ORD0004198,C001023,2024-11-11,Beauty,419.66,4,0,0
ORD0004199,C001023,2025-12-08,Beauty,239.09,3,0,0
ORD0004200,C001024,2024-09-03,Accessories,84.79,4,1,1
ORD0004201,C001024,2024-09-26,Beauty,337.89,4,0,1
ORD0004202,C001024,2025-07-03,RTW,359.69,4,0,1
ORD0004203,C001025,2025-11-25,Fragrance,527.8,4,0,1
ORD0004204,C001025,2024-12-04,Beauty,429.81,3,0,1
ORD0004205,C001025,2026-01-15,Beauty,344.8,6,0,0
ORD0004206,C001025,2024-10-20,Beauty,186.94,1,1,0
ORD0004207,C001025,2024-12-11,Beauty,114.4,3,0,1
ORD0004208,C001025,2025-03-28,Beauty,65.52,3,0,0
ORD0004209,C001025,2025-12-07,Beauty,488.61,2,0,0
ORD0004210,C001025,2026-01-28,RTW,418.63,2,0,1
ORD0004211,C001027,2025-07-12,RTW,119.76,4,0,0
ORD0004212,C001027,2025-11-18,Beauty,105.59,2,0,0
ORD0004213,C001027,2025-07-14,Accessories,57.1,2,1,1
ORD0004214,C001027,2025-07-25,Beauty,144.77,2,0,0
ORD0004215,C001027,2024-09-03,Beauty,199.52,5,0,0
ORD0004216,C001027,2025-02-21,Beauty,311.24,2,0,1
ORD0004217,C001029,2025-03-02,Accessories,174.27,4,0,1
ORD0004218,C001029,2025-04-10,Beauty,66.12,3,0,1
ORD0004219,C001031,2025-08-26,Fragrance,283.81,1,1,1
ORD0004220,C001031,2025-12-24,Accessories,125.94,4,1,1
ORD0004221,C001031,2025-03-09,Fragrance,145.48,4,0,0
ORD0004222,C001031,2026-01-11,Accessories,399.88,4,1,0
ORD0004223,C001031,2024-11-22,Beauty,269.06,3,0,1
ORD0004224,C001031,2024-08-17,Accessories,128.19,3,0,1
ORD0004225,C001032,2025-09-13,RTW,297.24,4,0,1
ORD0004226,C001032,2025-03-09,Beauty,123.8,1,0,0
ORD0004227,C001032,2025-09-19,Beauty,113.78,3,0,1
ORD0004228,C001032,2025-01-14,Accessories,181.66,4,0,0
ORD0004229,C001032,2025-10-25,RTW,622.13,3,0,0
ORD0004230,C001033,2025-12-14,Beauty,376.26,3,0,1
ORD0004231,C001033,2025-07-02,RTW,370.98,3,0,1
ORD0004232,C001033,2025-06-16,Fragrance,1919.21,3,0,1
ORD0004233,C001033,2025-08-05,RTW,287.48,4,0,1
ORD0004234,C001033,2025-10-03,Beauty,399.65,5,0,1
ORD0004235,C001034,2025-05-15,RTW,162.02,4,0,0
ORD0004236,C001034,2025-04-15,Accessories,363.45,4,0,1
ORD0004237,C001034,2025-07-24,Beauty,670.15,5,0,1
ORD0004238,C001034,2025-03-31,RTW,495.12,2,0,1
ORD0004239,C001034,2026-01-25,Accessories,129.57,2,0,1
ORD0004240,C001034,2024-11-16,Beauty,125.0,7,0,1
ORD0004241,C001034,2025-12-06,Beauty,794.37,5,0,1
ORD0004242,C001034,2025-01-30,RTW,937.86,3,0,1
ORD0004243,C001034,2024-10-03,Fragrance,270.84,5,0,0
ORD0004244,C001034,2025-05-27,Fragrance,245.59,5,0,1
ORD0004245,C001034,2025-01-26,RTW,458.63,1,0,1
ORD0004246,C001035,2025-06-07,Fragrance,724.47,9,0,1
ORD0004247,C001035,2025-10-28,Beauty,718.99,5,0,1
ORD0004248,C001036,2025-01-03,RTW,50.0,3,0,1
ORD0004249,C001036,2025-02-24,RTW,241.38,4,0,1
ORD0004250,C001036,2024-09-18,Beauty,673.21,5,0,1
ORD0004251,C001037,2025-08-22,Beauty,211.2,4,0,1
ORD0004252,C001037,2024-08-25,Fragrance,176.14,5,1,0
ORD0004253,C001037,2024-11-30,Accessories,218.48,3,0,1
ORD0004254,C001038,2025-01-17,Fragrance,312.02,7,0,1
ORD0004255,C001038,2025-01-16,RTW,1412.98,3,0,0
ORD0004256,C001038,2025-04-28,Accessories,587.91,4,0,1
ORD0004257,C001038,2025-03-11,Accessories,277.88,3,0,1
ORD0004258,C001039,2024-12-09,RTW,678.3,4,0,1
ORD0004259,C001039,2025-02-17,Fragrance,199.26,4,0,1
ORD0004260,C001039,2025-07-07,RTW,152.73,2,0,1
ORD0004261,C001039,2024-12-29,Fragrance,675.72,4,0,1
ORD0004262,C001039,2025-04-01,Fragrance,88.54,4,1,1
ORD0004263,C001040,2025-08-23,Beauty,175.88,3,0,0
ORD0004264,C001040,2024-11-28,Fragrance,123.3,7,0,0
ORD0004265,C001040,2025-06-15,RTW,50.34,4,0,0
ORD0004266,C001040,2025-04-12,Fragrance,86.4,6,0,0
ORD0004267,C001040,2024-11-17,Beauty,406.89,3,0,0
ORD0004268,C001040,2024-12-04,Beauty,138.61,3,0,0
ORD0004269,C001041,2025-09-02,Fragrance,629.93,5,0,0
ORD0004270,C001041,2025-06-02,Fragrance,746.81,7,0,0
ORD0004271,C001041,2025-11-12,Fragrance,650.28,6,0,1
ORD0004272,C001041,2025-06-15,Fragrance,484.2,4,0,0
ORD0004273,C001041,2025-10-19,Accessories,230.37,4,0,0
ORD0004274,C001041,2025-07-13,Accessories,1019.0,2,0,1
ORD0004275,C001041,2025-05-25,Beauty,162.39,2,1,0
ORD0004276,C001041,2024-10-02,Accessories,247.27,4,0,1
ORD0004277,C001043,2025-08-13,Beauty,242.84,3,0,0
ORD0004278,C001043,2025-10-25,Fragrance,297.1,1,0,0
ORD0004279,C001043,2024-09-24,Beauty,117.46,5,0,0
ORD0004280,C001043,2026-01-11,RTW,655.09,2,0,0
ORD0004281,C001043,2025-04-24,Beauty,179.14,3,0,0
ORD0004282,C001043,2025-09-27,Fragrance,377.06,3,0,0
ORD0004283,C001043,2025-07-13,RTW,63.59,3,0,0
ORD0004284,C001043,2024-11-04,Beauty,203.51,3,0,0
ORD0004285,C001045,2025-04-21,Accessories,242.28,3,0,1
ORD0004286,C001046,2025-08-15,Fragrance,1406.39,2,0,0
ORD0004287,C001047,2025-02-12,Fragrance,369.29,6,0,0
ORD0004288,C001047,2025-07-19,Fragrance,453.33,5,0,0
ORD0004289,C001047,2025-03-29,Accessories,147.72,3,1,0
ORD0004290,C001048,2025-05-07,RTW,50.0,3,0,0
ORD0004291,C001048,2025-10-10,Beauty,172.31,4,0,0
ORD0004292,C001048,2025-01-03,RTW,132.98,2,0,0
ORD0004293,C001050,2025-11-01,Accessories,115.5,3,0,0
ORD0004294,C001050,2026-01-04,Beauty,270.51,4,0,0
ORD0004295,C001050,2025-06-15,RTW,368.62,3,0,1
ORD0004296,C001051,2025-10-09,Fragrance,674.35,2,1,0
ORD0004297,C001052,2025-10-12,Beauty,644.55,3,0,1
ORD0004298,C001052,2026-01-02,Accessories,274.24,4,1,1
ORD0004299,C001052,2025-05-23,Accessories,71.18,4,0,1
ORD0004300,C001052,2025-12-27,Beauty,368.67,4,0,1
ORD0004301,C001052,2025-06-13,Beauty,182.53,2,0,0
ORD0004302,C001053,2025-06-24,Beauty,54.59,3,0,0
ORD0004303,C001053,2024-09-24,Fragrance,188.83,2,0,0
ORD0004304,C001053,2025-04-25,Beauty,283.76,4,0,0
ORD0004305,C001055,2025-12-15,Accessories,100.52,3,0,1
ORD0004306,C001055,2025-05-04,RTW,401.9,3,1,1
ORD0004307,C001055,2025-11-19,Accessories,232.37,4,0,1
ORD0004308,C001055,2025-06-23,Accessories,254.91,4,1,0
ORD0004309,C001055,2025-10-29,Fragrance,252.58,4,1,1
ORD0004310,C001056,2025-04-16,RTW,271.27,4,0,1
ORD0004311,C001056,2025-11-06,Fragrance,624.72,3,0,1
ORD0004312,C001057,2025-03-17,Fragrance,177.04,3,0,0
ORD0004313,C001057,2025-12-22,Accessories,392.45,3,0,1
ORD0004314,C001057,2024-11-29,Accessories,180.77,4,0,0
ORD0004315,C001057,2024-12-13,RTW,405.94,4,0,0
ORD0004316,C001057,2025-11-17,Accessories,229.8,4,0,1
ORD0004317,C001058,2025-05-23,RTW,236.53,1,0,1
ORD0004318,C001059,2025-07-09,Fragrance,638.02,5,0,0
ORD0004319,C001059,2025-02-27,Beauty,701.88,5,0,0
ORD0004320,C001059,2025-08-24,RTW,275.52,2,0,0
ORD0004321,C001059,2025-07-12,Beauty,202.55,5,1,1
ORD0004322,C001059,2024-09-28,Fragrance,849.94,3,0,0
ORD0004323,C001059,2024-09-20,Fragrance,189.38,5,0,0
ORD0004324,C001059,2025-10-20,RTW,205.34,4,0,0
ORD0004325,C001060,2025-12-01,Fragrance,227.29,6,1,1
ORD0004326,C001060,2025-10-21,Accessories,235.08,3,0,0
ORD0004327,C001060,2024-09-10,Accessories,142.96,3,1,0
ORD0004328,C001060,2025-10-22,Fragrance,149.76,9,0,1
ORD0004329,C001060,2026-01-14,Fragrance,143.25,3,0,1
ORD0004330,C001061,2024-10-12,Beauty,239.66,2,0,1
ORD0004331,C001061,2024-08-15,Accessories,548.86,3,0,1
ORD0004332,C001061,2025-04-09,Accessories,78.58,3,1,1
ORD0004333,C001061,2024-10-17,RTW,493.15,1,0,1
ORD0004334,C001061,2025-09-13,Fragrance,459.7,4,0,0
ORD0004335,C001061,2025-11-15,Accessories,447.2,2,0,1
ORD0004336,C001062,2024-11-10,RTW,83.8,4,0,1
ORD0004337,C001062,2024-09-15,RTW,641.52,3,0,0
ORD0004338,C001062,2025-07-22,Fragrance,79.3,5,0,1
ORD0004339,C001062,2025-11-10,Accessories,1363.8,4,1,1
ORD0004340,C001062,2025-03-28,RTW,99.25,3,0,1
ORD0004341,C001062,2025-01-07,Fragrance,749.86,2,0,1
ORD0004342,C001063,2025-04-12,Fragrance,90.12,2,0,0
ORD0004343,C001063,2025-10-01,Beauty,50.0,6,0,0
ORD0004344,C001063,2025-11-14,Fragrance,376.33,4,0,0
ORD0004345,C001063,2025-02-21,Fragrance,423.38,2,0,1
ORD0004346,C001064,2024-11-13,RTW,169.59,3,0,1
ORD0004347,C001064,2025-11-23,Accessories,617.03,3,0,1
ORD0004348,C001064,2025-02-12,Accessories,297.17,4,0,0
ORD0004349,C001065,2025-08-04,Accessories,149.2,3,0,1
ORD0004350,C001065,2025-03-17,Beauty,212.79,3,0,1
ORD0004351,C001065,2025-01-23,Accessories,221.67,4,0,1
ORD0004352,C001065,2025-11-25,Fragrance,71.66,5,0,1
ORD0004353,C001066,2025-04-23,Beauty,58.89,2,0,0
ORD0004354,C001066,2025-01-28,Beauty,210.71,5,0,0
ORD0004355,C001066,2024-08-30,Fragrance,758.41,4,0,0
ORD0004356,C001066,2025-06-18,RTW,285.46,2,0,1
ORD0004357,C001067,2025-10-14,Accessories,270.39,4,0,1
ORD0004358,C001067,2025-02-16,Accessories,650.1,3,0,1
ORD0004359,C001067,2024-12-15,Beauty,62.7,4,0,1
ORD0004360,C001067,2024-09-01,RTW,250.98,3,0,1
ORD0004361,C001067,2025-07-26,RTW,817.63,4,0,1
ORD0004362,C001068,2024-10-21,Accessories,203.13,2,0,1
ORD0004363,C001068,2025-01-25,Fragrance,132.41,6,0,1
ORD0004364,C001068,2025-01-04,Fragrance,2274.9,4,0,1
ORD0004365,C001068,2025-12-18,Accessories,399.56,3,1,0
ORD0004366,C001068,2025-04-24,Fragrance,416.56,6,1,1
ORD0004367,C001068,2025-01-08,Accessories,194.65,3,0,0
ORD0004368,C001069,2024-11-25,Fragrance,254.14,7,0,1
ORD0004369,C001069,2024-08-24,Accessories,818.5,4,0,1
ORD0004370,C001069,2026-01-25,Accessories,477.05,3,1,1
ORD0004371,C001069,2024-12-05,Accessories,548.44,4,0,1
ORD0004372,C001069,2025-04-27,RTW,364.01,4,0,1
ORD0004373,C001069,2025-10-20,RTW,175.05,4,0,1
ORD0004374,C001069,2026-01-23,RTW,324.68,4,0,1
ORD0004375,C001070,2024-09-04,Accessories,172.02,4,0,1
ORD0004376,C001070,2025-08-18,RTW,732.36,3,0,1
ORD0004377,C001070,2025-09-01,Accessories,958.58,4,0,1
ORD0004378,C001070,2025-04-15,Fragrance,844.11,3,1,1
ORD0004379,C001070,2025-03-02,Accessories,171.74,4,0,1
ORD0004380,C001070,2025-01-29,RTW,339.66,2,0,1
ORD0004381,C001070,2025-04-01,Accessories,439.41,4,1,1
ORD0004382,C001070,2025-12-22,Accessories,235.75,4,0,1
ORD0004383,C001072,2024-10-24,RTW,71.86,4,0,1
ORD0004384,C001072,2025-01-14,Beauty,50.0,3,0,1
ORD0004385,C001073,2025-10-04,Fragrance,478.87,6,0,1
ORD0004386,C001073,2025-12-31,Beauty,109.09,2,0,0
ORD0004387,C001073,2025-03-15,Accessories,1166.15,4,0,0
ORD0004388,C001073,2024-11-03,Accessories,310.46,4,0,1
ORD0004389,C001073,2025-09-18,RTW,86.39,3,0,1
ORD0004390,C001073,2024-11-09,Fragrance,541.17,1,0,1
ORD0004391,C001073,2025-01-27,RTW,68.29,2,0,1
ORD0004392,C001074,2025-12-20,RTW,189.44,4,0,0
ORD0004393,C001074,2025-05-29,Fragrance,100.16,7,1,0
ORD0004394,C001074,2026-01-13,Accessories,175.15,3,0,1
ORD0004395,C001076,2025-03-29,Accessories,563.86,4,1,1
ORD0004396,C001077,2025-02-27,Beauty,238.67,4,0,1
ORD0004397,C001077,2025-02-24,Fragrance,235.58,4,0,0
ORD0004398,C001077,2024-08-26,Beauty,328.92,3,0,0
ORD0004399,C001077,2025-05-07,Accessories,825.18,3,0,0
ORD0004400,C001077,2024-10-22,Fragrance,193.48,1,0,0
ORD0004401,C001077,2025-09-21,Beauty,542.68,5,0,0
ORD0004402,C001078,2024-08-26,Fragrance,585.27,4,0,0
ORD0004403,C001078,2025-06-16,Accessories,727.24,4,1,1
ORD0004404,C001078,2025-02-12,Fragrance,141.57,2,0,0
ORD0004405,C001079,2026-01-05,RTW,68.51,4,0,1
ORD0004406,C001079,2025-10-04,RTW,368.05,4,0,1
ORD0004407,C001079,2024-11-01,RTW,2417.52,3,0,0
ORD0004408,C001079,2025-05-30,RTW,504.88,4,0,1
ORD0004409,C001079,2026-01-16,Accessories,245.61,4,0,1
ORD0004410,C001079,2025-03-06,Accessories,321.91,4,0,0
ORD0004411,C001080,2025-01-14,RTW,486.21,3,0,1
ORD0004412,C001080,2026-01-09,Accessories,607.85,4,0,1
ORD0004413,C001080,2026-01-30,Fragrance,363.28,7,0,1
ORD0004414,C001080,2024-11-16,Accessories,196.36,3,0,1
ORD0004415,C001081,2025-03-31,Beauty,98.74,5,0,1
ORD0004416,C001081,2024-11-17,Beauty,215.79,6,1,1
ORD0004417,C001081,2025-12-12,Beauty,172.47,7,0,1
ORD0004418,C001081,2025-05-29,RTW,150.02,3,0,0
ORD0004419,C001081,2025-01-15,Accessories,200.27,4,0,1
ORD0004420,C001081,2024-12-18,RTW,395.55,3,0,1
ORD0004421,C001081,2025-10-27,Beauty,176.82,2,0,1
ORD0004422,C001081,2025-11-21,Accessories,264.33,2,0,0
ORD0004423,C001081,2025-12-02,Beauty,576.29,5,0,1
ORD0004424,C001081,2026-01-10,Beauty,413.39,2,0,1
ORD0004425,C001082,2024-12-18,Accessories,69.69,4,0,0
ORD0004426,C001082,2024-12-19,Beauty,339.98,3,0,0
ORD0004427,C001082,2024-09-07,Fragrance,986.45,2,0,0
ORD0004428,C001082,2026-01-21,RTW,163.5,3,0,0
ORD0004429,C001083,2025-05-29,Fragrance,268.82,3,0,0
ORD0004430,C001084,2025-08-05,Fragrance,787.53,6,0,1
ORD0004431,C001084,2025-12-29,Accessories,158.91,4,0,1
ORD0004432,C001085,2025-09-23,Fragrance,932.84,4,0,0
ORD0004433,C001085,2025-02-14,Beauty,321.25,3,0,0
ORD0004434,C001085,2025-10-12,Beauty,179.35,5,0,1
ORD0004435,C001085,2024-10-18,Beauty,139.7,4,0,0
ORD0004436,C001085,2026-01-01,Fragrance,196.12,7,0,0
ORD0004437,C001085,2025-01-08,Fragrance,102.32,1,1,1
ORD0004438,C001087,2025-01-18,Beauty,1206.2,6,0,1
ORD0004439,C001087,2025-06-26,Fragrance,234.25,3,0,1
ORD0004440,C001087,2025-02-18,Accessories,567.2,2,0,1
ORD0004441,C001087,2025-07-29,RTW,290.04,3,0,1
ORD0004442,C001087,2025-03-07,RTW,381.43,4,0,0
ORD0004443,C001087,2025-09-10,Beauty,374.67,3,0,1
ORD0004444,C001087,2025-04-19,Beauty,160.16,4,1,1
ORD0004445,C001087,2024-11-11,Fragrance,643.31,5,0,0
ORD0004446,C001088,2025-10-30,Accessories,381.52,4,0,0
ORD0004447,C001088,2025-04-03,Fragrance,166.81,6,0,0
ORD0004448,C001088,2025-09-18,RTW,484.73,4,1,0
ORD0004449,C001088,2024-10-12,Fragrance,247.23,2,0,0
ORD0004450,C001088,2025-09-30,RTW,154.17,4,0,0
ORD0004451,C001089,2025-08-03,Fragrance,312.75,5,0,1
ORD0004452,C001089,2025-06-30,Fragrance,144.54,2,0,0
ORD0004453,C001089,2026-01-25,Fragrance,257.45,3,0,0
ORD0004454,C001089,2025-02-01,Beauty,1640.37,4,0,0
ORD0004455,C001090,2025-09-28,Fragrance,112.08,3,0,0
ORD0004456,C001090,2024-09-05,Beauty,422.18,5,1,0
ORD0004457,C001090,2025-01-29,Beauty,50.0,2,1,0
ORD0004458,C001091,2024-11-28,Beauty,433.96,4,1,0
ORD0004459,C001091,2025-10-14,Fragrance,262.51,3,0,0
ORD0004460,C001091,2025-06-28,Beauty,87.03,2,0,1
ORD0004461,C001091,2024-09-19,Fragrance,253.23,3,1,1
ORD0004462,C001091,2025-12-02,Accessories,268.67,4,0,1
ORD0004463,C001092,2025-02-15,Accessories,103.63,4,0,1
ORD0004464,C001092,2025-07-26,Beauty,296.33,4,0,1
ORD0004465,C001092,2025-04-18,Accessories,587.69,1,0,1
ORD0004466,C001093,2025-01-18,Beauty,568.13,3,0,1
ORD0004467,C001093,2026-01-28,Beauty,144.68,1,0,1
ORD0004468,C001093,2025-09-06,Beauty,192.85,5,0,1
ORD0004469,C001094,2025-02-12,Fragrance,235.57,5,0,0
ORD0004470,C001094,2025-09-13,Beauty,122.91,2,0,0
ORD0004471,C001094,2025-01-01,Beauty,467.36,4,0,0
ORD0004472,C001094,2025-11-14,Fragrance,250.76,3,0,0
ORD0004473,C001094,2024-11-05,Fragrance,161.37,3,0,0
ORD0004474,C001094,2024-11-02,Beauty,176.6,4,1,0
ORD0004475,C001094,2025-04-03,Beauty,395.59,4,0,0
ORD0004476,C001095,2025-10-16,Accessories,265.81,3,0,1
ORD0004477,C001095,2024-09-07,Accessories,338.41,4,0,1
ORD0004478,C001095,2024-11-18,Accessories,458.49,4,0,1
ORD0004479,C001095,2024-10-05,Fragrance,92.81,3,0,1
ORD0004480,C001095,2025-11-23,Accessories,456.91,3,0,1
ORD0004481,C001096,2025-08-20,Beauty,343.24,5,0,0
ORD0004482,C001096,2025-03-08,Accessories,166.43,4,0,1
ORD0004483,C001096,2025-11-16,Accessories,138.03,2,0,0
ORD0004484,C001096,2025-08-24,RTW,612.98,2,0,1
ORD0004485,C001096,2025-10-06,Beauty,138.46,5,0,0
ORD0004486,C001096,2024-11-04,Fragrance,246.57,3,1,0
ORD0004487,C001097,2024-09-28,RTW,697.74,4,0,1
ORD0004488,C001097,2025-05-24,RTW,171.91,3,0,1
ORD0004489,C001097,2024-09-20,Accessories,135.96,2,0,1
ORD0004490,C001097,2025-08-24,Accessories,176.27,4,1,1
ORD0004491,C001097,2024-08-19,RTW,325.92,3,0,1
ORD0004492,C001097,2025-01-19,Fragrance,351.36,5,0,0
ORD0004493,C001097,2025-11-06,Fragrance,271.5,5,1,1
ORD0004494,C001097,2025-03-17,RTW,295.2,2,0,1
ORD0004495,C001098,2025-05-25,Beauty,328.45,3,0,1
ORD0004496,C001098,2025-05-24,Fragrance,437.01,5,0,0
ORD0004497,C001099,2025-08-31,Fragrance,93.87,4,0,1
ORD0004498,C001099,2025-11-17,RTW,134.84,3,0,1
ORD0004499,C001099,2025-02-12,Fragrance,992.39,1,0,1
ORD0004500,C001099,2025-01-06,Fragrance,435.41,3,0,1
ORD0004501,C001099,2024-09-27,RTW,142.98,1,0,1
ORD0004502,C001099,2025-05-11,Fragrance,936.31,5,1,1
ORD0004503,C001099,2025-07-08,Fragrance,314.21,3,0,1
ORD0004504,C001099,2025-02-14,Beauty,463.58,6,0,0
ORD0004505,C001099,2025-02-15,Fragrance,428.94,3,0,0
ORD0004506,C001099,2025-09-10,Accessories,453.94,4,1,1
ORD0004507,C001100,2025-04-24,Accessories,831.34,4,0,1
ORD0004508,C001100,2024-12-29,RTW,298.74,4,0,1
ORD0004509,C001100,2024-11-18,Accessories,662.89,4,0,1
ORD0004510,C001101,2024-11-01,RTW,434.33,4,0,0
ORD0004511,C001101,2025-01-18,Accessories,641.27,4,1,1
ORD0004512,C001101,2025-07-27,Fragrance,223.73,3,0,1
ORD0004513,C001101,2025-02-11,Fragrance,526.46,3,0,0
ORD0004514,C001101,2025-05-21,Accessories,791.02,4,0,0
ORD0004515,C001102,2024-12-25,Accessories,632.01,4,0,1
ORD0004516,C001102,2024-10-07,Accessories,183.24,2,0,1
ORD0004517,C001102,2024-11-05,Accessories,325.67,4,0,1
ORD0004518,C001103,2025-08-20,Fragrance,87.89,3,0,0
ORD0004519,C001103,2025-04-11,Beauty,213.59,3,0,0
ORD0004520,C001103,2026-01-08,Accessories,380.97,3,0,0
ORD0004521,C001103,2025-03-14,Beauty,128.13,3,1,0
ORD0004522,C001104,2025-09-20,Beauty,110.44,7,0,1
ORD0004523,C001104,2025-01-03,Fragrance,880.03,3,0,1
ORD0004524,C001105,2025-10-10,Fragrance,458.12,3,0,0
ORD0004525,C001105,2024-11-25,Accessories,50.75,4,0,0
ORD0004526,C001105,2024-11-29,RTW,352.69,4,0,1
ORD0004527,C001105,2025-06-08,Beauty,513.94,4,0,0
ORD0004528,C001105,2024-11-05,RTW,145.46,2,0,1
ORD0004529,C001105,2025-04-30,Fragrance,116.26,5,0,1
ORD0004530,C001105,2025-10-10,Fragrance,165.5,4,0,0
ORD0004531,C001106,2025-01-15,Accessories,81.73,4,0,0
ORD0004532,C001106,2025-07-14,Accessories,87.53,3,0,0
ORD0004533,C001106,2026-01-24,Fragrance,194.9,2,0,0
ORD0004534,C001106,2024-09-13,Fragrance,476.48,3,0,0
ORD0004535,C001106,2025-09-12,Accessories,183.33,4,0,0
ORD0004536,C001106,2025-04-07,Accessories,367.75,4,0,1
ORD0004537,C001106,2026-01-06,Beauty,170.85,5,0,0
ORD0004538,C001106,2025-09-15,Accessories,488.29,4,1,0
ORD0004539,C001107,2025-09-05,Fragrance,79.22,2,0,0
ORD0004540,C001107,2025-08-24,Fragrance,284.35,1,0,0
ORD0004541,C001107,2025-04-29,Beauty,294.42,5,0,0
ORD0004542,C001107,2024-12-22,Fragrance,98.17,7,0,0
ORD0004543,C001107,2024-11-01,RTW,224.97,4,1,0
ORD0004544,C001108,2025-06-20,Fragrance,403.71,4,0,0
ORD0004545,C001108,2024-08-16,RTW,1342.01,4,0,1
ORD0004546,C001108,2025-11-23,Beauty,188.8,2,0,0
ORD0004547,C001108,2025-08-28,Fragrance,405.2,4,1,0
ORD0004548,C001108,2025-12-11,Accessories,307.39,4,0,0
ORD0004549,C001108,2024-08-18,Fragrance,660.47,6,0,0
ORD0004550,C001108,2025-09-23,RTW,379.27,4,0,1
ORD0004551,C001108,2025-07-06,Beauty,140.78,5,0,0
ORD0004552,C001109,2024-11-23,Beauty,259.46,4,0,0
ORD0004553,C001110,2025-01-05,Accessories,109.65,4,1,1
ORD0004554,C001110,2025-08-13,Beauty,193.65,4,0,1
ORD0004555,C001110,2024-12-11,Accessories,444.15,3,0,1
ORD0004556,C001111,2025-11-04,Beauty,160.08,6,0,1
ORD0004557,C001111,2025-02-21,Beauty,125.9,3,0,1
ORD0004558,C001111,2025-04-13,Beauty,151.95,2,0,0
ORD0004559,C001113,2025-09-16,Beauty,90.97,2,1,0
ORD0004560,C001113,2024-11-27,Accessories,51.36,2,0,0
ORD0004561,C001114,2025-12-08,Beauty,183.58,2,1,0
ORD0004562,C001115,2025-05-08,Accessories,245.63,4,0,0
ORD0004563,C001115,2025-10-27,Accessories,118.78,4,0,0
ORD0004564,C001115,2025-01-12,Beauty,881.6,6,1,0
ORD0004565,C001115,2026-01-30,Accessories,254.4,3,1,0
ORD0004566,C001116,2025-04-07,Accessories,564.8,4,0,0
ORD0004567,C001116,2025-11-30,Fragrance,148.14,3,0,1
ORD0004568,C001116,2024-08-12,Accessories,154.32,4,0,0
ORD0004569,C001116,2025-12-25,Accessories,333.18,4,0,0
ORD0004570,C001116,2025-11-29,Beauty,68.08,8,0,1
ORD0004571,C001117,2025-11-26,RTW,274.34,4,0,1
ORD0004572,C001117,2024-08-27,RTW,177.51,4,0,1
ORD0004573,C001117,2025-02-26,Beauty,309.43,4,0,1
ORD0004574,C001117,2025-10-17,Beauty,327.03,2,0,1
ORD0004575,C001117,2024-09-29,Fragrance,272.25,3,0,1
ORD0004576,C001117,2024-08-31,Accessories,217.45,4,1,1
ORD0004577,C001118,2026-01-18,Accessories,546.37,4,1,1
ORD0004578,C001118,2025-03-11,Accessories,110.32,3,0,1
ORD0004579,C001118,2024-09-19,Fragrance,1076.9,2,0,1
ORD0004580,C001118,2025-05-07,Fragrance,277.09,3,1,0
ORD0004581,C001118,2025-12-23,Accessories,585.65,4,0,1
ORD0004582,C001118,2025-10-17,RTW,110.71,4,0,1
ORD0004583,C001119,2025-07-05,Accessories,567.02,1,0,0
ORD0004584,C001119,2025-10-27,Beauty,65.42,6,1,0
ORD0004585,C001120,2024-12-28,Fragrance,180.5,3,0,1
ORD0004586,C001120,2024-11-24,RTW,764.63,4,1,1
ORD0004587,C001120,2024-10-06,Beauty,310.33,2,0,1
ORD0004588,C001120,2025-01-31,Fragrance,212.77,3,0,1
ORD0004589,C001120,2025-07-08,RTW,608.09,4,0,1
ORD0004590,C001120,2025-11-24,RTW,363.3,2,0,1
ORD0004591,C001120,2025-03-08,Accessories,399.0,2,0,1
ORD0004592,C001121,2025-07-02,Beauty,228.72,4,0,1
ORD0004593,C001121,2025-11-23,Accessories,186.21,4,0,1
ORD0004594,C001121,2024-11-06,Accessories,746.17,4,0,1
ORD0004595,C001121,2025-05-23,RTW,200.81,4,0,1
ORD0004596,C001121,2025-05-22,Accessories,426.7,3,0,1
ORD0004597,C001121,2024-08-27,Beauty,630.96,3,0,1
ORD0004598,C001121,2024-12-17,Accessories,114.78,1,0,1
ORD0004599,C001121,2024-09-24,Fragrance,303.2,3,0,1
ORD0004600,C001122,2025-02-26,Fragrance,203.46,2,0,1
ORD0004601,C001122,2024-11-21,Fragrance,715.57,4,0,0
ORD0004602,C001122,2025-07-01,Fragrance,147.47,3,1,0
ORD0004603,C001123,2025-07-07,Beauty,148.27,8,1,0
ORD0004604,C001123,2025-02-15,Accessories,413.43,2,0,0
ORD0004605,C001123,2024-10-14,Beauty,93.59,4,0,0
ORD0004606,C001123,2024-11-16,Accessories,179.2,3,0,0
ORD0004607,C001123,2025-06-17,Beauty,577.69,4,0,1
ORD0004608,C001123,2025-01-16,RTW,115.99,4,0,0
ORD0004609,C001124,2025-08-15,Beauty,660.31,2,0,0
ORD0004610,C001124,2025-01-16,Accessories,1419.69,2,0,1
ORD0004611,C001124,2025-05-31,Accessories,170.35,4,1,0
ORD0004612,C001124,2025-07-19,Accessories,249.73,4,0,1
ORD0004613,C001124,2024-10-04,RTW,598.49,1,0,0
ORD0004614,C001124,2026-01-22,Accessories,359.37,4,0,0
ORD0004615,C001124,2025-06-15,Fragrance,506.03,1,0,0
ORD0004616,C001125,2025-08-13,Beauty,224.55,5,0,0
ORD0004617,C001125,2024-10-07,Fragrance,193.23,5,0,0
ORD0004618,C001125,2025-10-04,Accessories,786.76,3,0,0
ORD0004619,C001125,2025-04-06,Accessories,317.97,2,0,1
ORD0004620,C001125,2024-09-25,Beauty,254.28,7,0,0
ORD0004621,C001125,2025-07-11,Accessories,372.8,2,1,0
ORD0004622,C001125,2026-01-22,Accessories,669.03,4,0,1
ORD0004623,C001125,2025-11-17,Fragrance,325.58,4,1,1
ORD0004624,C001125,2025-04-20,Beauty,555.23,3,0,1
ORD0004625,C001125,2025-04-08,Beauty,210.03,6,0,0
ORD0004626,C001125,2025-12-08,Beauty,300.66,4,0,0
ORD0004627,C001125,2024-10-30,Fragrance,204.54,6,0,1
ORD0004628,C001126,2024-11-19,Accessories,214.02,4,0,0
ORD0004629,C001126,2024-10-01,Beauty,411.77,5,1,0
ORD0004630,C001126,2024-11-12,Fragrance,105.74,3,0,0
ORD0004631,C001126,2024-10-21,Beauty,50.0,7,0,1
ORD0004632,C001127,2025-01-09,Fragrance,393.4,3,0,1
ORD0004633,C001127,2025-04-11,Accessories,573.89,3,0,1
ORD0004634,C001127,2025-01-20,Accessories,210.8,4,0,0
ORD0004635,C001127,2025-04-17,RTW,265.3,4,0,0
ORD0004636,C001127,2025-01-07,Accessories,137.73,4,0,1
ORD0004637,C001128,2024-10-18,RTW,554.71,2,0,0
ORD0004638,C001128,2025-07-28,Fragrance,152.32,2,0,1
ORD0004639,C001128,2025-11-14,Fragrance,585.58,7,0,1
ORD0004640,C001128,2026-01-17,Fragrance,578.73,3,0,1
ORD0004641,C001128,2025-04-14,Beauty,148.26,7,0,1
ORD0004642,C001128,2025-12-10,Accessories,181.22,4,0,1
ORD0004643,C001129,2025-10-05,Accessories,91.76,3,1,0
ORD0004644,C001129,2025-12-23,RTW,698.41,4,0,1
ORD0004645,C001129,2025-11-21,Accessories,429.06,4,0,0
ORD0004646,C001129,2025-08-28,Beauty,169.43,1,0,1
ORD0004647,C001129,2025-12-28,RTW,449.88,4,0,1
ORD0004648,C001129,2025-07-01,Beauty,813.14,1,0,0
ORD0004649,C001130,2025-02-20,Beauty,85.08,2,0,0
ORD0004650,C001130,2025-07-06,Fragrance,700.2,5,0,0
ORD0004651,C001130,2024-09-05,Beauty,323.38,4,0,0
ORD0004652,C001130,2025-10-31,Fragrance,184.79,4,0,0
ORD0004653,C001130,2024-12-14,Beauty,193.39,3,0,0
ORD0004654,C001130,2025-05-17,Fragrance,348.73,5,0,0
ORD0004655,C001131,2024-08-31,RTW,329.39,4,0,0
ORD0004656,C001131,2024-12-30,Beauty,474.64,5,0,1
ORD0004657,C001131,2025-05-30,Accessories,190.2,4,0,1
ORD0004658,C001131,2025-07-02,RTW,209.14,2,1,0
ORD0004659,C001132,2024-09-11,Fragrance,55.7,3,0,0
ORD0004660,C001132,2024-12-09,Fragrance,331.23,4,0,0
ORD0004661,C001132,2024-08-18,Beauty,170.07,5,0,0
ORD0004662,C001132,2025-02-23,Beauty,94.57,4,0,0
ORD0004663,C001132,2025-08-13,Beauty,280.89,1,0,0
ORD0004664,C001133,2025-09-21,Fragrance,1675.04,5,0,1
ORD0004665,C001133,2025-12-26,RTW,172.63,4,0,1
ORD0004666,C001133,2025-09-08,RTW,379.17,3,1,1
ORD0004667,C001133,2025-12-11,Accessories,315.46,4,1,1
ORD0004668,C001134,2025-01-09,Fragrance,241.64,5,0,1
ORD0004669,C001135,2026-01-06,Accessories,283.77,3,0,0
ORD0004670,C001135,2025-07-01,Fragrance,157.45,1,0,0
ORD0004671,C001135,2025-10-05,Accessories,197.6,4,0,0
ORD0004672,C001135,2025-12-03,Accessories,120.98,4,0,0
ORD0004673,C001135,2025-07-12,Fragrance,250.28,4,0,0
ORD0004674,C001135,2024-11-26,Fragrance,112.65,5,0,0
ORD0004675,C001135,2025-01-05,RTW,155.92,4,0,0
ORD0004676,C001135,2025-07-09,Fragrance,54.53,1,0,0
ORD0004677,C001135,2025-12-02,Beauty,410.92,4,1,1
ORD0004678,C001136,2025-12-08,Accessories,3637.12,4,0,1
ORD0004679,C001136,2025-06-04,Accessories,672.12,3,1,1
ORD0004680,C001136,2025-10-06,Fragrance,351.68,2,0,1
ORD0004681,C001136,2025-03-19,Accessories,1164.16,2,0,1
ORD0004682,C001136,2025-12-16,Accessories,832.46,2,0,1
ORD0004683,C001136,2025-06-08,Beauty,69.25,3,0,0
ORD0004684,C001136,2025-11-25,Accessories,954.02,3,0,0
ORD0004685,C001136,2025-07-30,RTW,477.95,3,0,1
ORD0004686,C001136,2025-06-09,Fragrance,670.64,3,1,1
ORD0004687,C001137,2025-06-19,Beauty,216.15,5,0,1
ORD0004688,C001137,2025-11-01,Accessories,69.89,4,0,1
ORD0004689,C001137,2025-08-09,Accessories,151.91,3,0,0
ORD0004690,C001137,2024-08-24,Fragrance,140.12,3,0,1
ORD0004691,C001138,2025-09-12,Accessories,183.07,4,0,1
ORD0004692,C001138,2025-11-23,Accessories,525.87,3,0,0
ORD0004693,C001138,2025-03-26,Fragrance,1071.56,5,0,0
ORD0004694,C001138,2025-05-13,Fragrance,360.11,5,0,1
ORD0004695,C001138,2025-02-09,Beauty,330.88,2,0,1
ORD0004696,C001138,2025-11-01,RTW,230.61,4,1,1
ORD0004697,C001138,2025-06-27,Accessories,492.82,4,0,1
ORD0004698,C001139,2026-01-22,Beauty,256.59,7,0,1
ORD0004699,C001139,2025-07-07,Beauty,214.93,2,0,0
ORD0004700,C001141,2025-04-08,Beauty,64.01,4,0,0
ORD0004701,C001141,2025-09-25,Fragrance,175.38,4,0,0
ORD0004702,C001142,2024-11-24,Beauty,162.43,1,0,0
ORD0004703,C001142,2024-12-09,Accessories,165.21,4,0,1
ORD0004704,C001142,2026-01-01,RTW,184.28,2,0,1
ORD0004705,C001142,2024-09-20,Accessories,200.97,3,0,0
ORD0004706,C001142,2025-10-22,Beauty,1092.59,5,0,0
ORD0004707,C001142,2025-09-24,Accessories,968.3,3,0,0
ORD0004708,C001143,2025-06-23,RTW,265.52,4,0,0
ORD0004709,C001143,2024-08-10,Fragrance,98.24,4,0,0
ORD0004710,C001143,2026-01-05,Beauty,181.74,5,1,0
ORD0004711,C001143,2025-08-18,Accessories,306.42,4,0,0
ORD0004712,C001143,2025-08-21,Accessories,218.31,3,0,0
ORD0004713,C001143,2024-11-02,Fragrance,132.98,2,0,0
ORD0004714,C001144,2026-01-19,Beauty,50.0,2,0,0
ORD0004715,C001144,2024-10-29,Accessories,909.15,4,0,0
ORD0004716,C001144,2024-12-22,Beauty,50.0,2,0,0
ORD0004717,C001146,2025-07-23,Fragrance,379.97,5,0,1
ORD0004718,C001146,2026-01-30,Accessories,138.46,4,0,1
ORD0004719,C001146,2025-05-28,Fragrance,345.99,7,0,1
ORD0004720,C001146,2025-10-14,Accessories,155.43,4,0,1
ORD0004721,C001146,2024-09-29,Beauty,385.97,6,0,1
ORD0004722,C001146,2025-03-06,RTW,390.1,3,0,1
ORD0004723,C001146,2025-01-06,Accessories,932.22,2,0,1
ORD0004724,C001147,2025-07-22,Accessories,81.47,4,0,1
ORD0004725,C001147,2026-01-05,Accessories,125.48,4,0,0
ORD0004726,C001147,2025-04-08,Fragrance,258.27,5,0,1
ORD0004727,C001147,2024-12-30,Accessories,279.38,4,0,0
ORD0004728,C001147,2025-07-22,Beauty,50.0,4,0,0
ORD0004729,C001147,2025-09-10,Beauty,282.29,7,0,0
ORD0004730,C001148,2025-02-04,Beauty,277.2,3,0,1
ORD0004731,C001148,2025-10-27,Accessories,210.78,4,0,1
ORD0004732,C001148,2025-10-06,Accessories,74.28,4,0,1
ORD0004733,C001148,2024-11-18,Beauty,176.64,3,1,0
ORD0004734,C001149,2025-01-26,RTW,328.96,4,0,1
ORD0004735,C001149,2025-07-26,Beauty,319.2,4,0,0
ORD0004736,C001149,2025-07-29,Accessories,379.04,3,0,1
ORD0004737,C001150,2024-09-14,Beauty,156.23,3,0,0
ORD0004738,C001150,2025-12-11,Beauty,110.92,2,0,0
ORD0004739,C001150,2025-09-08,Fragrance,498.16,3,0,1
ORD0004740,C001151,2025-10-18,RTW,336.81,4,0,1
ORD0004741,C001151,2026-01-17,Fragrance,318.39,6,1,0
ORD0004742,C001151,2025-12-25,RTW,117.34,3,0,1
ORD0004743,C001151,2026-01-07,Fragrance,443.57,3,0,0
ORD0004744,C001151,2025-02-12,RTW,150.73,4,0,1
ORD0004745,C001152,2025-06-12,Accessories,396.98,4,0,1
ORD0004746,C001152,2025-06-29,RTW,256.93,4,0,0
ORD0004747,C001152,2026-01-14,Beauty,879.93,5,0,0
ORD0004748,C001153,2026-01-17,RTW,119.72,4,0,0
ORD0004749,C001153,2025-07-14,Fragrance,333.66,5,1,1
ORD0004750,C001153,2025-05-08,RTW,877.29,2,0,0
ORD0004751,C001153,2024-11-23,RTW,83.53,4,0,0
ORD0004752,C001153,2024-10-25,Beauty,346.55,3,0,0
ORD0004753,C001153,2025-04-10,Fragrance,647.89,7,0,0
ORD0004754,C001153,2025-03-02,Accessories,979.22,1,0,0
ORD0004755,C001153,2025-10-28,Beauty,589.73,7,0,0
ORD0004756,C001153,2025-03-24,Fragrance,303.12,3,0,0
ORD0004757,C001153,2025-01-19,RTW,569.72,3,0,0
ORD0004758,C001153,2024-09-10,RTW,357.24,1,0,0
ORD0004759,C001154,2024-09-13,Fragrance,237.72,1,0,1
ORD0004760,C001154,2025-03-25,Beauty,68.96,1,0,1
ORD0004761,C001155,2025-05-15,Beauty,1446.22,6,0,1
ORD0004762,C001155,2025-01-06,Fragrance,1137.66,5,0,0
ORD0004763,C001155,2024-11-28,Beauty,293.46,5,0,0
ORD0004764,C001155,2025-07-11,Accessories,267.12,4,0,0
ORD0004765,C001155,2024-08-30,Fragrance,224.14,1,0,1
ORD0004766,C001155,2025-06-10,Accessories,402.35,4,0,0
ORD0004767,C001155,2024-11-17,RTW,686.76,4,0,0
ORD0004768,C001156,2024-09-11,Beauty,4626.18,3,0,0
ORD0004769,C001156,2025-03-30,Fragrance,71.58,3,0,1
ORD0004770,C001157,2025-12-31,Accessories,280.71,3,0,1
ORD0004771,C001158,2024-10-03,Fragrance,292.29,5,0,1
ORD0004772,C001158,2024-08-28,Beauty,554.44,3,0,1
ORD0004773,C001158,2025-08-21,Accessories,857.67,1,0,1
ORD0004774,C001158,2025-06-21,RTW,99.33,4,0,1
ORD0004775,C001158,2025-03-29,Beauty,221.86,3,0,0
ORD0004776,C001159,2024-11-16,Accessories,222.91,2,0,1
ORD0004777,C001159,2025-12-29,Accessories,136.54,4,0,1
ORD0004778,C001160,2025-03-24,Fragrance,153.69,5,0,1
ORD0004779,C001160,2025-12-29,RTW,846.54,4,0,1
ORD0004780,C001160,2024-12-16,RTW,176.04,3,0,1
ORD0004781,C001160,2026-01-22,RTW,92.38,4,1,1
ORD0004782,C001161,2025-08-07,Accessories,81.97,4,0,1
ORD0004783,C001162,2025-07-14,Beauty,514.14,2,0,0
ORD0004784,C001163,2024-10-30,Beauty,147.35,4,0,0
ORD0004785,C001163,2025-09-07,Beauty,73.95,4,0,0
ORD0004786,C001163,2025-04-29,Fragrance,247.64,3,0,0
ORD0004787,C001163,2026-01-26,RTW,121.91,3,0,0
ORD0004788,C001163,2025-11-27,Beauty,85.31,2,0,0
ORD0004789,C001163,2025-02-05,Beauty,290.66,7,1,1
ORD0004790,C001164,2025-09-17,Beauty,306.52,5,0,0
ORD0004791,C001164,2025-03-29,Accessories,184.68,4,0,1
ORD0004792,C001164,2025-07-25,Fragrance,178.14,3,0,0
ORD0004793,C001165,2025-06-30,RTW,147.31,1,0,0
ORD0004794,C001165,2025-09-10,Beauty,578.05,4,0,0
ORD0004795,C001165,2025-06-06,RTW,430.39,4,0,0
ORD0004796,C001165,2025-02-26,Accessories,213.69,2,0,0
ORD0004797,C001166,2025-10-20,RTW,249.45,4,1,1
ORD0004798,C001166,2025-02-03,Accessories,318.89,2,0,1
ORD0004799,C001166,2025-08-13,RTW,204.72,4,0,1
ORD0004800,C001166,2024-10-16,Beauty,105.12,1,0,1
ORD0004801,C001166,2024-11-12,Accessories,747.69,4,0,1
ORD0004802,C001166,2025-07-27,RTW,339.05,2,0,1
ORD0004803,C001166,2025-12-09,Accessories,96.4,1,0,1
ORD0004804,C001166,2025-07-17,Fragrance,314.67,3,0,1
ORD0004805,C001167,2025-02-08,Accessories,464.69,3,0,0
ORD0004806,C001167,2025-05-10,RTW,91.76,4,0,1
ORD0004807,C001167,2025-12-20,Beauty,249.67,5,0,0
ORD0004808,C001167,2025-11-09,Beauty,351.85,7,0,1
ORD0004809,C001167,2025-11-11,Accessories,239.85,4,0,0
ORD0004810,C001167,2025-03-25,Accessories,207.72,4,0,1
ORD0004811,C001167,2025-06-19,Fragrance,79.62,4,0,0
ORD0004812,C001167,2024-11-29,Accessories,200.66,4,0,1
ORD0004813,C001167,2025-10-12,Fragrance,282.14,4,0,1
ORD0004814,C001168,2024-11-04,Beauty,338.81,5,0,0
ORD0004815,C001168,2025-09-09,Fragrance,129.83,3,0,0
ORD0004816,C001169,2024-09-30,Accessories,180.82,4,0,1
ORD0004817,C001169,2025-08-13,Accessories,1191.99,3,0,1
ORD0004818,C001169,2025-10-19,Accessories,993.85,4,0,1
ORD0004819,C001169,2024-08-22,Accessories,407.91,4,0,1
ORD0004820,C001170,2024-11-04,Fragrance,158.36,3,0,1
ORD0004821,C001170,2025-12-01,Beauty,71.52,1,0,1
ORD0004822,C001170,2024-11-15,Beauty,222.79,4,0,0
ORD0004823,C001170,2025-06-04,Accessories,265.28,4,0,0
ORD0004824,C001170,2025-11-16,RTW,316.47,4,0,0
ORD0004825,C001171,2025-12-01,RTW,289.62,4,0,1
ORD0004826,C001171,2025-02-27,Fragrance,1311.41,2,0,1
ORD0004827,C001171,2025-09-06,Fragrance,468.88,6,0,1
ORD0004828,C001171,2024-11-28,Accessories,124.42,1,0,1
ORD0004829,C001172,2025-10-20,Fragrance,88.24,5,0,0
ORD0004830,C001172,2025-06-24,Accessories,249.71,4,0,1
ORD0004831,C001172,2025-12-22,Fragrance,396.73,4,0,1
ORD0004832,C001172,2025-10-30,RTW,152.85,1,0,0
ORD0004833,C001172,2025-12-03,Beauty,1100.28,4,0,0
ORD0004834,C001172,2025-05-27,Fragrance,164.44,4,0,1
ORD0004835,C001172,2025-09-04,Beauty,214.23,3,0,0
ORD0004836,C001172,2025-06-01,Accessories,146.05,4,1,1
ORD0004837,C001173,2024-10-05,Beauty,793.66,5,0,1
ORD0004838,C001173,2025-01-08,Accessories,197.39,3,0,1
ORD0004839,C001173,2025-11-26,Accessories,177.84,3,1,1
ORD0004840,C001173,2026-01-06,RTW,185.38,3,0,1
ORD0004841,C001176,2025-07-16,RTW,251.44,3,0,0
ORD0004842,C001176,2025-07-07,Fragrance,258.32,3,0,1
ORD0004843,C001176,2025-01-14,RTW,164.61,3,0,0
ORD0004844,C001178,2025-12-22,RTW,165.2,3,0,0
ORD0004845,C001178,2024-09-22,RTW,104.51,4,0,0
ORD0004846,C001178,2025-10-13,RTW,225.79,4,0,1
ORD0004847,C001179,2025-10-05,Beauty,819.52,5,0,0
ORD0004848,C001179,2025-09-23,Beauty,123.57,3,0,0
ORD0004849,C001180,2025-02-17,Beauty,99.46,7,0,0
ORD0004850,C001181,2025-06-26,Beauty,138.87,5,0,0
ORD0004851,C001181,2024-11-19,Beauty,191.21,4,0,0
ORD0004852,C001181,2025-12-07,Fragrance,711.22,3,0,0
ORD0004853,C001181,2025-08-24,Fragrance,157.17,3,0,0
ORD0004854,C001181,2025-05-23,RTW,265.94,3,0,0
ORD0004855,C001181,2025-03-07,Beauty,97.39,4,0,0
ORD0004856,C001181,2024-11-11,RTW,50.0,4,0,0
ORD0004857,C001181,2026-01-03,Fragrance,111.56,4,0,0
ORD0004858,C001181,2024-10-25,Accessories,117.67,4,0,0
ORD0004859,C001182,2025-04-06,Accessories,515.38,4,0,0
ORD0004860,C001182,2025-11-09,Beauty,89.55,5,0,0
ORD0004861,C001182,2025-05-15,Fragrance,237.65,5,0,1
ORD0004862,C001182,2025-08-02,Fragrance,282.04,2,1,0
ORD0004863,C001182,2025-01-09,Fragrance,215.85,6,0,0
ORD0004864,C001182,2024-09-11,Beauty,112.24,5,0,1
ORD0004865,C001184,2025-06-26,Beauty,112.15,2,0,1
ORD0004866,C001184,2025-02-10,RTW,2829.23,4,0,1
ORD0004867,C001185,2025-03-13,Beauty,224.31,2,0,0
ORD0004868,C001185,2024-12-20,Beauty,86.41,4,1,0
ORD0004869,C001185,2025-12-13,Beauty,188.65,3,0,0
ORD0004870,C001185,2025-07-04,Fragrance,297.89,4,0,0
ORD0004871,C001185,2024-10-17,Beauty,167.44,6,0,0
ORD0004872,C001187,2025-11-21,Fragrance,231.87,3,0,1
ORD0004873,C001188,2025-05-30,Accessories,291.18,3,0,1
ORD0004874,C001188,2025-10-24,Accessories,207.55,4,1,0
ORD0004875,C001188,2025-09-17,RTW,257.96,4,0,1
ORD0004876,C001188,2025-03-15,Accessories,100.03,2,1,1
ORD0004877,C001190,2025-01-11,Accessories,1027.59,3,1,0
ORD0004878,C001190,2025-08-20,Fragrance,1703.16,5,0,1
ORD0004879,C001190,2025-08-10,RTW,422.52,4,0,1
ORD0004880,C001190,2025-12-29,RTW,479.84,2,0,0
ORD0004881,C001190,2025-11-13,Fragrance,129.33,2,0,0
ORD0004882,C001190,2024-08-13,Accessories,392.59,4,0,0
ORD0004883,C001190,2024-12-06,Fragrance,549.23,5,0,0
ORD0004884,C001191,2025-06-01,Accessories,215.55,1,0,0
ORD0004885,C001191,2025-11-03,Beauty,189.18,5,0,0
ORD0004886,C001191,2025-05-24,Accessories,311.56,4,0,0
ORD0004887,C001191,2024-10-10,Beauty,185.24,2,0,0
ORD0004888,C001191,2025-03-23,Accessories,392.07,4,0,1
ORD0004889,C001191,2025-07-26,Accessories,263.37,3,1,1
ORD0004890,C001191,2025-09-20,Accessories,140.09,4,1,0
ORD0004891,C001191,2025-10-20,Accessories,1114.27,3,0,0
ORD0004892,C001191,2026-01-21,Beauty,644.57,1,0,1
ORD0004893,C001192,2025-04-30,Fragrance,1606.18,2,0,0
ORD0004894,C001192,2026-01-02,Accessories,217.27,2,0,1
ORD0004895,C001192,2025-03-08,Fragrance,162.75,4,1,1
ORD0004896,C001192,2026-01-24,Accessories,431.7,3,0,1
ORD0004897,C001192,2025-10-10,Accessories,155.04,4,0,1
ORD0004898,C001193,2025-11-09,Accessories,593.62,3,0,0
ORD0004899,C001193,2025-03-25,Fragrance,858.07,4,0,0
ORD0004900,C001193,2024-11-26,Beauty,99.25,2,0,1
ORD0004901,C001193,2024-12-22,Accessories,128.96,4,0,1
ORD0004902,C001193,2025-10-05,Fragrance,53.23,3,0,0
ORD0004903,C001193,2024-09-07,Fragrance,177.47,4,1,1
ORD0004904,C001193,2025-10-03,Accessories,89.26,3,0,0
ORD0004905,C001193,2024-09-05,Accessories,207.62,1,0,1
ORD0004906,C001194,2024-11-21,Accessories,336.77,4,0,1
ORD0004907,C001194,2025-10-13,RTW,168.07,4,0,1
ORD0004908,C001194,2025-01-05,Fragrance,446.79,5,0,1
ORD0004909,C001194,2025-06-20,RTW,73.0,4,0,1
ORD0004910,C001195,2024-09-11,Fragrance,112.81,6,0,1
ORD0004911,C001195,2024-08-11,Accessories,982.96,3,0,1
ORD0004912,C001195,2025-12-14,Fragrance,235.4,3,0,1
ORD0004913,C001195,2025-04-10,Fragrance,472.03,5,0,0
ORD0004914,C001196,2025-03-27,RTW,174.07,4,0,1
ORD0004915,C001196,2025-01-05,RTW,245.12,2,0,1
ORD0004916,C001196,2025-06-21,Beauty,339.8,6,1,0
ORD0004917,C001196,2025-10-09,Accessories,417.77,1,1,0
ORD0004918,C001196,2025-10-23,Beauty,554.09,4,0,1
ORD0004919,C001196,2025-10-18,Accessories,160.56,3,0,1
ORD0004920,C001196,2025-06-12,Beauty,86.48,2,1,1
ORD0004921,C001197,2024-11-25,RTW,113.79,3,0,0
ORD0004922,C001197,2025-05-07,RTW,474.21,4,0,1
ORD0004923,C001197,2024-12-29,Beauty,147.4,4,0,1
ORD0004924,C001197,2024-12-30,RTW,191.66,4,0,0
ORD0004925,C001197,2026-01-08,Beauty,449.92,3,0,1
ORD0004926,C001198,2025-06-08,Fragrance,445.91,5,1,0
ORD0004927,C001198,2025-06-19,Beauty,205.7,3,0,0
ORD0004928,C001198,2025-06-11,Beauty,123.89,4,0,0
ORD0004929,C001198,2025-11-11,Beauty,211.37,6,0,0
ORD0004930,C001198,2025-07-29,Fragrance,178.22,3,0,0
ORD0004931,C001199,2025-10-06,Fragrance,279.58,6,0,0
ORD0004932,C001199,2025-12-02,RTW,161.25,4,0,0
ORD0004933,C001199,2025-04-19,RTW,75.02,3,1,0
ORD0004934,C001199,2025-12-10,Fragrance,400.56,9,0,0
ORD0004935,C001199,2025-09-04,RTW,222.53,4,0,0
ORD0004936,C001200,2024-10-25,Beauty,308.82,6,0,1
ORD0004937,C001201,2025-04-18,Accessories,140.82,3,0,0
ORD0004938,C001201,2026-01-10,RTW,146.1,3,1,1
ORD0004939,C001201,2024-12-16,Fragrance,260.79,4,0,0
ORD0004940,C001201,2024-09-26,Accessories,241.75,4,0,1
ORD0004941,C001201,2024-08-15,Accessories,375.98,1,0,0
ORD0004942,C001202,2024-09-29,Fragrance,817.48,5,0,0
ORD0004943,C001202,2024-10-28,Fragrance,508.4,4,0,1
ORD0004944,C001202,2025-08-18,Beauty,155.31,1,0,0
ORD0004945,C001203,2024-09-15,RTW,96.02,2,0,1
ORD0004946,C001203,2024-12-07,Accessories,331.39,4,0,0
ORD0004947,C001203,2025-01-31,Accessories,378.44,4,0,1
ORD0004948,C001203,2025-10-18,Fragrance,385.58,6,0,0
ORD0004949,C001204,2026-01-21,Beauty,83.41,5,0,0
ORD0004950,C001204,2025-03-16,Beauty,80.63,5,0,0
ORD0004951,C001204,2024-12-09,Beauty,439.59,5,0,0
ORD0004952,C001204,2024-10-15,Beauty,116.02,4,0,0
ORD0004953,C001204,2025-02-04,Accessories,76.71,4,0,0
ORD0004954,C001206,2024-12-02,Fragrance,237.03,5,1,1
ORD0004955,C001206,2024-12-06,Accessories,360.44,1,0,0
ORD0004956,C001207,2024-08-29,RTW,489.37,2,1,1
ORD0004957,C001207,2025-06-28,RTW,4190.69,4,0,1
ORD0004958,C001207,2025-12-07,Accessories,286.83,3,0,0
ORD0004959,C001207,2025-08-13,Beauty,303.03,2,0,1
ORD0004960,C001207,2025-07-02,RTW,202.16,4,0,1
ORD0004961,C001207,2025-11-13,Beauty,259.22,7,0,1
ORD0004962,C001207,2025-07-21,Accessories,152.35,4,0,1
ORD0004963,C001207,2025-10-05,Beauty,258.16,3,0,1
ORD0004964,C001207,2025-07-15,Accessories,1242.29,1,0,1
ORD0004965,C001207,2025-05-28,RTW,2192.78,4,1,1
ORD0004966,C001208,2024-08-09,Beauty,61.18,3,0,0
ORD0004967,C001208,2025-12-15,Accessories,262.06,3,0,0
ORD0004968,C001208,2025-12-04,RTW,125.61,3,0,0
ORD0004969,C001208,2025-01-30,Fragrance,83.52,3,0,0
ORD0004970,C001209,2025-02-24,RTW,110.56,1,0,0
ORD0004971,C001210,2024-11-25,Beauty,175.74,5,0,0
ORD0004972,C001210,2025-06-04,Accessories,56.54,4,0,0
ORD0004973,C001210,2025-09-26,Fragrance,109.03,5,0,0
ORD0004974,C001210,2025-06-21,Accessories,112.3,3,0,0
ORD0004975,C001210,2025-03-07,RTW,796.52,4,0,0
ORD0004976,C001210,2025-10-14,Beauty,218.82,5,0,0
ORD0004977,C001210,2025-07-26,Beauty,146.67,5,0,0
ORD0004978,C001210,2025-11-23,Accessories,268.13,2,0,0
ORD0004979,C001211,2025-05-15,Fragrance,104.28,3,0,0
ORD0004980,C001211,2025-07-31,Accessories,1339.6,4,0,1
ORD0004981,C001211,2025-07-28,Accessories,323.28,4,0,1
ORD0004982,C001211,2025-12-23,Accessories,224.8,4,0,0
ORD0004983,C001211,2025-06-06,RTW,77.79,4,0,1
ORD0004984,C001211,2025-05-11,Accessories,117.93,4,1,1
ORD0004985,C001211,2025-05-18,Accessories,155.98,3,0,1
ORD0004986,C001211,2024-12-28,Beauty,707.2,4,0,1
ORD0004987,C001211,2025-05-27,Accessories,206.04,3,1,0
ORD0004988,C001211,2024-10-06,Accessories,132.15,4,0,0
ORD0004989,C001211,2025-02-19,Accessories,75.28,4,0,0
ORD0004990,C001212,2024-11-18,Beauty,573.02,5,0,0
ORD0004991,C001212,2024-10-12,RTW,135.31,4,0,0
ORD0004992,C001213,2025-12-29,Accessories,382.12,3,0,1
ORD0004993,C001213,2025-08-03,Accessories,164.01,4,0,1
ORD0004994,C001214,2025-07-22,Fragrance,122.22,6,0,0
ORD0004995,C001214,2025-10-27,Accessories,149.38,4,0,0
ORD0004996,C001214,2025-11-23,Fragrance,51.05,5,0,0
ORD0004997,C001215,2024-10-06,Beauty,386.98,6,0,1
ORD0004998,C001215,2026-01-01,Beauty,150.89,7,0,1
ORD0004999,C001215,2024-09-27,Beauty,1058.45,9,0,0
ORD0005000,C001215,2026-01-19,Fragrance,844.13,6,0,1
ORD0005001,C001215,2025-09-17,Beauty,554.62,5,0,0
ORD0005002,C001216,2025-04-29,Beauty,154.78,4,1,0
ORD0005003,C001216,2025-06-09,Beauty,112.71,4,0,1
ORD0005004,C001216,2025-05-24,Fragrance,76.2,5,0,0
ORD0005005,C001216,2025-03-16,Beauty,181.15,1,0,1
ORD0005006,C001216,2025-10-20,Beauty,183.12,4,0,0
ORD0005007,C001216,2025-05-01,Fragrance,50.0,6,0,0
ORD0005008,C001216,2025-04-28,Fragrance,146.99,3,0,0
ORD0005009,C001216,2025-12-30,Fragrance,353.81,6,0,0
ORD0005010,C001217,2025-01-19,Beauty,99.85,7,1,0
ORD0005011,C001217,2024-11-07,RTW,70.35,3,0,0
ORD0005012,C001217,2025-10-29,Beauty,50.85,4,1,0
ORD0005013,C001217,2024-11-20,RTW,68.71,4,0,0
ORD0005014,C001217,2024-11-30,RTW,90.59,3,0,1
ORD0005015,C001217,2025-04-14,Fragrance,120.91,4,1,0
ORD0005016,C001217,2025-07-17,Beauty,63.72,4,0,0
ORD0005017,C001217,2025-11-25,Beauty,73.45,6,0,0
ORD0005018,C001218,2025-03-09,Beauty,72.86,6,0,0
ORD0005019,C001218,2025-03-29,Fragrance,169.91,2,0,0
ORD0005020,C001218,2025-12-04,Accessories,167.88,2,0,0
ORD0005021,C001218,2025-01-01,Accessories,121.08,2,0,0
ORD0005022,C001218,2025-11-19,Fragrance,826.4,6,1,0
ORD0005023,C001218,2025-01-03,Accessories,235.79,4,0,0
ORD0005024,C001219,2025-08-04,Beauty,357.42,3,1,0
ORD0005025,C001219,2025-05-28,Beauty,316.39,7,0,0
ORD0005026,C001219,2024-11-13,Beauty,373.32,10,0,0
ORD0005027,C001219,2024-11-23,Fragrance,327.23,3,0,0
ORD0005028,C001219,2025-02-09,Fragrance,209.69,4,0,0
ORD0005029,C001219,2025-10-27,RTW,164.13,4,0,0
ORD0005030,C001219,2025-11-25,Beauty,210.93,4,0,0
ORD0005031,C001219,2025-07-18,Fragrance,50.0,3,0,1
ORD0005032,C001220,2025-06-08,Beauty,55.82,5,0,0
ORD0005033,C001220,2025-04-18,Fragrance,102.73,6,0,0
ORD0005034,C001220,2025-04-04,Fragrance,138.23,3,1,0
ORD0005035,C001220,2025-08-02,RTW,494.3,3,0,0
ORD0005036,C001222,2024-12-07,Fragrance,988.76,5,0,0
ORD0005037,C001222,2024-08-19,RTW,132.99,3,0,1
ORD0005038,C001222,2025-06-01,RTW,659.14,3,0,0
ORD0005039,C001223,2025-10-18,RTW,829.44,4,0,1
ORD0005040,C001223,2025-01-05,Fragrance,1099.07,3,0,1
ORD0005041,C001223,2025-12-23,Fragrance,318.24,5,0,1
ORD0005042,C001223,2025-01-25,RTW,576.77,4,0,1
ORD0005043,C001223,2025-05-20,Fragrance,105.93,3,0,1
ORD0005044,C001226,2025-09-16,RTW,387.02,2,0,0
ORD0005045,C001226,2024-10-27,Beauty,1102.21,5,0,0
ORD0005046,C001226,2026-01-08,Beauty,289.67,2,0,0
ORD0005047,C001226,2024-08-13,RTW,266.53,3,0,0
ORD0005048,C001226,2025-04-27,Beauty,50.0,5,0,0
ORD0005049,C001226,2026-01-22,Accessories,65.54,4,0,0
ORD0005050,C001226,2024-11-24,Beauty,202.51,3,0,0
ORD0005051,C001226,2025-10-24,RTW,87.79,4,0,0
ORD0005052,C001227,2025-02-28,Accessories,1107.57,4,1,0
ORD0005053,C001227,2024-08-13,Accessories,120.34,1,0,1
ORD0005054,C001227,2025-02-16,Beauty,242.26,3,0,0
ORD0005055,C001227,2024-10-21,Beauty,376.85,5,0,1
ORD0005056,C001228,2025-04-14,Beauty,147.78,5,0,0
ORD0005057,C001228,2024-12-15,Beauty,275.12,1,0,0
ORD0005058,C001228,2024-11-12,Accessories,1376.47,3,0,0
ORD0005059,C001228,2025-05-11,Accessories,101.03,4,0,0
ORD0005060,C001228,2025-10-13,Beauty,121.78,3,0,0
ORD0005061,C001228,2026-01-08,Beauty,104.04,3,0,0
ORD0005062,C001229,2024-11-13,Accessories,356.87,2,0,1
ORD0005063,C001229,2025-05-08,RTW,447.74,1,0,0
ORD0005064,C001229,2025-11-09,Fragrance,345.9,6,1,1
ORD0005065,C001229,2024-08-12,Accessories,159.19,4,0,0
ORD0005066,C001229,2024-10-29,Beauty,1327.14,4,1,1
ORD0005067,C001229,2025-01-28,Beauty,336.66,5,0,1
ORD0005068,C001229,2026-01-30,Fragrance,393.36,4,0,1
ORD0005069,C001229,2024-08-31,Beauty,142.2,6,0,1
ORD0005070,C001230,2025-10-24,Beauty,168.18,6,0,0
ORD0005071,C001230,2025-05-08,Accessories,467.27,4,0,0
ORD0005072,C001230,2025-07-29,Beauty,146.23,2,0,0
ORD0005073,C001231,2025-01-19,RTW,522.06,4,0,0
ORD0005074,C001231,2024-11-11,RTW,511.57,1,0,1
ORD0005075,C001231,2025-04-21,RTW,373.84,3,0,0
ORD0005076,C001231,2025-02-21,Beauty,341.24,5,0,1
ORD0005077,C001231,2025-06-10,Beauty,456.65,4,0,1
ORD0005078,C001231,2025-09-14,Beauty,300.07,7,0,0
ORD0005079,C001231,2025-05-05,Accessories,618.21,3,0,0
ORD0005080,C001232,2024-11-11,Fragrance,143.69,4,1,0
ORD0005081,C001232,2025-08-12,Beauty,237.15,6,0,0
ORD0005082,C001233,2025-09-25,RTW,309.23,3,0,1
ORD0005083,C001233,2025-09-19,Fragrance,172.56,3,0,0
ORD0005084,C001233,2025-05-29,Fragrance,161.0,4,0,0
ORD0005085,C001233,2024-09-15,Beauty,1227.34,3,0,1
ORD0005086,C001234,2025-01-10,Beauty,1217.17,6,0,1
ORD0005087,C001234,2025-11-18,Beauty,448.43,4,0,1
ORD0005088,C001234,2025-05-20,Fragrance,1264.25,6,0,1
ORD0005089,C001234,2025-05-25,Fragrance,389.33,4,0,1
ORD0005090,C001234,2025-12-08,Accessories,773.49,4,0,1
ORD0005091,C001234,2024-08-24,RTW,252.52,1,0,1
ORD0005092,C001234,2025-11-05,RTW,490.59,3,1,1
ORD0005093,C001234,2025-09-08,Accessories,762.25,4,0,1
ORD0005094,C001234,2025-02-23,Fragrance,65.22,1,1,1
ORD0005095,C001235,2025-07-01,Accessories,187.47,4,1,1
ORD0005096,C001235,2024-09-02,RTW,77.7,4,0,1
ORD0005097,C001235,2024-09-16,RTW,384.52,4,0,1
ORD0005098,C001236,2024-10-01,Beauty,901.54,5,1,0
ORD0005099,C001236,2025-03-01,Accessories,131.21,3,0,1
ORD0005100,C001236,2025-07-16,Beauty,284.04,3,0,0
ORD0005101,C001236,2025-03-25,Beauty,398.67,3,0,0
ORD0005102,C001236,2025-05-11,Beauty,209.54,3,0,0
ORD0005103,C001237,2025-01-09,RTW,122.81,2,0,0
ORD0005104,C001237,2025-06-06,Accessories,118.02,4,1,1
ORD0005105,C001237,2025-08-29,Beauty,73.97,3,0,0
ORD0005106,C001237,2024-11-25,Accessories,81.0,2,1,0
ORD0005107,C001237,2025-12-13,RTW,54.34,2,0,0
ORD0005108,C001237,2025-09-25,Beauty,331.37,2,0,0
ORD0005109,C001238,2025-01-30,Beauty,537.79,6,0,0
ORD0005110,C001238,2025-08-06,Accessories,866.23,3,0,0
ORD0005111,C001238,2024-12-29,Accessories,152.78,4,0,1
ORD0005112,C001238,2025-03-16,RTW,395.57,3,0,1
ORD0005113,C001239,2024-09-17,Accessories,1364.17,4,0,1
ORD0005114,C001239,2024-09-10,RTW,165.31,2,0,0
ORD0005115,C001239,2025-04-26,Fragrance,148.33,4,0,1
ORD0005116,C001239,2025-04-13,Beauty,448.44,4,0,1
ORD0005117,C001239,2025-09-11,RTW,52.34,2,0,1
ORD0005118,C001239,2024-10-31,RTW,306.56,4,0,1
ORD0005119,C001241,2026-01-02,Accessories,350.14,4,0,0
ORD0005120,C001241,2024-09-30,RTW,683.56,1,0,1
ORD0005121,C001241,2024-10-01,RTW,349.17,3,0,1
ORD0005122,C001241,2025-08-30,Accessories,118.92,4,1,0
ORD0005123,C001241,2024-11-25,Fragrance,387.96,5,0,1
ORD0005124,C001241,2024-11-01,Beauty,50.0,2,0,1
ORD0005125,C001241,2025-11-14,Accessories,502.9,4,0,0
ORD0005126,C001242,2025-07-02,Beauty,289.7,5,0,0
ORD0005127,C001242,2025-12-02,Fragrance,50.0,5,0,0
ORD0005128,C001245,2025-12-14,Fragrance,66.96,2,0,1
ORD0005129,C001245,2025-12-27,Beauty,848.56,3,0,1
ORD0005130,C001245,2025-01-30,Fragrance,467.45,5,0,1
ORD0005131,C001245,2025-04-08,RTW,480.0,3,0,1
ORD0005132,C001246,2024-08-11,Fragrance,462.21,5,0,0
ORD0005133,C001246,2024-11-24,Beauty,724.86,5,0,0
ORD0005134,C001246,2025-07-30,RTW,110.68,4,0,0
ORD0005135,C001246,2025-09-19,Beauty,450.24,5,0,0
ORD0005136,C001246,2025-12-29,Fragrance,62.98,4,0,0
ORD0005137,C001246,2026-01-17,Beauty,81.44,5,0,1
ORD0005138,C001246,2024-10-10,Beauty,216.11,8,1,0
ORD0005139,C001248,2025-11-11,Accessories,199.03,1,1,0
ORD0005140,C001248,2025-03-21,Fragrance,155.47,3,0,0
ORD0005141,C001248,2025-01-25,Beauty,96.39,5,0,1
ORD0005142,C001248,2024-09-04,Beauty,287.66,4,0,0
ORD0005143,C001248,2025-03-15,Accessories,144.24,2,0,0
ORD0005144,C001248,2025-10-18,Fragrance,196.46,5,0,0
ORD0005145,C001248,2025-06-24,Beauty,240.02,4,0,0
ORD0005146,C001248,2025-04-22,Beauty,201.32,5,0,1
ORD0005147,C001249,2025-03-23,Accessories,313.03,4,0,1
ORD0005148,C001249,2025-10-27,Accessories,298.58,3,0,1
ORD0005149,C001249,2024-12-08,Accessories,329.89,4,0,1
ORD0005150,C001249,2025-04-18,Fragrance,1091.52,4,0,1
ORD0005151,C001249,2024-12-05,Accessories,745.98,2,0,1
ORD0005152,C001250,2025-01-03,Fragrance,136.62,2,0,0
ORD0005153,C001252,2026-01-14,Fragrance,131.91,4,0,1
ORD0005154,C001253,2025-01-18,Accessories,50.0,4,0,0
ORD0005155,C001253,2025-01-12,Beauty,861.03,5,1,1
ORD0005156,C001253,2025-11-22,Accessories,181.82,3,0,1
ORD0005157,C001254,2025-06-06,Accessories,151.34,4,0,1
ORD0005158,C001254,2025-07-30,Beauty,145.77,1,0,0
ORD0005159,C001254,2024-11-24,Beauty,422.12,2,0,0
ORD0005160,C001254,2025-03-13,Accessories,215.49,3,0,0
ORD0005161,C001254,2025-05-28,Beauty,227.54,7,0,0
ORD0005162,C001255,2025-08-24,Accessories,86.51,4,1,1
ORD0005163,C001255,2025-11-23,Accessories,122.28,3,0,1
ORD0005164,C001256,2024-12-29,Beauty,490.96,3,0,0
ORD0005165,C001256,2025-03-22,Fragrance,380.91,2,0,0
ORD0005166,C001256,2025-10-30,Beauty,75.15,3,0,0
ORD0005167,C001256,2024-09-05,Beauty,196.18,3,0,0
ORD0005168,C001256,2025-03-30,Beauty,104.16,6,0,0
ORD0005169,C001256,2026-01-28,Beauty,280.55,2,0,0
ORD0005170,C001257,2025-04-17,Beauty,359.02,7,1,0
ORD0005171,C001257,2025-08-13,RTW,312.3,2,0,1
ORD0005172,C001257,2024-09-01,RTW,415.71,4,0,1
ORD0005173,C001257,2025-01-30,Accessories,141.86,4,0,0
ORD0005174,C001257,2024-12-10,Beauty,93.02,6,0,0
ORD0005175,C001257,2024-09-09,Fragrance,129.63,4,0,1
ORD0005176,C001258,2025-10-30,Fragrance,199.52,6,0,0
ORD0005177,C001259,2025-11-13,Accessories,73.2,2,0,0
ORD0005178,C001259,2025-09-08,Beauty,257.23,4,0,0
ORD0005179,C001259,2025-05-02,Beauty,451.65,3,0,0
ORD0005180,C001260,2025-03-11,Beauty,246.29,5,0,1
ORD0005181,C001260,2025-06-29,Accessories,332.61,4,0,0
ORD0005182,C001260,2025-01-22,Accessories,1594.11,4,0,1
ORD0005183,C001261,2024-09-17,Accessories,215.51,4,0,0
ORD0005184,C001261,2025-12-02,Beauty,204.06,2,0,0
ORD0005185,C001261,2025-11-14,Accessories,90.74,4,0,0
ORD0005186,C001261,2025-01-11,Beauty,343.19,2,0,0
ORD0005187,C001261,2025-10-09,RTW,90.69,4,0,0
ORD0005188,C001261,2025-08-01,Beauty,97.05,3,0,0
ORD0005189,C001261,2025-10-23,Accessories,149.98,4,0,0
ORD0005190,C001261,2025-10-29,Accessories,313.24,4,0,0
ORD0005191,C001261,2025-12-19,Accessories,195.43,4,0,0
ORD0005192,C001262,2025-11-25,Fragrance,280.71,2,0,0
ORD0005193,C001262,2025-07-21,Accessories,279.84,4,0,0
ORD0005194,C001262,2025-08-06,Fragrance,478.78,3,0,1
ORD0005195,C001262,2025-01-17,RTW,925.91,4,0,0
ORD0005196,C001262,2025-05-28,Beauty,58.68,3,0,0
ORD0005197,C001262,2025-10-18,RTW,710.11,4,0,0
ORD0005198,C001263,2025-08-25,Accessories,935.46,4,0,1
ORD0005199,C001263,2025-10-30,Fragrance,452.11,5,0,1
ORD0005200,C001263,2024-12-15,Accessories,548.13,4,1,1
ORD0005201,C001263,2025-02-24,Accessories,313.56,4,0,1
ORD0005202,C001267,2025-07-14,Beauty,255.81,3,0,0
ORD0005203,C001267,2025-03-08,Beauty,453.24,2,0,1
ORD0005204,C001267,2025-03-22,Beauty,1236.08,2,0,1
ORD0005205,C001267,2025-11-01,RTW,107.29,4,0,1
ORD0005206,C001267,2025-12-13,RTW,191.14,4,0,0
ORD0005207,C001267,2024-12-09,Fragrance,133.2,5,0,0
ORD0005208,C001267,2025-03-16,Beauty,262.66,3,0,1
ORD0005209,C001267,2024-11-14,Fragrance,73.34,3,0,0
ORD0005210,C001267,2025-03-03,Fragrance,122.18,2,0,1
ORD0005211,C001268,2025-07-26,Beauty,593.47,6,0,0
ORD0005212,C001268,2024-12-10,Accessories,272.06,4,0,0
ORD0005213,C001268,2025-05-02,Beauty,163.5,3,0,1
ORD0005214,C001268,2025-03-22,Beauty,317.56,5,0,0
ORD0005215,C001268,2025-10-17,Fragrance,87.38,1,1,0
ORD0005216,C001268,2025-01-04,Beauty,382.47,1,0,0
ORD0005217,C001269,2025-10-27,Fragrance,678.51,3,1,0
ORD0005218,C001269,2024-08-09,Accessories,223.41,4,0,1
ORD0005219,C001269,2025-05-19,Accessories,970.45,2,0,1
ORD0005220,C001269,2024-12-12,RTW,71.55,4,0,1
ORD0005221,C001269,2024-09-02,Fragrance,1037.1,3,0,1
ORD0005222,C001269,2025-11-06,Accessories,96.45,3,0,1
ORD0005223,C001269,2024-12-15,Fragrance,168.44,6,0,1
ORD0005224,C001270,2025-01-05,Fragrance,99.86,4,0,1
ORD0005225,C001271,2025-07-16,Accessories,234.63,2,0,1
ORD0005226,C001271,2025-11-03,Accessories,463.67,2,0,1
ORD0005227,C001271,2025-06-09,Accessories,246.61,4,0,1
ORD0005228,C001271,2025-02-04,Accessories,509.98,3,0,1
ORD0005229,C001272,2024-10-21,Accessories,700.67,3,1,1
ORD0005230,C001273,2025-09-03,Fragrance,728.07,6,1,0
ORD0005231,C001273,2024-10-13,Accessories,475.12,4,0,1
ORD0005232,C001273,2025-02-17,RTW,223.04,3,0,1
ORD0005233,C001273,2025-05-15,Accessories,770.85,3,0,1
ORD0005234,C001273,2025-09-27,Accessories,283.31,2,0,1
ORD0005235,C001274,2025-04-03,Fragrance,1791.37,1,0,0
ORD0005236,C001274,2025-12-16,RTW,209.96,4,0,0
ORD0005237,C001274,2026-01-07,RTW,278.68,4,0,1
ORD0005238,C001274,2024-08-20,RTW,168.01,3,0,1
ORD0005239,C001274,2025-12-17,Accessories,361.79,3,0,1
ORD0005240,C001274,2025-07-28,RTW,50.0,4,0,1
ORD0005241,C001274,2025-01-28,Accessories,1023.88,4,0,0
ORD0005242,C001274,2025-05-06,Fragrance,527.92,3,0,1
ORD0005243,C001274,2025-02-15,Accessories,207.44,4,1,1
ORD0005244,C001274,2025-05-12,Fragrance,243.61,1,0,1
ORD0005245,C001275,2024-08-31,Beauty,219.56,2,0,0
ORD0005246,C001276,2025-05-10,RTW,455.82,3,0,1
ORD0005247,C001277,2024-12-28,Fragrance,288.88,5,0,1
ORD0005248,C001277,2024-11-15,Fragrance,149.66,4,0,1
ORD0005249,C001277,2024-09-14,Fragrance,134.32,4,0,0
ORD0005250,C001278,2024-11-03,Beauty,56.72,4,0,0
ORD0005251,C001279,2024-11-21,Accessories,517.76,3,0,0
ORD0005252,C001279,2025-06-01,RTW,324.04,4,1,1
ORD0005253,C001279,2025-12-08,Accessories,713.64,2,0,1
ORD0005254,C001280,2025-09-11,RTW,1511.41,4,0,1
ORD0005255,C001280,2025-11-01,Accessories,126.9,1,0,0
ORD0005256,C001280,2025-07-16,Accessories,315.4,4,0,1
ORD0005257,C001280,2025-04-19,Beauty,282.27,6,0,0
ORD0005258,C001280,2024-10-30,Beauty,688.21,5,0,1
ORD0005259,C001280,2026-01-15,Beauty,211.85,3,0,1
ORD0005260,C001280,2025-02-27,Beauty,307.71,5,0,0
ORD0005261,C001280,2025-05-13,Accessories,265.94,3,0,0
ORD0005262,C001282,2025-03-06,RTW,421.62,3,0,1
ORD0005263,C001282,2025-04-09,Fragrance,1071.25,7,0,1
ORD0005264,C001282,2025-09-28,Accessories,1360.02,4,0,1
ORD0005265,C001282,2025-12-13,Beauty,202.6,5,0,1
ORD0005266,C001283,2024-11-05,Beauty,168.68,3,0,0
ORD0005267,C001283,2025-01-28,Fragrance,63.6,6,0,0
ORD0005268,C001283,2024-12-08,Fragrance,66.57,2,0,0
ORD0005269,C001283,2025-02-25,Beauty,81.89,8,0,0
ORD0005270,C001283,2024-12-23,Beauty,214.63,3,0,0
ORD0005271,C001283,2025-05-14,Accessories,192.8,4,0,0
ORD0005272,C001283,2024-12-13,Fragrance,542.8,2,0,0
ORD0005273,C001283,2024-12-03,Beauty,275.9,3,0,0
ORD0005274,C001283,2025-08-31,Beauty,631.22,9,0,0
ORD0005275,C001284,2025-07-24,Beauty,94.04,6,0,0
ORD0005276,C001284,2025-08-15,Beauty,249.41,5,0,0
ORD0005277,C001284,2025-10-09,Beauty,142.32,4,0,0
ORD0005278,C001284,2025-01-13,Beauty,50.0,3,0,0
ORD0005279,C001284,2024-08-26,Beauty,217.88,4,0,0
ORD0005280,C001284,2025-03-31,Accessories,278.61,4,0,0
ORD0005281,C001284,2024-09-21,RTW,93.99,4,0,0
ORD0005282,C001285,2024-09-03,RTW,418.28,2,1,0
ORD0005283,C001285,2025-04-20,Accessories,907.79,2,0,1
ORD0005284,C001285,2024-09-26,Accessories,921.41,4,0,1
ORD0005285,C001285,2025-03-03,Accessories,163.68,1,0,1
ORD0005286,C001285,2025-09-02,RTW,50.0,4,1,1
ORD0005287,C001285,2025-07-09,Beauty,1250.64,4,1,1
ORD0005288,C001286,2025-02-12,Beauty,138.82,1,0,0
ORD0005289,C001286,2025-08-21,Beauty,69.53,4,0,0
ORD0005290,C001286,2024-09-17,Fragrance,74.35,3,0,0
ORD0005291,C001287,2025-04-22,RTW,201.64,2,1,1
ORD0005292,C001287,2025-04-07,Fragrance,314.78,5,0,1
ORD0005293,C001287,2025-08-23,Beauty,168.35,4,0,1
ORD0005294,C001287,2025-09-29,Accessories,116.96,4,0,1
ORD0005295,C001287,2024-09-13,Accessories,344.2,3,0,1
ORD0005296,C001287,2025-05-01,Fragrance,565.35,3,0,1
ORD0005297,C001287,2025-03-11,Beauty,321.28,5,1,1
ORD0005298,C001287,2024-11-10,Accessories,727.22,4,0,1
ORD0005299,C001287,2024-12-14,Accessories,2494.58,3,0,1
ORD0005300,C001288,2025-06-01,RTW,483.23,4,0,1
ORD0005301,C001288,2025-12-10,Beauty,223.0,1,0,1
ORD0005302,C001288,2024-09-01,Accessories,168.24,3,0,1
ORD0005303,C001288,2025-10-10,Beauty,70.09,3,0,1
ORD0005304,C001288,2025-12-23,Accessories,94.53,4,1,0
ORD0005305,C001288,2024-10-01,Beauty,2556.18,2,0,1
ORD0005306,C001288,2025-04-18,Accessories,1278.3,1,0,0
ORD0005307,C001288,2025-06-24,Fragrance,1317.86,1,0,0
ORD0005308,C001289,2025-08-12,Accessories,649.02,2,0,1
ORD0005309,C001289,2025-12-12,Accessories,319.83,4,0,1
ORD0005310,C001289,2025-05-15,RTW,294.66,4,0,1
ORD0005311,C001289,2025-11-07,RTW,158.07,4,0,0
ORD0005312,C001289,2025-12-27,Fragrance,74.56,7,0,1
ORD0005313,C001290,2025-07-13,Fragrance,207.22,2,0,0
ORD0005314,C001290,2025-11-18,Beauty,397.99,7,0,0
ORD0005315,C001290,2025-06-20,Beauty,257.86,4,0,0
ORD0005316,C001290,2024-08-09,Fragrance,481.07,3,0,0
ORD0005317,C001290,2024-09-20,Beauty,308.81,6,1,0
ORD0005318,C001291,2025-05-08,Fragrance,143.32,3,0,0
ORD0005319,C001291,2025-02-11,Beauty,112.75,5,0,0
ORD0005320,C001291,2024-12-24,Beauty,140.18,8,1,0
ORD0005321,C001291,2024-09-21,Fragrance,116.04,2,0,0
ORD0005322,C001291,2024-12-14,Fragrance,301.84,3,0,0
ORD0005323,C001291,2025-09-13,Fragrance,145.93,7,1,0
ORD0005324,C001291,2025-07-03,RTW,277.79,3,0,0
ORD0005325,C001291,2025-03-30,Fragrance,118.0,5,0,1
ORD0005326,C001291,2025-08-27,Accessories,113.35,4,0,0
ORD0005327,C001291,2025-02-07,Beauty,1897.42,5,0,0
ORD0005328,C001292,2025-08-26,Accessories,443.09,4,0,1
ORD0005329,C001292,2025-12-18,Accessories,209.19,4,0,1
ORD0005330,C001292,2025-01-30,Accessories,1235.95,3,0,1
ORD0005331,C001292,2025-06-22,Fragrance,1257.65,3,0,0
ORD0005332,C001292,2024-09-08,Fragrance,273.83,3,0,0
ORD0005333,C001292,2025-09-10,Accessories,371.16,4,1,1
ORD0005334,C001293,2025-07-28,Fragrance,258.64,4,0,0
ORD0005335,C001293,2025-01-16,Beauty,235.66,4,0,0
ORD0005336,C001293,2025-05-02,Beauty,50.0,4,0,0
ORD0005337,C001293,2024-10-31,Beauty,459.53,4,0,0
ORD0005338,C001294,2026-01-08,Accessories,305.0,3,0,0
ORD0005339,C001294,2025-11-07,RTW,254.53,4,0,0
ORD0005340,C001294,2025-10-20,Fragrance,465.94,3,0,1
ORD0005341,C001295,2024-09-23,Accessories,130.68,3,0,1
ORD0005342,C001295,2025-04-22,Accessories,375.98,1,0,1
ORD0005343,C001295,2025-08-14,Fragrance,304.79,5,0,1
ORD0005344,C001295,2024-11-17,Accessories,307.34,4,0,1
ORD0005345,C001295,2025-08-01,RTW,103.23,2,0,1
ORD0005346,C001296,2025-05-25,Beauty,177.54,5,0,0
ORD0005347,C001296,2024-09-30,Beauty,66.03,3,0,0
ORD0005348,C001297,2025-02-06,Beauty,487.25,2,0,1
ORD0005349,C001297,2025-12-24,RTW,490.19,4,0,1
ORD0005350,C001298,2025-03-26,Fragrance,1665.74,3,0,1
ORD0005351,C001298,2025-06-29,Beauty,168.82,3,0,1
ORD0005352,C001298,2024-11-14,Accessories,68.06,4,0,0
ORD0005353,C001299,2025-10-18,Fragrance,339.4,2,0,0
ORD0005354,C001299,2025-08-05,Fragrance,355.74,3,0,0
ORD0005355,C001299,2025-05-03,Beauty,293.03,3,0,0
ORD0005356,C001299,2025-12-06,Beauty,170.47,5,0,0
ORD0005357,C001299,2025-05-29,Beauty,438.97,4,0,0
ORD0005358,C001301,2025-06-29,Fragrance,200.57,4,0,0
ORD0005359,C001301,2025-09-25,Accessories,137.56,4,0,0
ORD0005360,C001301,2025-10-10,RTW,263.66,4,0,0
ORD0005361,C001301,2025-05-17,Beauty,561.99,2,0,0
ORD0005362,C001301,2025-04-11,RTW,205.24,4,0,0
ORD0005363,C001301,2025-11-18,Beauty,122.96,7,0,0
ORD0005364,C001302,2024-09-22,Fragrance,1924.24,7,0,0
ORD0005365,C001302,2025-01-21,Beauty,323.4,1,0,0
ORD0005366,C001302,2024-12-16,Beauty,213.42,3,0,0
ORD0005367,C001302,2025-04-29,Fragrance,228.76,4,0,0
ORD0005368,C001302,2024-09-18,Beauty,353.47,4,0,0
ORD0005369,C001302,2025-02-28,Accessories,413.91,3,0,0
ORD0005370,C001302,2025-06-25,Beauty,99.77,2,0,0
ORD0005371,C001302,2025-06-01,Fragrance,607.84,6,0,0
ORD0005372,C001302,2025-01-14,Beauty,726.34,5,0,1
ORD0005373,C001302,2025-02-12,RTW,188.1,4,0,0
ORD0005374,C001304,2024-09-18,Accessories,468.72,4,0,1
ORD0005375,C001304,2024-12-08,Accessories,309.02,3,0,1
ORD0005376,C001304,2025-05-07,RTW,244.66,4,0,1
ORD0005377,C001304,2025-07-16,Accessories,399.99,4,0,1
ORD0005378,C001304,2025-03-27,Beauty,254.5,2,0,1
ORD0005379,C001305,2024-10-11,Beauty,880.9,2,1,1
ORD0005380,C001305,2024-11-01,RTW,509.86,3,0,1
ORD0005381,C001305,2024-09-13,RTW,1088.32,4,0,0
ORD0005382,C001305,2025-05-24,Beauty,152.96,2,0,1
ORD0005383,C001305,2025-02-07,RTW,300.21,2,0,0
ORD0005384,C001305,2025-12-19,Beauty,687.77,5,0,1
ORD0005385,C001305,2025-04-15,Beauty,346.9,2,0,0
ORD0005386,C001305,2025-12-24,Accessories,197.54,4,0,1
ORD0005387,C001306,2024-12-29,Beauty,325.99,6,1,1
ORD0005388,C001306,2025-02-08,Accessories,1102.42,2,0,1
ORD0005389,C001306,2025-12-21,Fragrance,629.94,3,0,1
ORD0005390,C001306,2025-12-25,Beauty,184.88,1,0,1
ORD0005391,C001306,2025-04-29,Fragrance,954.48,3,0,1
ORD0005392,C001308,2024-11-14,Beauty,307.82,2,0,0
ORD0005393,C001308,2025-03-16,RTW,287.25,4,0,0
ORD0005394,C001308,2025-08-24,Beauty,69.83,2,1,0
ORD0005395,C001308,2025-06-02,Beauty,384.19,3,0,0
ORD0005396,C001308,2024-11-22,Beauty,120.55,6,0,0
ORD0005397,C001308,2025-02-03,Fragrance,180.97,5,0,0
ORD0005398,C001308,2024-09-19,Beauty,78.81,1,0,0
ORD0005399,C001309,2025-01-31,Accessories,299.67,4,0,1
ORD0005400,C001309,2025-12-15,RTW,50.0,4,0,1
ORD0005401,C001309,2025-09-16,RTW,1788.51,2,0,1
ORD0005402,C001309,2025-11-04,Accessories,911.83,4,0,1
ORD0005403,C001310,2025-02-11,Accessories,166.98,4,0,0
ORD0005404,C001310,2026-01-23,RTW,177.9,2,1,1
ORD0005405,C001310,2024-10-08,Fragrance,215.43,4,0,1
ORD0005406,C001310,2024-09-13,Fragrance,50.0,5,0,0
ORD0005407,C001310,2025-06-12,Accessories,103.89,4,0,0
ORD0005408,C001310,2025-06-14,Beauty,425.2,2,0,0
ORD0005409,C001311,2024-12-03,Beauty,261.75,8,0,0
ORD0005410,C001311,2025-11-27,RTW,71.86,4,0,1
ORD0005411,C001311,2026-01-08,Accessories,324.47,2,0,0
ORD0005412,C001311,2026-01-19,Accessories,68.09,4,0,0
ORD0005413,C001311,2025-06-11,Accessories,594.38,4,0,0
ORD0005414,C001311,2024-11-09,Accessories,977.19,2,0,0
ORD0005415,C001312,2025-08-26,Beauty,173.61,4,0,1
ORD0005416,C001312,2025-08-05,Beauty,518.91,4,0,1
ORD0005417,C001313,2024-12-01,Accessories,376.32,4,0,1
ORD0005418,C001313,2025-05-05,Accessories,451.77,3,0,1
ORD0005419,C001313,2025-09-08,Beauty,172.06,1,0,0
ORD0005420,C001314,2024-08-13,Accessories,1305.48,4,0,0
ORD0005421,C001314,2025-10-16,Accessories,1215.57,4,1,1
ORD0005422,C001314,2025-09-21,Accessories,469.24,2,0,1
ORD0005423,C001314,2025-08-13,Fragrance,910.41,2,1,1
ORD0005424,C001314,2025-08-13,Fragrance,124.88,2,0,1
ORD0005425,C001314,2025-01-09,Fragrance,219.87,5,1,1
ORD0005426,C001314,2024-09-17,Accessories,1007.96,4,0,1
ORD0005427,C001315,2025-09-02,Beauty,899.76,4,0,0
ORD0005428,C001315,2025-03-23,RTW,243.14,4,0,0
ORD0005429,C001315,2025-03-10,Beauty,434.49,3,0,1
ORD0005430,C001315,2025-04-26,RTW,258.12,3,0,1
ORD0005431,C001317,2025-06-25,RTW,199.08,4,0,0
ORD0005432,C001317,2025-03-12,Fragrance,211.36,4,0,0
ORD0005433,C001317,2025-10-10,Fragrance,116.2,4,0,0
ORD0005434,C001317,2025-02-14,RTW,87.22,2,1,1
ORD0005435,C001317,2024-10-27,Fragrance,129.64,3,0,0
ORD0005436,C001317,2025-02-18,Beauty,205.87,3,0,1
ORD0005437,C001318,2025-10-20,Accessories,324.55,1,0,1
ORD0005438,C001318,2024-11-17,Fragrance,635.2,2,0,1
ORD0005439,C001318,2025-04-19,Accessories,483.96,4,0,0
ORD0005440,C001318,2025-05-09,Fragrance,456.16,3,0,1
ORD0005441,C001318,2026-01-02,Fragrance,1445.92,6,0,1
ORD0005442,C001318,2024-08-14,Accessories,299.45,2,0,1
ORD0005443,C001319,2025-05-02,Fragrance,50.0,6,0,0
ORD0005444,C001319,2025-10-09,Beauty,132.3,3,0,0
ORD0005445,C001319,2025-07-02,Fragrance,354.66,5,0,1
ORD0005446,C001319,2026-01-29,Fragrance,332.57,3,0,0
ORD0005447,C001319,2024-12-22,Beauty,350.55,1,0,0
ORD0005448,C001319,2024-09-23,Beauty,211.68,5,1,0
ORD0005449,C001319,2024-11-25,Beauty,534.35,4,0,0
ORD0005450,C001320,2025-10-11,Accessories,1486.78,1,0,1
ORD0005451,C001320,2024-10-11,Accessories,409.87,3,0,1
ORD0005452,C001320,2025-01-13,Accessories,453.44,2,1,1
ORD0005453,C001320,2024-09-23,Accessories,143.58,3,0,1
ORD0005454,C001320,2024-11-30,Beauty,155.69,4,0,1
ORD0005455,C001320,2025-09-02,RTW,107.12,4,1,1
ORD0005456,C001320,2024-08-20,RTW,369.62,3,0,1
ORD0005457,C001321,2025-03-30,Beauty,630.93,6,1,1
ORD0005458,C001321,2025-06-17,Beauty,319.01,4,1,0
ORD0005459,C001321,2025-08-18,RTW,722.75,3,0,1
ORD0005460,C001322,2025-02-28,Beauty,72.56,7,0,0
ORD0005461,C001322,2024-11-17,Beauty,57.61,3,0,0
ORD0005462,C001322,2025-11-06,RTW,50.0,3,0,0
ORD0005463,C001322,2025-06-08,Accessories,141.0,4,0,1
ORD0005464,C001322,2025-05-19,Accessories,155.84,3,0,0
ORD0005465,C001322,2024-09-19,RTW,365.37,3,0,0
ORD0005466,C001322,2025-09-19,Beauty,1204.67,2,0,0
ORD0005467,C001323,2025-10-05,RTW,412.56,4,0,0
ORD0005468,C001323,2025-12-07,Beauty,616.34,2,0,1
ORD0005469,C001323,2025-01-13,Accessories,382.34,3,0,1
ORD0005470,C001323,2024-12-20,Beauty,682.08,6,0,1
ORD0005471,C001323,2024-12-26,Fragrance,313.19,3,0,1
ORD0005472,C001323,2025-04-22,Beauty,247.88,3,0,0
ORD0005473,C001323,2025-05-23,Accessories,352.14,3,1,1
ORD0005474,C001324,2024-12-19,RTW,275.39,3,0,0
ORD0005475,C001324,2025-02-15,Beauty,208.24,1,0,0
ORD0005476,C001324,2026-01-27,Fragrance,100.22,5,0,0
ORD0005477,C001325,2026-01-05,RTW,140.81,4,0,0
ORD0005478,C001325,2025-01-20,Beauty,476.11,4,0,0
ORD0005479,C001325,2025-09-08,RTW,162.56,4,0,0
ORD0005480,C001325,2025-06-07,Fragrance,1690.85,6,0,0
ORD0005481,C001325,2025-06-08,Fragrance,179.05,6,0,0
ORD0005482,C001325,2025-07-18,Fragrance,314.29,1,0,0
ORD0005483,C001325,2025-11-07,Fragrance,288.54,2,1,1
ORD0005484,C001325,2025-05-30,Accessories,513.94,4,0,1
ORD0005485,C001326,2025-11-05,RTW,414.16,3,0,1
ORD0005486,C001326,2025-05-16,Accessories,340.04,4,0,1
ORD0005487,C001327,2025-02-11,Beauty,127.13,2,0,0
ORD0005488,C001327,2025-11-08,Accessories,319.92,2,0,0
ORD0005489,C001327,2025-11-01,Accessories,195.09,3,0,1
ORD0005490,C001327,2025-07-21,Beauty,579.54,4,1,1
ORD0005491,C001327,2024-08-23,RTW,1643.44,3,0,1
ORD0005492,C001328,2024-09-24,Accessories,597.19,3,0,1
ORD0005493,C001329,2025-06-19,Beauty,128.71,5,0,0
ORD0005494,C001329,2024-10-23,Beauty,245.01,3,1,0
ORD0005495,C001329,2025-11-08,Beauty,186.99,3,0,0
ORD0005496,C001330,2025-07-18,Beauty,137.74,2,1,0
ORD0005497,C001330,2024-10-25,Beauty,944.13,7,0,0
ORD0005498,C001330,2025-03-26,Beauty,1254.65,6,1,0
ORD0005499,C001330,2025-01-04,Beauty,86.91,4,1,0
ORD0005500,C001330,2024-12-25,Beauty,334.39,6,0,0
ORD0005501,C001330,2025-03-08,Fragrance,66.34,7,0,0
ORD0005502,C001330,2025-05-10,Beauty,567.37,3,1,0
ORD0005503,C001331,2024-12-13,RTW,412.72,3,0,0
ORD0005504,C001331,2024-11-10,RTW,204.13,4,0,1
ORD0005505,C001331,2025-04-19,Beauty,867.41,2,0,0
ORD0005506,C001333,2024-10-22,Beauty,1037.35,6,0,0
ORD0005507,C001333,2025-06-06,Accessories,220.59,4,0,0
ORD0005508,C001333,2024-10-04,Fragrance,254.97,3,0,1
ORD0005509,C001333,2025-06-13,Accessories,382.16,4,0,0
ORD0005510,C001333,2024-11-26,Fragrance,150.44,5,0,0
ORD0005511,C001336,2024-10-25,Beauty,372.16,4,0,0
ORD0005512,C001336,2024-09-06,Beauty,256.72,5,0,1
ORD0005513,C001336,2025-02-16,Fragrance,317.88,5,1,1
ORD0005514,C001336,2025-04-18,Beauty,282.55,6,0,0
ORD0005515,C001336,2025-03-26,Accessories,649.39,4,0,0
ORD0005516,C001337,2025-06-22,RTW,183.53,3,0,0
ORD0005517,C001337,2025-02-12,Accessories,949.03,4,0,0
ORD0005518,C001337,2025-04-09,RTW,294.08,4,0,1
ORD0005519,C001337,2025-01-27,Fragrance,176.54,2,0,0
ORD0005520,C001337,2025-03-30,Fragrance,236.65,3,0,1
ORD0005521,C001337,2025-10-02,Accessories,759.82,3,1,1
ORD0005522,C001337,2024-10-03,Fragrance,81.61,5,0,0
ORD0005523,C001337,2025-01-25,RTW,301.46,4,0,0
ORD0005524,C001339,2024-11-28,Fragrance,347.49,4,0,1
ORD0005525,C001339,2024-10-21,Accessories,313.43,4,0,1
ORD0005526,C001339,2025-06-29,Accessories,494.66,4,0,1
ORD0005527,C001339,2026-01-05,RTW,454.01,1,0,1
ORD0005528,C001340,2024-08-29,Beauty,147.88,4,0,0
ORD0005529,C001340,2025-02-07,RTW,260.08,3,0,1
ORD0005530,C001340,2024-11-12,Beauty,137.53,3,0,0
ORD0005531,C001340,2025-07-28,RTW,209.59,4,0,0
ORD0005532,C001340,2024-12-09,RTW,173.63,2,1,0
ORD0005533,C001341,2024-12-07,Accessories,269.1,3,0,0
ORD0005534,C001341,2024-11-03,RTW,303.43,3,0,0
ORD0005535,C001341,2024-11-07,Fragrance,126.26,5,0,0
ORD0005536,C001341,2025-07-04,Accessories,465.83,3,0,0
ORD0005537,C001341,2024-12-10,RTW,1375.63,4,0,1
ORD0005538,C001341,2024-10-08,Accessories,570.34,4,0,0
ORD0005539,C001341,2024-11-02,Accessories,118.0,4,1,0
ORD0005540,C001342,2025-12-05,RTW,379.08,2,0,1
ORD0005541,C001342,2025-01-29,Fragrance,305.95,2,0,1
ORD0005542,C001342,2024-11-27,Beauty,545.45,4,0,1
ORD0005543,C001342,2025-12-28,Accessories,220.77,3,0,0
ORD0005544,C001342,2025-08-12,Accessories,457.13,4,0,1
ORD0005545,C001342,2025-07-17,Fragrance,261.88,2,0,1
ORD0005546,C001342,2025-12-08,Beauty,150.19,5,0,1
ORD0005547,C001342,2025-06-09,Fragrance,122.8,5,0,1
ORD0005548,C001343,2024-12-16,RTW,232.87,4,0,0
ORD0005549,C001343,2025-01-09,Accessories,810.42,4,0,0
ORD0005550,C001345,2025-06-12,Beauty,59.09,2,0,1
ORD0005551,C001345,2025-02-12,Fragrance,543.33,2,0,0
ORD0005552,C001345,2024-11-08,Accessories,88.06,3,0,0
ORD0005553,C001345,2025-09-09,Fragrance,121.08,6,0,0
ORD0005554,C001345,2024-08-31,Beauty,84.0,5,0,0
ORD0005555,C001346,2025-12-12,Accessories,262.71,4,1,1
ORD0005556,C001346,2025-05-04,Accessories,189.34,4,0,0
ORD0005557,C001346,2025-02-20,Beauty,350.73,3,0,0
ORD0005558,C001346,2025-02-16,Fragrance,84.7,6,0,1
ORD0005559,C001346,2024-08-16,Beauty,1399.04,2,0,1
ORD0005560,C001346,2025-01-25,Beauty,307.99,2,0,1
ORD0005561,C001346,2025-09-06,RTW,206.0,4,0,1
ORD0005562,C001346,2025-05-22,Fragrance,109.25,3,0,1
ORD0005563,C001346,2025-03-27,RTW,267.21,4,0,1
ORD0005564,C001347,2025-12-31,RTW,132.52,4,0,0
ORD0005565,C001347,2024-11-22,Fragrance,1354.58,2,0,1
ORD0005566,C001347,2024-10-30,Beauty,117.9,5,0,1
ORD0005567,C001348,2025-07-30,Accessories,844.66,3,1,1
ORD0005568,C001348,2025-09-19,Accessories,520.1,4,0,1
ORD0005569,C001348,2025-11-15,Accessories,266.49,3,0,1
ORD0005570,C001349,2025-10-27,RTW,207.57,4,0,1
ORD0005571,C001349,2025-03-03,RTW,710.47,4,0,0
ORD0005572,C001349,2025-07-01,Accessories,1045.77,2,0,1
ORD0005573,C001350,2025-09-18,Accessories,129.38,4,0,0
ORD0005574,C001350,2024-08-11,Beauty,265.15,6,0,1
ORD0005575,C001350,2024-08-17,Accessories,187.79,4,0,0
ORD0005576,C001351,2025-11-13,Fragrance,451.41,3,0,1
ORD0005577,C001352,2025-03-19,RTW,83.42,3,0,0
ORD0005578,C001352,2025-08-06,RTW,189.17,3,0,1
ORD0005579,C001352,2024-12-25,Beauty,305.04,4,0,1
ORD0005580,C001352,2026-01-22,Beauty,50.0,4,0,0
ORD0005581,C001353,2024-08-30,Fragrance,516.31,5,1,1
ORD0005582,C001353,2025-03-05,Fragrance,132.87,3,1,1
ORD0005583,C001353,2024-08-09,Accessories,280.58,3,0,1
ORD0005584,C001353,2025-11-10,Beauty,262.71,4,0,1
ORD0005585,C001353,2025-08-20,Accessories,1264.86,3,0,1
ORD0005586,C001354,2026-01-27,Accessories,317.36,3,1,0
ORD0005587,C001354,2025-01-26,Fragrance,73.32,4,0,0
ORD0005588,C001354,2025-11-23,Accessories,208.51,4,0,1
ORD0005589,C001354,2025-09-12,Fragrance,881.6,3,0,1
ORD0005590,C001354,2025-12-05,Accessories,165.64,3,0,1
ORD0005591,C001354,2024-12-01,RTW,774.34,4,0,1
ORD0005592,C001356,2026-01-12,Accessories,389.42,2,0,0
ORD0005593,C001356,2024-12-11,Beauty,258.88,3,0,0
ORD0005594,C001356,2025-05-17,RTW,116.28,4,0,0
ORD0005595,C001356,2025-06-09,RTW,291.72,3,0,0
ORD0005596,C001356,2024-09-25,Beauty,277.29,1,0,0
ORD0005597,C001357,2025-04-06,Accessories,320.42,4,0,0
ORD0005598,C001357,2025-07-21,Accessories,211.75,4,0,1
ORD0005599,C001357,2025-01-14,Accessories,336.68,4,0,1
ORD0005600,C001358,2025-06-01,Beauty,107.9,4,0,1
ORD0005601,C001358,2026-01-20,Accessories,1256.78,2,0,0
ORD0005602,C001358,2025-05-10,Accessories,125.74,3,0,0
ORD0005603,C001358,2025-08-26,Accessories,131.05,3,0,1
ORD0005604,C001358,2025-11-14,Accessories,618.41,3,0,0
ORD0005605,C001359,2025-02-14,RTW,92.81,3,0,1
ORD0005606,C001359,2024-10-16,Accessories,213.31,4,1,1
ORD0005607,C001359,2025-10-13,Fragrance,203.49,7,0,1
ORD0005608,C001361,2024-09-23,Beauty,250.12,5,0,1
ORD0005609,C001361,2025-09-20,Fragrance,153.64,4,0,0
ORD0005610,C001361,2025-12-14,Fragrance,602.33,1,1,0
ORD0005611,C001361,2025-02-03,Fragrance,226.23,3,0,1
ORD0005612,C001361,2025-08-31,RTW,209.88,4,0,1
ORD0005613,C001361,2026-01-27,Beauty,134.67,3,0,0
ORD0005614,C001364,2025-07-12,RTW,271.48,2,0,1
ORD0005615,C001364,2024-08-31,Fragrance,98.26,7,0,0
ORD0005616,C001364,2025-02-13,Accessories,158.96,3,0,0
ORD0005617,C001365,2025-01-15,RTW,97.88,4,0,0
ORD0005618,C001365,2025-11-12,Beauty,414.15,4,0,1
ORD0005619,C001365,2024-11-02,Beauty,61.57,3,1,0
ORD0005620,C001366,2026-01-11,Fragrance,100.88,3,0,0
ORD0005621,C001366,2024-10-17,Beauty,126.13,5,0,0
ORD0005622,C001366,2025-03-19,Beauty,460.69,1,0,1
ORD0005623,C001366,2024-10-09,Accessories,583.18,2,0,0
ORD0005624,C001366,2025-08-21,RTW,749.67,2,0,1
ORD0005625,C001367,2025-11-10,Beauty,475.23,8,0,0
ORD0005626,C001367,2025-11-20,RTW,243.89,2,0,0
ORD0005627,C001367,2024-10-06,Fragrance,129.96,2,0,0
ORD0005628,C001367,2024-11-12,RTW,312.59,4,0,0
ORD0005629,C001367,2025-08-08,Fragrance,226.25,4,0,0
ORD0005630,C001367,2025-07-19,Beauty,162.24,3,0,0
ORD0005631,C001367,2025-02-14,Beauty,121.34,6,0,0
ORD0005632,C001368,2024-10-14,Fragrance,132.04,3,0,1
ORD0005633,C001368,2025-01-10,Fragrance,1471.64,6,0,1
ORD0005634,C001368,2024-12-11,RTW,74.16,1,0,0
ORD0005635,C001368,2025-06-16,Accessories,276.95,4,0,0
ORD0005636,C001369,2025-12-17,Accessories,235.61,4,0,0
ORD0005637,C001369,2025-12-13,Fragrance,136.0,5,0,0
ORD0005638,C001370,2026-01-11,Fragrance,132.66,1,0,1
ORD0005639,C001371,2024-10-05,Accessories,415.76,4,0,1
ORD0005640,C001371,2025-12-10,RTW,1560.52,1,0,0
ORD0005641,C001371,2025-04-12,Fragrance,261.81,7,1,1
ORD0005642,C001371,2025-02-02,Accessories,127.38,3,0,0
ORD0005643,C001373,2025-09-22,Accessories,261.42,3,0,1
ORD0005644,C001373,2025-01-04,RTW,337.52,2,0,0
ORD0005645,C001373,2025-09-11,RTW,395.81,3,0,1
ORD0005646,C001373,2025-08-26,RTW,1529.59,4,0,1
ORD0005647,C001374,2025-06-08,Accessories,80.96,4,1,0
ORD0005648,C001374,2025-05-01,Fragrance,261.68,4,0,0
ORD0005649,C001374,2025-12-01,Accessories,72.72,4,0,0
ORD0005650,C001374,2025-09-01,Beauty,304.88,3,0,1
ORD0005651,C001374,2025-10-06,Beauty,218.08,3,0,1
ORD0005652,C001374,2025-07-28,Beauty,170.61,4,0,0
ORD0005653,C001374,2025-05-11,Accessories,358.51,4,0,0
ORD0005654,C001374,2024-11-25,Fragrance,1745.93,5,0,0
ORD0005655,C001374,2026-01-19,Fragrance,470.79,4,0,0
ORD0005656,C001375,2025-09-24,Accessories,781.57,4,0,1
ORD0005657,C001375,2025-06-22,RTW,304.6,4,0,1
ORD0005658,C001375,2025-04-26,Fragrance,412.47,2,0,1
ORD0005659,C001375,2025-08-22,RTW,207.72,4,0,1
ORD0005660,C001375,2025-03-06,RTW,741.08,4,0,1
ORD0005661,C001375,2024-09-25,Beauty,1394.99,2,0,1
ORD0005662,C001376,2025-11-07,RTW,1339.45,3,0,1
ORD0005663,C001376,2026-01-10,RTW,169.67,4,0,1
ORD0005664,C001376,2025-08-16,Accessories,749.47,2,0,1
ORD0005665,C001378,2025-06-03,Beauty,711.17,5,0,1
ORD0005666,C001378,2025-07-07,Beauty,405.57,3,0,0
ORD0005667,C001378,2025-12-23,Beauty,113.72,4,0,0
ORD0005668,C001378,2024-11-14,Beauty,374.21,3,0,0
ORD0005669,C001378,2025-11-22,RTW,432.17,4,0,0
ORD0005670,C001378,2025-03-28,Accessories,57.41,4,0,0
ORD0005671,C001379,2025-05-20,Fragrance,476.89,4,0,0
ORD0005672,C001379,2025-03-11,RTW,313.29,4,0,0
ORD0005673,C001379,2025-04-15,Accessories,184.47,4,0,0
ORD0005674,C001379,2024-12-16,Beauty,155.22,4,0,0
ORD0005675,C001379,2025-11-29,Fragrance,143.87,4,0,0
ORD0005676,C001379,2025-01-23,Beauty,181.4,7,0,0
ORD0005677,C001379,2025-06-14,Beauty,754.58,3,0,0
ORD0005678,C001379,2025-06-08,Beauty,429.19,4,0,0
ORD0005679,C001379,2026-01-11,Beauty,98.67,4,0,0
ORD0005680,C001379,2025-07-27,Beauty,132.41,3,0,0
ORD0005681,C001379,2025-08-05,RTW,520.59,4,0,0
ORD0005682,C001380,2025-06-17,RTW,348.89,3,0,1
ORD0005683,C001380,2024-08-25,Fragrance,304.14,5,1,1
ORD0005684,C001380,2026-01-10,RTW,119.24,4,0,1
ORD0005685,C001381,2025-02-16,Beauty,480.55,5,0,0
ORD0005686,C001381,2025-07-01,RTW,96.12,4,1,0
ORD0005687,C001381,2024-11-23,RTW,490.92,4,0,0
ORD0005688,C001382,2025-08-27,Accessories,2278.88,4,0,1
ORD0005689,C001383,2025-05-16,Beauty,67.94,3,1,0
ORD0005690,C001383,2025-01-12,Beauty,63.73,2,0,0
ORD0005691,C001383,2025-08-22,Fragrance,63.64,6,1,0
ORD0005692,C001383,2025-12-16,RTW,231.94,3,0,1
ORD0005693,C001383,2025-12-12,Beauty,325.73,5,0,0
ORD0005694,C001383,2025-03-02,Beauty,115.67,5,1,1
ORD0005695,C001384,2025-10-31,Beauty,86.92,7,0,1
ORD0005696,C001384,2024-09-07,Fragrance,108.67,3,1,1
ORD0005697,C001384,2025-05-02,RTW,562.06,4,0,1
ORD0005698,C001384,2025-04-26,RTW,540.03,4,0,0
ORD0005699,C001384,2025-03-30,Accessories,259.67,3,0,1
ORD0005700,C001384,2025-11-19,RTW,241.17,4,1,1
ORD0005701,C001384,2025-01-15,Accessories,855.79,4,0,0
ORD0005702,C001384,2025-09-18,RTW,304.25,4,0,1
ORD0005703,C001384,2025-12-25,RTW,151.29,4,0,1
ORD0005704,C001384,2025-11-14,RTW,293.87,3,0,1
ORD0005705,C001385,2025-02-11,Fragrance,316.37,5,0,1
ORD0005706,C001385,2025-06-16,RTW,111.1,3,0,1
ORD0005707,C001385,2025-05-15,Fragrance,213.71,5,0,0
ORD0005708,C001385,2024-10-06,Accessories,204.28,3,1,1
ORD0005709,C001386,2025-03-15,Accessories,136.19,4,0,0
ORD0005710,C001386,2024-12-25,RTW,205.86,4,0,1
ORD0005711,C001386,2024-08-21,RTW,80.73,1,0,1
ORD0005712,C001387,2025-04-21,Fragrance,310.21,2,0,1
ORD0005713,C001387,2024-11-16,Fragrance,62.39,5,0,0
ORD0005714,C001387,2025-11-15,Beauty,132.22,5,0,0
ORD0005715,C001387,2025-01-22,Fragrance,138.67,3,0,0
ORD0005716,C001388,2025-06-01,Accessories,324.21,4,0,1
ORD0005717,C001388,2026-01-30,Fragrance,204.02,3,0,0
ORD0005718,C001388,2025-03-16,Fragrance,539.66,9,1,1
ORD0005719,C001388,2025-03-15,Fragrance,1102.25,7,0,0
ORD0005720,C001388,2024-09-05,Accessories,91.92,1,0,0
ORD0005721,C001389,2024-11-26,Accessories,334.14,2,0,1
ORD0005722,C001389,2025-11-12,Fragrance,186.66,5,0,1
ORD0005723,C001389,2024-11-24,Fragrance,56.12,4,1,0
ORD0005724,C001389,2025-12-18,Fragrance,785.43,5,0,1
ORD0005725,C001390,2025-10-11,Accessories,1622.89,3,1,0
ORD0005726,C001390,2024-11-29,RTW,350.24,3,0,1
ORD0005727,C001390,2025-06-23,Accessories,248.64,4,0,1
ORD0005728,C001390,2024-08-23,Accessories,169.24,4,0,1
ORD0005729,C001390,2025-07-02,Accessories,514.52,4,1,1
ORD0005730,C001391,2024-12-26,Accessories,231.98,3,0,1
ORD0005731,C001391,2025-05-27,Fragrance,274.47,11,0,1
ORD0005732,C001391,2024-08-28,Fragrance,408.5,3,0,1
ORD0005733,C001391,2025-02-04,Accessories,446.41,4,1,1
ORD0005734,C001391,2025-02-03,Accessories,1139.03,4,0,0
ORD0005735,C001391,2025-12-15,RTW,300.25,4,0,1
ORD0005736,C001391,2025-01-05,Accessories,202.29,4,0,1
ORD0005737,C001391,2025-08-19,RTW,391.97,3,0,1
ORD0005738,C001391,2025-12-26,RTW,50.0,3,1,0
ORD0005739,C001392,2024-09-18,Fragrance,55.48,5,0,1
ORD0005740,C001392,2025-10-08,Accessories,309.48,3,0,0
ORD0005741,C001392,2025-04-08,Beauty,215.6,4,0,0
ORD0005742,C001392,2024-10-18,Beauty,63.81,4,0,0
ORD0005743,C001392,2026-01-12,Beauty,318.24,5,0,0
ORD0005744,C001393,2026-01-01,RTW,99.04,2,0,1
ORD0005745,C001394,2024-12-17,Beauty,50.0,4,0,0
ORD0005746,C001394,2024-08-16,Beauty,234.58,7,0,0
ORD0005747,C001394,2025-01-15,Beauty,475.16,4,1,0
ORD0005748,C001394,2025-04-15,Fragrance,502.27,1,0,0
ORD0005749,C001395,2024-10-15,Fragrance,275.55,6,0,0
ORD0005750,C001395,2024-09-25,Beauty,671.96,7,0,1
ORD0005751,C001395,2024-11-11,Beauty,50.0,5,0,0
ORD0005752,C001395,2024-11-29,Fragrance,312.7,7,0,1
ORD0005753,C001396,2025-02-19,Beauty,147.06,4,0,0
ORD0005754,C001396,2025-11-05,Beauty,181.73,4,0,0
ORD0005755,C001396,2025-12-15,RTW,99.09,4,0,0
ORD0005756,C001396,2025-01-21,Fragrance,277.05,4,0,0
ORD0005757,C001396,2025-03-26,Beauty,404.84,5,0,0
ORD0005758,C001396,2024-09-02,Accessories,204.25,4,1,0
ORD0005759,C001397,2024-11-07,Beauty,50.0,3,0,0
ORD0005760,C001397,2026-01-14,Fragrance,113.41,3,0,1
ORD0005761,C001397,2025-02-10,Accessories,253.77,3,0,0
ORD0005762,C001397,2025-06-25,RTW,237.46,3,0,0
ORD0005763,C001397,2024-09-29,Fragrance,279.2,6,0,1
ORD0005764,C001397,2025-07-10,Accessories,114.93,2,1,0
ORD0005765,C001397,2024-09-25,Fragrance,268.38,4,1,0
ORD0005766,C001397,2024-12-01,Accessories,537.97,4,1,1
ORD0005767,C001398,2024-09-25,Fragrance,135.3,4,0,1
ORD0005768,C001398,2025-10-17,Beauty,211.85,3,0,0
ORD0005769,C001398,2025-09-11,RTW,502.34,4,0,0
ORD0005770,C001398,2025-04-08,Beauty,573.53,3,0,1
ORD0005771,C001398,2025-12-02,Fragrance,1795.87,2,0,1
ORD0005772,C001399,2025-12-29,Accessories,271.5,3,0,0
ORD0005773,C001399,2025-12-24,Fragrance,282.89,4,0,0
ORD0005774,C001399,2025-07-01,RTW,378.21,1,0,0
ORD0005775,C001399,2024-10-18,RTW,55.18,3,0,0
ORD0005776,C001399,2025-09-14,Beauty,67.64,6,0,1
ORD0005777,C001400,2025-06-25,Fragrance,249.27,5,1,0
ORD0005778,C001400,2025-04-17,Accessories,310.77,2,0,1
ORD0005779,C001400,2025-12-01,Accessories,54.34,4,1,0
ORD0005780,C001400,2025-04-07,Beauty,1361.1,5,0,1
ORD0005781,C001400,2025-03-22,Fragrance,222.09,2,0,1
ORD0005782,C001401,2026-01-12,Beauty,548.05,2,0,0
ORD0005783,C001401,2025-04-21,RTW,189.57,2,1,0
ORD0005784,C001401,2024-12-04,Beauty,610.41,2,0,1
ORD0005785,C001402,2024-12-30,RTW,50.0,2,0,0
ORD0005786,C001402,2025-07-15,Beauty,887.18,2,0,0
ORD0005787,C001402,2025-01-09,RTW,128.88,1,0,0
ORD0005788,C001402,2024-10-24,Fragrance,61.75,6,0,0
ORD0005789,C001402,2025-12-04,Fragrance,158.14,5,1,0
ORD0005790,C001402,2025-12-23,Beauty,82.42,6,0,0
ORD0005791,C001402,2025-04-12,Accessories,907.82,3,1,0
ORD0005792,C001402,2024-10-08,Beauty,50.0,4,0,0
ORD0005793,C001402,2025-10-18,Fragrance,297.54,3,0,1
ORD0005794,C001402,2025-01-18,Beauty,124.82,2,0,0
ORD0005795,C001402,2025-05-07,Fragrance,116.77,2,1,0
ORD0005796,C001403,2025-08-14,RTW,166.23,4,0,1
ORD0005797,C001403,2026-01-18,RTW,395.6,4,0,1
ORD0005798,C001403,2024-11-15,RTW,451.34,4,1,1
ORD0005799,C001403,2025-10-05,Accessories,589.27,2,0,1
ORD0005800,C001404,2025-09-22,Beauty,84.54,2,0,0
ORD0005801,C001404,2025-04-23,Beauty,297.34,3,0,0
ORD0005802,C001404,2025-01-05,Accessories,322.26,4,0,0
ORD0005803,C001404,2025-03-02,Beauty,571.71,5,0,0
ORD0005804,C001405,2025-03-06,Beauty,112.54,4,0,0
ORD0005805,C001405,2025-04-17,Beauty,202.9,4,0,0
ORD0005806,C001406,2025-09-04,Accessories,112.1,3,0,0
ORD0005807,C001406,2025-08-31,RTW,712.49,2,0,1
ORD0005808,C001406,2024-12-24,Accessories,579.91,4,0,1
ORD0005809,C001406,2024-10-15,RTW,738.1,4,0,1
ORD0005810,C001408,2025-01-20,Accessories,151.08,1,1,0
ORD0005811,C001408,2025-10-10,RTW,243.96,3,0,1
ORD0005812,C001408,2025-08-27,Accessories,87.99,2,0,1
ORD0005813,C001408,2025-09-28,RTW,710.43,4,0,1
ORD0005814,C001408,2025-05-21,Fragrance,125.0,4,0,1
ORD0005815,C001408,2025-01-03,Accessories,205.77,4,1,1
ORD0005816,C001408,2025-10-28,RTW,1240.77,4,0,1
ORD0005817,C001408,2025-09-25,Accessories,582.63,3,0,1
ORD0005818,C001408,2025-09-24,Beauty,900.74,4,0,1
ORD0005819,C001410,2025-01-08,Accessories,163.14,4,0,1
ORD0005820,C001412,2025-09-06,Accessories,311.77,3,0,1
ORD0005821,C001412,2024-12-07,RTW,383.89,4,0,1
ORD0005822,C001412,2025-06-28,Accessories,868.26,4,0,0
ORD0005823,C001412,2025-06-19,RTW,416.93,4,0,1
ORD0005824,C001413,2025-07-12,Beauty,176.77,5,0,0
ORD0005825,C001413,2025-10-09,Accessories,368.6,4,0,0
ORD0005826,C001414,2025-10-16,Beauty,223.67,3,0,0
ORD0005827,C001414,2025-02-14,Accessories,553.53,3,0,0
ORD0005828,C001415,2025-06-07,Accessories,924.26,2,0,0
ORD0005829,C001415,2024-11-01,Accessories,82.28,4,0,0
ORD0005830,C001415,2025-03-19,Accessories,61.09,4,0,1
ORD0005831,C001415,2025-01-26,Fragrance,152.45,3,0,0
ORD0005832,C001415,2025-04-24,RTW,1777.59,4,0,0
ORD0005833,C001416,2024-12-31,Beauty,171.64,6,0,1
ORD0005834,C001416,2024-09-02,RTW,572.99,4,0,1
ORD0005835,C001416,2026-01-08,Beauty,65.57,3,0,1
ORD0005836,C001417,2025-02-02,Beauty,383.32,3,0,1
ORD0005837,C001417,2025-03-14,Beauty,91.1,7,0,0
ORD0005838,C001417,2025-08-27,Fragrance,328.62,5,0,0
ORD0005839,C001417,2024-10-04,RTW,509.41,4,0,0
ORD0005840,C001417,2024-10-22,Accessories,661.61,4,0,1
ORD0005841,C001417,2025-06-25,RTW,107.33,2,0,0
ORD0005842,C001418,2025-05-04,Accessories,318.89,1,0,0
ORD0005843,C001418,2024-08-11,Beauty,60.25,4,0,0
ORD0005844,C001418,2025-06-09,Fragrance,510.44,5,0,0
ORD0005845,C001418,2025-06-10,Fragrance,166.86,4,0,0
ORD0005846,C001418,2025-04-10,Fragrance,450.29,6,1,0
ORD0005847,C001418,2024-12-12,Beauty,418.29,1,0,1
ORD0005848,C001421,2025-01-01,Accessories,272.12,4,1,0
ORD0005849,C001421,2024-10-26,Beauty,376.22,10,0,0
ORD0005850,C001421,2025-12-15,Fragrance,52.83,5,0,0
ORD0005851,C001421,2024-12-20,Beauty,255.46,2,0,0
ORD0005852,C001421,2025-12-24,Fragrance,375.22,3,1,0
ORD0005853,C001423,2024-12-11,Fragrance,206.72,5,0,1
ORD0005854,C001423,2025-10-26,Fragrance,92.5,2,0,1
ORD0005855,C001423,2025-12-23,Accessories,260.77,2,0,1
ORD0005856,C001423,2025-11-29,RTW,1317.46,4,0,1
ORD0005857,C001423,2024-08-15,Fragrance,262.7,1,0,1
ORD0005858,C001423,2025-01-08,RTW,256.81,1,0,1
ORD0005859,C001423,2024-08-17,Fragrance,311.57,1,0,1
ORD0005860,C001423,2024-08-19,Accessories,540.87,3,1,1
ORD0005861,C001423,2025-05-23,RTW,398.15,3,0,1
ORD0005862,C001424,2025-12-07,Accessories,423.77,4,0,0
ORD0005863,C001424,2024-10-08,Fragrance,943.88,5,1,1
ORD0005864,C001424,2024-09-20,Fragrance,736.31,2,0,0
ORD0005865,C001424,2025-06-17,Beauty,184.39,4,0,1
ORD0005866,C001424,2025-03-19,Accessories,671.76,4,0,0
ORD0005867,C001424,2025-12-24,Accessories,149.69,2,0,1
ORD0005868,C001425,2025-11-16,RTW,500.41,2,0,0
ORD0005869,C001426,2024-11-23,Accessories,788.32,4,0,0
ORD0005870,C001426,2025-04-21,Accessories,94.87,4,0,1
ORD0005871,C001426,2025-10-27,RTW,354.06,4,0,1
ORD0005872,C001426,2025-01-30,Accessories,209.89,4,0,0
ORD0005873,C001427,2024-10-29,Beauty,465.47,6,0,1
ORD0005874,C001427,2024-08-17,RTW,357.62,4,0,0
ORD0005875,C001427,2024-12-10,RTW,305.98,4,0,0
ORD0005876,C001427,2025-01-12,Accessories,438.62,4,0,1
ORD0005877,C001427,2025-10-11,Beauty,274.15,5,0,0
ORD0005878,C001427,2025-06-28,Beauty,188.04,4,0,1
ORD0005879,C001427,2026-01-29,Beauty,234.43,4,0,0
ORD0005880,C001427,2025-03-18,RTW,96.68,3,0,0
ORD0005881,C001427,2025-07-30,Beauty,105.97,5,0,1
ORD0005882,C001427,2025-02-08,Accessories,184.38,4,0,1
ORD0005883,C001427,2025-10-08,RTW,609.22,3,0,0
ORD0005884,C001427,2024-10-20,Fragrance,297.09,1,0,0
ORD0005885,C001428,2025-06-23,Fragrance,194.2,6,0,0
ORD0005886,C001429,2024-11-19,Fragrance,145.0,3,0,0
ORD0005887,C001430,2024-08-30,Beauty,100.8,3,0,0
ORD0005888,C001430,2025-07-14,Fragrance,131.03,5,0,0
ORD0005889,C001430,2025-02-07,Beauty,266.49,3,0,0
ORD0005890,C001430,2025-02-27,Beauty,164.73,2,0,0
ORD0005891,C001431,2025-08-26,Beauty,124.57,7,0,0
ORD0005892,C001431,2024-12-29,RTW,678.11,3,0,0
ORD0005893,C001431,2025-05-08,Beauty,546.04,2,0,0
ORD0005894,C001432,2025-05-28,Fragrance,213.94,2,0,0
ORD0005895,C001432,2025-09-25,RTW,709.84,1,0,0
ORD0005896,C001432,2024-12-27,Fragrance,159.29,2,0,1
ORD0005897,C001432,2026-01-24,Accessories,50.0,3,0,0
ORD0005898,C001432,2025-10-19,RTW,204.8,4,0,0
ORD0005899,C001432,2025-03-09,Fragrance,164.22,3,0,0
ORD0005900,C001433,2025-09-28,Accessories,1559.79,4,0,1
ORD0005901,C001433,2024-12-24,RTW,446.54,4,0,1
ORD0005902,C001433,2025-07-22,Fragrance,251.58,2,0,1
ORD0005903,C001434,2025-05-06,Fragrance,363.8,4,0,1
ORD0005904,C001434,2024-10-29,Fragrance,395.74,3,1,0
ORD0005905,C001434,2025-03-01,Beauty,314.58,6,0,1
ORD0005906,C001434,2025-06-08,Beauty,940.88,5,0,1
ORD0005907,C001434,2025-09-17,RTW,204.3,2,0,0
ORD0005908,C001434,2025-10-21,Accessories,181.61,4,0,0
ORD0005909,C001434,2024-12-19,Beauty,50.0,5,0,0
ORD0005910,C001434,2025-08-29,Beauty,371.61,6,0,1
ORD0005911,C001435,2025-12-05,Accessories,83.66,3,0,0
ORD0005912,C001435,2025-08-06,Accessories,198.41,3,0,1
ORD0005913,C001435,2025-12-12,RTW,131.92,4,0,0
ORD0005914,C001435,2025-10-09,Fragrance,349.48,2,0,0
ORD0005915,C001435,2025-11-06,RTW,181.29,3,0,0
ORD0005916,C001435,2024-12-01,RTW,50.0,4,1,0
ORD0005917,C001435,2025-07-17,Fragrance,652.61,4,0,0
ORD0005918,C001435,2024-08-22,Beauty,255.86,6,1,0
ORD0005919,C001435,2025-06-08,Fragrance,131.32,3,1,0
ORD0005920,C001435,2024-08-24,Beauty,175.48,3,0,0
ORD0005921,C001436,2025-03-26,RTW,308.93,4,0,0
ORD0005922,C001436,2025-12-09,Beauty,50.0,4,0,0
ORD0005923,C001436,2024-12-12,Accessories,78.41,4,0,0
ORD0005924,C001436,2025-06-21,Beauty,352.68,4,1,0
ORD0005925,C001436,2025-05-07,Fragrance,192.39,5,0,0
ORD0005926,C001436,2024-10-10,Fragrance,1030.31,4,0,0
ORD0005927,C001436,2024-12-04,Fragrance,311.44,4,0,0
ORD0005928,C001436,2025-03-12,Fragrance,1133.18,5,0,1
ORD0005929,C001437,2025-09-11,Fragrance,50.0,4,0,1
ORD0005930,C001437,2025-09-13,Beauty,132.74,1,0,1
ORD0005931,C001437,2025-06-26,Fragrance,85.61,3,0,0
ORD0005932,C001437,2024-12-19,Fragrance,244.29,3,0,0
ORD0005933,C001438,2025-01-02,Beauty,335.54,5,1,0
ORD0005934,C001438,2025-06-16,RTW,72.42,4,0,1
ORD0005935,C001438,2024-12-03,Beauty,358.62,1,0,1
ORD0005936,C001438,2024-11-10,Beauty,384.19,6,0,1
ORD0005937,C001438,2025-07-21,Accessories,133.52,3,0,0
ORD0005938,C001438,2025-11-24,Accessories,200.49,4,0,0
ORD0005939,C001438,2025-04-25,Accessories,465.23,3,1,1
ORD0005940,C001439,2025-06-14,Beauty,574.54,1,0,0
ORD0005941,C001439,2025-06-11,Fragrance,118.24,4,0,0
ORD0005942,C001439,2025-09-09,Beauty,70.35,5,0,0
ORD0005943,C001439,2024-12-15,Beauty,50.0,4,0,0
ORD0005944,C001439,2025-08-04,Fragrance,50.0,5,0,0
ORD0005945,C001439,2024-10-15,RTW,172.77,3,0,0
ORD0005946,C001439,2025-03-08,Fragrance,81.31,4,0,0
ORD0005947,C001439,2025-07-24,RTW,81.58,4,0,0
ORD0005948,C001439,2024-12-02,Fragrance,93.6,4,0,0
ORD0005949,C001439,2024-08-16,Beauty,53.31,7,0,0
ORD0005950,C001439,2024-11-17,Beauty,232.08,4,0,0
ORD0005951,C001440,2024-11-11,Beauty,338.22,1,0,0
ORD0005952,C001440,2025-10-04,Fragrance,266.07,4,1,0
ORD0005953,C001440,2025-06-17,Accessories,475.87,4,0,1
ORD0005954,C001440,2026-01-06,Beauty,270.91,3,0,0
ORD0005955,C001440,2025-03-08,Beauty,141.79,6,0,0
ORD0005956,C001441,2025-02-23,Beauty,253.59,9,0,1
ORD0005957,C001441,2025-12-04,Accessories,133.84,4,0,0
ORD0005958,C001441,2025-08-13,Fragrance,430.24,4,0,0
ORD0005959,C001442,2025-12-08,RTW,283.5,4,0,1
ORD0005960,C001442,2025-10-22,RTW,1118.5,4,0,1
ORD0005961,C001442,2025-05-03,RTW,348.53,3,0,0
ORD0005962,C001443,2024-10-08,Fragrance,324.3,6,0,1
ORD0005963,C001443,2024-12-20,Fragrance,143.25,2,0,1
ORD0005964,C001443,2025-09-03,Accessories,184.52,4,0,0
ORD0005965,C001443,2025-11-17,Beauty,304.58,2,0,1
ORD0005966,C001443,2025-03-09,RTW,605.47,4,0,0
ORD0005967,C001443,2024-09-16,RTW,129.66,4,0,1
ORD0005968,C001443,2024-10-21,Accessories,187.52,3,0,0
ORD0005969,C001445,2025-07-14,Accessories,330.68,4,0,1
ORD0005970,C001445,2024-09-17,RTW,304.57,3,0,1
ORD0005971,C001445,2025-02-10,Fragrance,331.24,3,1,0
ORD0005972,C001445,2025-09-03,Fragrance,306.83,2,0,1
ORD0005973,C001445,2025-11-04,Beauty,193.85,6,1,1
ORD0005974,C001445,2025-06-23,Accessories,180.78,3,0,0
ORD0005975,C001445,2024-10-21,Accessories,563.25,4,1,1
ORD0005976,C001445,2024-11-21,Fragrance,60.34,4,0,1
ORD0005977,C001446,2024-10-13,Beauty,118.73,2,0,0
ORD0005978,C001446,2025-08-19,RTW,312.56,2,0,0
ORD0005979,C001446,2025-08-19,Fragrance,117.07,7,0,1
ORD0005980,C001446,2026-01-16,Fragrance,54.33,5,0,0
ORD0005981,C001446,2025-05-20,Beauty,235.36,2,1,0
ORD0005982,C001446,2025-09-03,Beauty,446.6,7,0,0
ORD0005983,C001446,2025-05-17,Fragrance,139.71,2,0,0
ORD0005984,C001447,2024-08-25,RTW,138.12,3,0,0
ORD0005985,C001447,2025-08-08,Fragrance,53.51,3,0,1
ORD0005986,C001447,2024-10-04,Beauty,67.17,4,0,0
ORD0005987,C001447,2025-07-07,Fragrance,309.9,3,1,0
ORD0005988,C001448,2025-06-09,Accessories,1593.32,2,0,0
ORD0005989,C001448,2025-04-08,Accessories,218.03,4,0,1
ORD0005990,C001448,2026-01-28,Accessories,191.52,4,0,1
ORD0005991,C001448,2024-10-28,Accessories,336.22,4,0,0
ORD0005992,C001448,2025-09-11,Fragrance,176.17,6,0,1
ORD0005993,C001449,2025-11-20,Beauty,716.85,2,0,0
ORD0005994,C001449,2024-09-16,Fragrance,206.29,5,0,0
ORD0005995,C001449,2025-06-30,Beauty,210.03,2,0,0
ORD0005996,C001450,2025-08-23,RTW,210.54,4,0,1
ORD0005997,C001450,2025-02-03,RTW,297.05,2,0,1
ORD0005998,C001450,2026-01-11,Fragrance,495.42,6,1,1
ORD0005999,C001450,2025-11-09,Beauty,50.0,5,1,1
ORD0006000,C001450,2025-03-26,Fragrance,1947.73,5,0,1
ORD0006001,C001451,2025-09-21,Beauty,76.03,4,0,0
ORD0006002,C001451,2025-07-02,Fragrance,175.07,4,0,1
ORD0006003,C001451,2024-11-28,Fragrance,155.65,5,1,0
ORD0006004,C001452,2025-09-20,Beauty,1224.33,6,0,1
ORD0006005,C001452,2025-06-08,Accessories,157.49,3,1,0
ORD0006006,C001452,2025-04-27,Fragrance,708.51,8,0,0
ORD0006007,C001452,2025-04-24,Fragrance,211.21,4,0,0
ORD0006008,C001454,2025-07-05,Accessories,99.78,4,0,0
ORD0006009,C001454,2025-09-08,Fragrance,116.89,4,0,0
ORD0006010,C001455,2025-10-08,RTW,369.12,4,0,0
ORD0006011,C001455,2025-06-18,Fragrance,296.99,3,0,0
ORD0006012,C001455,2024-11-20,RTW,88.69,4,0,0
ORD0006013,C001455,2024-10-05,Accessories,570.72,4,0,1
ORD0006014,C001455,2025-05-21,Fragrance,213.64,2,0,1
ORD0006015,C001455,2025-01-13,RTW,134.67,4,0,1
ORD0006016,C001455,2026-01-11,Beauty,139.09,1,0,1
ORD0006017,C001455,2025-05-05,RTW,214.84,3,0,1
ORD0006018,C001455,2025-04-11,Beauty,179.54,1,0,0
ORD0006019,C001456,2026-01-02,Accessories,272.14,3,1,0
ORD0006020,C001456,2025-10-25,RTW,225.26,4,0,1
ORD0006021,C001456,2024-12-04,Fragrance,338.26,4,0,1
ORD0006022,C001456,2026-01-27,RTW,330.95,4,0,1
ORD0006023,C001456,2025-10-01,Beauty,267.78,4,0,1
ORD0006024,C001459,2026-01-12,RTW,464.89,1,0,0
ORD0006025,C001459,2024-12-09,Accessories,443.53,4,0,0
ORD0006026,C001459,2024-12-01,Beauty,182.36,1,1,0
ORD0006027,C001459,2025-07-15,Accessories,269.04,4,0,0
ORD0006028,C001459,2025-02-25,Beauty,679.66,5,0,0
ORD0006029,C001459,2025-08-17,RTW,215.53,3,0,0
ORD0006030,C001459,2025-12-12,Accessories,285.1,4,0,0
ORD0006031,C001459,2025-07-17,Beauty,262.04,1,0,0
ORD0006032,C001459,2025-03-25,Beauty,263.72,4,0,0
ORD0006033,C001459,2025-12-03,RTW,1493.24,4,0,0
ORD0006034,C001460,2025-03-23,Beauty,529.96,5,0,1
ORD0006035,C001460,2025-02-16,Fragrance,328.33,3,0,0
ORD0006036,C001460,2025-01-23,Beauty,53.28,1,1,1
ORD0006037,C001460,2025-10-04,RTW,123.37,3,0,0
ORD0006038,C001462,2025-03-04,RTW,156.05,4,0,0
ORD0006039,C001462,2025-07-29,Fragrance,378.93,5,0,0
ORD0006040,C001462,2025-08-02,Beauty,259.63,5,0,1
ORD0006041,C001462,2024-11-01,Accessories,462.35,4,0,0
ORD0006042,C001462,2025-06-01,Accessories,335.96,2,1,0
ORD0006043,C001463,2025-01-28,Accessories,369.1,4,0,1
ORD0006044,C001463,2024-08-29,RTW,544.12,4,1,1
ORD0006045,C001463,2024-10-05,Beauty,408.39,6,1,1
ORD0006046,C001463,2025-11-22,Accessories,245.63,4,0,1
ORD0006047,C001463,2025-03-20,RTW,1285.15,4,0,1
ORD0006048,C001463,2025-06-19,Fragrance,380.67,2,0,1
ORD0006049,C001463,2025-04-03,Beauty,289.95,4,0,1
ORD0006050,C001463,2025-07-29,Accessories,155.4,4,1,1
ORD0006051,C001463,2025-02-03,Beauty,752.1,3,0,1
ORD0006052,C001464,2024-11-01,Accessories,1521.03,4,0,1
ORD0006053,C001464,2025-11-01,Accessories,302.1,3,1,1
ORD0006054,C001464,2024-10-28,RTW,108.43,4,0,1
ORD0006055,C001465,2025-06-16,RTW,467.14,4,1,1
ORD0006056,C001465,2025-02-25,Beauty,147.06,4,0,0
ORD0006057,C001465,2024-11-04,Beauty,1498.89,6,0,1
ORD0006058,C001465,2025-10-16,Fragrance,51.24,5,1,1
ORD0006059,C001466,2025-01-30,Beauty,224.71,5,0,0
ORD0006060,C001466,2025-12-22,RTW,134.2,2,0,0
ORD0006061,C001466,2025-02-08,Beauty,174.43,6,0,0
ORD0006062,C001468,2025-07-29,Beauty,306.39,3,1,1
ORD0006063,C001468,2025-01-07,Beauty,213.52,7,0,0
ORD0006064,C001468,2025-01-11,Beauty,228.65,5,1,0
ORD0006065,C001468,2025-07-14,Fragrance,50.0,5,0,1
ORD0006066,C001468,2025-11-19,Beauty,193.06,5,0,0
ORD0006067,C001468,2024-08-20,Beauty,213.34,6,0,0
ORD0006068,C001468,2026-01-23,Accessories,249.61,3,0,0
ORD0006069,C001468,2025-04-18,Fragrance,171.76,2,0,1
ORD0006070,C001469,2025-10-03,Fragrance,221.44,3,0,0
ORD0006071,C001469,2024-09-27,Accessories,366.42,4,0,0
ORD0006072,C001469,2025-09-23,Accessories,62.23,1,0,0
ORD0006073,C001469,2025-02-28,Beauty,533.8,3,0,0
ORD0006074,C001470,2025-06-19,Accessories,456.31,4,0,1
ORD0006075,C001470,2024-08-17,Beauty,153.0,6,0,0
ORD0006076,C001470,2025-09-03,RTW,311.74,4,0,1
ORD0006077,C001470,2024-08-24,RTW,289.77,2,0,1
ORD0006078,C001470,2025-05-11,RTW,257.82,2,0,0
ORD0006079,C001470,2024-10-09,RTW,578.4,4,0,1
ORD0006080,C001471,2026-01-22,Fragrance,494.69,4,0,1
ORD0006081,C001471,2024-09-09,Beauty,249.29,5,0,1
ORD0006082,C001471,2025-04-01,RTW,798.56,3,0,1
ORD0006083,C001472,2025-05-17,Fragrance,817.58,5,0,1
ORD0006084,C001472,2025-10-10,RTW,203.01,4,0,1
ORD0006085,C001472,2024-12-14,Fragrance,192.43,3,0,0
ORD0006086,C001472,2024-11-20,RTW,210.17,1,0,0
ORD0006087,C001473,2025-02-13,RTW,386.93,3,0,1
ORD0006088,C001473,2024-10-25,Fragrance,142.23,2,0,0
ORD0006089,C001473,2025-10-11,Beauty,776.39,3,0,1
ORD0006090,C001473,2025-05-10,Accessories,378.42,4,0,0
ORD0006091,C001473,2024-08-21,Beauty,922.1,6,0,0
ORD0006092,C001473,2025-02-27,Beauty,162.09,3,0,0
ORD0006093,C001473,2025-12-06,Beauty,473.04,7,0,0
ORD0006094,C001474,2024-11-17,Fragrance,175.11,3,0,0
ORD0006095,C001474,2024-10-26,RTW,308.4,3,0,1
ORD0006096,C001474,2024-09-09,RTW,905.2,4,0,1
ORD0006097,C001474,2025-11-18,Fragrance,429.24,6,0,1
ORD0006098,C001474,2025-06-21,Accessories,216.62,4,0,1
ORD0006099,C001475,2024-09-17,Beauty,89.38,5,0,0
ORD0006100,C001475,2025-12-03,Beauty,418.59,2,0,0
ORD0006101,C001475,2025-10-22,Fragrance,166.52,2,0,0
ORD0006102,C001475,2024-10-11,Beauty,191.85,3,0,0
ORD0006103,C001476,2025-07-17,Beauty,353.26,5,0,1
ORD0006104,C001476,2026-01-28,RTW,306.82,4,0,1
ORD0006105,C001477,2024-12-29,Beauty,255.49,2,0,1
ORD0006106,C001477,2025-07-12,Fragrance,252.13,7,0,1
ORD0006107,C001481,2025-04-16,Fragrance,346.02,4,1,0
ORD0006108,C001482,2024-12-08,Beauty,278.81,7,0,1
ORD0006109,C001482,2025-09-19,Accessories,667.02,2,0,1
ORD0006110,C001482,2025-12-17,RTW,848.5,4,0,1
ORD0006111,C001482,2025-09-11,Accessories,296.92,4,0,1
ORD0006112,C001482,2024-12-24,Fragrance,187.43,3,0,1
ORD0006113,C001482,2025-06-01,RTW,97.6,4,0,1
ORD0006114,C001482,2025-02-26,RTW,790.75,4,0,1
ORD0006115,C001482,2024-10-26,Accessories,310.02,4,0,1
ORD0006116,C001483,2025-12-07,Accessories,202.5,2,0,0
ORD0006117,C001483,2025-05-24,RTW,139.9,4,0,0
ORD0006118,C001483,2025-04-06,Beauty,239.94,3,0,0
ORD0006119,C001484,2025-12-27,Fragrance,146.37,4,0,1
ORD0006120,C001484,2025-03-15,RTW,481.28,3,0,1
ORD0006121,C001484,2025-12-19,RTW,300.14,4,0,1
ORD0006122,C001485,2025-12-20,RTW,238.38,2,0,0
ORD0006123,C001486,2025-11-16,RTW,420.37,2,0,0
ORD0006124,C001486,2025-05-04,Beauty,306.52,7,0,0
ORD0006125,C001486,2025-04-25,Beauty,427.11,4,0,0
ORD0006126,C001486,2025-10-09,Fragrance,333.09,5,0,1
ORD0006127,C001486,2025-05-20,RTW,101.5,2,0,0
ORD0006128,C001487,2025-09-01,Beauty,1295.77,4,0,0
ORD0006129,C001487,2026-01-16,Beauty,248.07,3,0,1
ORD0006130,C001487,2024-11-08,Fragrance,641.12,4,0,1
ORD0006131,C001487,2025-08-26,Accessories,337.3,4,0,1
ORD0006132,C001487,2025-06-02,Fragrance,354.73,5,0,0
ORD0006133,C001487,2025-01-22,Beauty,206.06,7,0,1
ORD0006134,C001489,2025-02-03,Accessories,315.64,3,0,1
ORD0006135,C001489,2025-05-13,RTW,78.49,3,0,1
ORD0006136,C001489,2025-02-16,Accessories,431.37,1,0,1
ORD0006137,C001489,2024-12-09,Accessories,153.6,2,0,1
ORD0006138,C001489,2026-01-24,RTW,322.25,4,0,1
ORD0006139,C001489,2025-03-17,Beauty,340.72,7,0,1
ORD0006140,C001489,2025-09-12,Accessories,173.6,4,0,0
ORD0006141,C001490,2025-07-18,Accessories,706.55,4,0,0
ORD0006142,C001492,2025-05-06,Beauty,338.22,2,0,1
ORD0006143,C001492,2026-01-01,Accessories,347.91,4,0,0
ORD0006144,C001492,2025-05-25,Beauty,171.31,3,0,1
ORD0006145,C001492,2025-09-07,Accessories,483.34,4,0,1
ORD0006146,C001492,2026-01-13,Accessories,213.41,2,0,0
ORD0006147,C001493,2025-08-30,Fragrance,181.8,2,1,1
ORD0006148,C001493,2025-02-19,Accessories,1105.76,4,0,1
ORD0006149,C001493,2024-10-19,RTW,677.64,4,0,1
ORD0006150,C001493,2024-10-14,Accessories,707.88,3,1,1
ORD0006151,C001493,2025-02-16,RTW,282.42,4,0,1
ORD0006152,C001493,2025-12-04,RTW,266.11,4,0,1
ORD0006153,C001493,2025-05-17,RTW,50.0,4,0,1
ORD0006154,C001494,2024-11-10,Accessories,275.26,3,0,0
ORD0006155,C001494,2025-10-05,Accessories,488.19,4,0,0
ORD0006156,C001494,2025-07-16,Beauty,273.54,7,0,0
ORD0006157,C001494,2025-06-08,Beauty,2145.43,3,0,0
ORD0006158,C001495,2025-11-17,Accessories,458.88,4,0,1
ORD0006159,C001495,2025-01-09,RTW,179.34,4,0,1
ORD0006160,C001495,2025-10-07,Accessories,176.05,2,1,1
ORD0006161,C001495,2026-01-05,RTW,222.46,4,0,1
ORD0006162,C001496,2024-11-29,Beauty,398.9,10,1,1
ORD0006163,C001496,2025-09-24,RTW,361.45,4,0,1
ORD0006164,C001496,2024-10-13,RTW,657.91,4,0,1
ORD0006165,C001496,2024-10-23,Beauty,1600.68,3,0,1
ORD0006166,C001496,2025-03-05,Beauty,435.77,3,0,1
ORD0006167,C001496,2024-11-01,Beauty,1871.82,6,0,0
ORD0006168,C001496,2025-09-04,RTW,196.41,4,1,1
ORD0006169,C001497,2025-08-21,Beauty,158.92,3,0,0
ORD0006170,C001497,2026-01-04,Beauty,91.19,7,0,0
ORD0006171,C001497,2025-08-12,RTW,327.05,4,0,0
ORD0006172,C001497,2025-12-07,Fragrance,84.62,4,0,0
ORD0006173,C001498,2024-11-27,Beauty,251.5,2,0,0
ORD0006174,C001498,2025-09-12,Fragrance,143.3,8,0,0
ORD0006175,C001498,2024-12-08,Beauty,114.36,2,1,0
ORD0006176,C001498,2026-01-11,Accessories,50.0,4,0,0
ORD0006177,C001498,2025-05-04,Accessories,177.75,4,0,0
ORD0006178,C001498,2025-05-12,Beauty,338.18,5,0,0
ORD0006179,C001498,2025-08-02,Beauty,137.69,3,0,0
ORD0006180,C001498,2024-10-11,Beauty,143.69,1,0,0
ORD0006181,C001498,2025-05-08,Beauty,206.62,5,1,1
ORD0006182,C001498,2025-04-26,Beauty,60.59,4,0,0
ORD0006183,C001498,2024-10-18,Fragrance,50.0,3,0,1
ORD0006184,C001498,2024-11-12,Fragrance,118.17,4,1,0
ORD0006185,C001499,2024-08-22,Fragrance,125.36,3,0,0
ORD0006186,C001499,2025-08-27,Fragrance,93.92,2,0,0
ORD0006187,C001499,2024-08-14,Beauty,158.41,2,1,0
ORD0006188,C001499,2024-08-24,Fragrance,672.05,4,0,0
ORD0006189,C001499,2024-12-16,Beauty,50.0,5,0,1
ORD0006190,C001499,2025-01-09,Beauty,323.3,2,0,0
ORD0006191,C001501,2026-01-29,Fragrance,107.11,4,0,0
ORD0006192,C001501,2025-11-15,Accessories,117.01,3,0,0
ORD0006193,C001502,2025-12-27,Beauty,86.87,5,0,0
ORD0006194,C001503,2024-12-19,Beauty,204.36,3,0,1
ORD0006195,C001503,2025-07-08,RTW,297.19,4,1,1
ORD0006196,C001503,2024-12-15,Fragrance,690.97,3,0,0
ORD0006197,C001504,2025-01-19,Beauty,105.75,4,0,1
ORD0006198,C001504,2024-08-12,RTW,150.22,4,0,1
ORD0006199,C001505,2025-08-05,Beauty,138.52,5,0,0
ORD0006200,C001505,2025-09-16,Beauty,94.38,4,0,0
ORD0006201,C001505,2025-01-13,Accessories,54.35,4,0,0
ORD0006202,C001505,2024-12-18,Beauty,104.61,5,0,0
ORD0006203,C001505,2025-11-04,Accessories,120.62,2,0,0
ORD0006204,C001505,2025-05-08,Fragrance,160.59,4,0,0
ORD0006205,C001505,2026-01-28,Beauty,205.31,7,0,0
ORD0006206,C001506,2026-01-29,Fragrance,734.51,3,0,1
ORD0006207,C001506,2024-12-17,Beauty,177.03,3,0,0
ORD0006208,C001507,2025-01-20,Accessories,426.93,4,0,1
ORD0006209,C001507,2025-10-17,Accessories,978.33,4,0,1
ORD0006210,C001508,2025-04-13,Accessories,117.04,3,1,0
ORD0006211,C001508,2024-11-22,Beauty,174.05,3,0,0
ORD0006212,C001508,2024-11-03,Beauty,54.69,7,0,0
ORD0006213,C001508,2025-08-28,RTW,189.82,4,0,0
ORD0006214,C001509,2025-11-06,Fragrance,318.12,5,0,1
ORD0006215,C001509,2025-11-23,Fragrance,145.04,5,1,0
ORD0006216,C001509,2026-01-30,Fragrance,2469.32,3,1,0
ORD0006217,C001509,2025-10-14,RTW,402.34,3,0,0
ORD0006218,C001511,2026-01-02,Accessories,227.48,1,0,1
ORD0006219,C001511,2025-12-12,Accessories,151.34,3,0,1
ORD0006220,C001511,2024-10-03,RTW,108.33,4,0,1
ORD0006221,C001511,2025-06-09,Accessories,270.77,3,0,1
ORD0006222,C001511,2025-12-28,Accessories,50.0,2,1,0
ORD0006223,C001511,2025-08-07,Accessories,243.03,3,0,0
ORD0006224,C001511,2025-01-22,Fragrance,136.96,6,0,1
ORD0006225,C001511,2024-10-03,Beauty,194.03,3,0,1
ORD0006226,C001512,2025-02-23,Accessories,192.06,4,0,0
ORD0006227,C001512,2024-11-24,Accessories,145.28,4,0,0
ORD0006228,C001512,2024-10-25,Accessories,189.07,3,0,1
ORD0006229,C001512,2025-08-12,RTW,837.87,2,0,1
ORD0006230,C001512,2025-05-11,RTW,308.11,3,0,1
ORD0006231,C001512,2025-04-17,RTW,128.81,3,1,1
ORD0006232,C001513,2025-02-07,RTW,76.64,3,0,0
ORD0006233,C001513,2025-04-07,Fragrance,461.7,4,1,0
ORD0006234,C001513,2025-01-20,RTW,85.5,4,1,0
ORD0006235,C001514,2025-07-22,Fragrance,50.0,6,0,0
ORD0006236,C001515,2025-06-09,Beauty,586.47,4,0,0
ORD0006237,C001515,2024-12-22,Accessories,406.25,2,0,0
ORD0006238,C001516,2024-10-29,Accessories,191.71,4,0,1
ORD0006239,C001516,2025-01-10,Fragrance,284.24,7,0,1
ORD0006240,C001516,2025-03-09,Fragrance,609.77,3,0,0
ORD0006241,C001516,2024-10-19,Accessories,1542.11,4,0,0
ORD0006242,C001516,2025-01-24,Beauty,118.36,3,0,0
ORD0006243,C001516,2024-12-26,Fragrance,516.86,3,0,1
ORD0006244,C001516,2025-04-26,Accessories,370.77,3,0,1
ORD0006245,C001516,2025-12-02,Fragrance,319.43,6,0,0
ORD0006246,C001518,2025-02-19,Accessories,153.78,4,0,0
ORD0006247,C001518,2025-12-15,Accessories,209.29,2,0,0
ORD0006248,C001519,2025-05-04,RTW,376.79,4,0,1
ORD0006249,C001519,2024-11-09,RTW,253.13,2,0,1
ORD0006250,C001519,2025-05-26,RTW,366.2,4,0,0
ORD0006251,C001519,2025-10-11,Fragrance,98.28,6,1,1
ORD0006252,C001520,2025-12-03,Beauty,552.17,7,0,0
ORD0006253,C001521,2025-11-19,Accessories,189.6,4,0,0
ORD0006254,C001521,2024-11-22,Fragrance,313.36,5,0,0
ORD0006255,C001521,2025-03-07,RTW,74.55,2,0,0
ORD0006256,C001521,2025-11-13,Beauty,55.23,6,0,0
ORD0006257,C001521,2024-12-05,Fragrance,66.74,3,1,0
ORD0006258,C001522,2025-12-08,Beauty,486.31,2,0,1
ORD0006259,C001522,2025-07-11,Beauty,913.43,1,0,1
ORD0006260,C001522,2026-01-22,Accessories,1291.43,4,0,1
ORD0006261,C001523,2025-08-24,RTW,139.4,4,0,0
ORD0006262,C001523,2025-05-04,Beauty,55.47,3,0,0
ORD0006263,C001523,2024-09-10,RTW,91.8,2,0,0
ORD0006264,C001523,2025-02-22,Beauty,50.0,4,0,0
ORD0006265,C001523,2025-08-16,Accessories,379.72,4,0,0
ORD0006266,C001523,2024-09-22,Beauty,104.41,5,0,0
ORD0006267,C001523,2025-10-18,Fragrance,361.61,3,0,0
ORD0006268,C001523,2025-11-26,Fragrance,69.25,3,0,0
ORD0006269,C001524,2024-10-06,Beauty,50.0,6,0,0
ORD0006270,C001524,2025-04-19,Fragrance,289.74,6,0,0
ORD0006271,C001524,2025-04-04,Beauty,209.53,5,0,0
ORD0006272,C001524,2024-10-21,Accessories,133.79,4,0,0
ORD0006273,C001524,2025-05-17,Beauty,159.04,6,0,0
ORD0006274,C001524,2025-07-30,Beauty,164.71,4,1,0
ORD0006275,C001524,2024-10-18,Fragrance,171.37,4,0,0
ORD0006276,C001524,2025-12-13,Fragrance,107.96,5,0,0
ORD0006277,C001524,2025-09-05,Accessories,355.31,3,0,0
ORD0006278,C001525,2024-11-23,RTW,333.66,4,0,0
ORD0006279,C001526,2024-11-18,RTW,136.06,2,0,0
ORD0006280,C001527,2024-10-22,Fragrance,555.45,6,0,1
ORD0006281,C001528,2024-10-15,Fragrance,213.85,4,0,1
ORD0006282,C001529,2025-04-20,Accessories,447.51,4,0,1
ORD0006283,C001529,2024-10-25,Accessories,125.08,4,0,0
ORD0006284,C001529,2025-06-03,Accessories,480.09,4,0,1
ORD0006285,C001529,2025-09-13,Fragrance,449.87,3,0,1
ORD0006286,C001530,2025-06-26,Beauty,376.31,3,0,0
ORD0006287,C001530,2026-01-27,Fragrance,340.93,4,0,0
ORD0006288,C001530,2024-11-11,Beauty,683.95,4,0,0
ORD0006289,C001531,2025-11-26,RTW,187.3,4,0,0
ORD0006290,C001531,2025-05-18,Beauty,424.3,4,0,0
ORD0006291,C001531,2026-01-03,Accessories,1225.34,4,1,0
ORD0006292,C001531,2024-08-08,Beauty,54.64,8,0,0
ORD0006293,C001531,2025-05-27,RTW,62.43,4,0,0
ORD0006294,C001531,2025-02-07,Fragrance,522.13,1,0,0
ORD0006295,C001531,2025-11-20,Fragrance,257.89,5,0,0
ORD0006296,C001531,2024-12-15,Accessories,92.58,3,0,0
ORD0006297,C001532,2025-05-30,RTW,475.03,4,0,1
ORD0006298,C001532,2024-10-11,RTW,418.76,3,1,1
ORD0006299,C001532,2025-05-17,Accessories,121.79,1,0,0
ORD0006300,C001532,2025-06-07,Beauty,121.25,3,1,1
ORD0006301,C001532,2025-09-19,Beauty,623.35,3,0,0
ORD0006302,C001532,2025-05-28,Accessories,157.81,4,0,1
ORD0006303,C001532,2024-11-06,Beauty,236.04,1,0,1
ORD0006304,C001532,2024-09-14,Fragrance,99.43,2,1,1
ORD0006305,C001532,2025-08-18,Fragrance,172.47,2,0,0
ORD0006306,C001533,2025-02-04,Beauty,1089.3,2,0,0
ORD0006307,C001533,2025-10-15,Beauty,321.36,7,0,1
ORD0006308,C001533,2026-01-16,RTW,588.85,2,0,0
ORD0006309,C001533,2024-09-18,RTW,253.33,4,0,0
ORD0006310,C001533,2024-12-22,Beauty,309.69,2,0,1
ORD0006311,C001534,2025-03-31,RTW,239.38,3,0,0
ORD0006312,C001534,2025-02-25,Fragrance,96.78,5,0,0
ORD0006313,C001535,2025-02-02,Fragrance,511.86,2,0,0
ORD0006314,C001535,2025-04-02,RTW,223.3,2,1,0
ORD0006315,C001536,2025-08-14,Accessories,429.6,4,0,0
ORD0006316,C001536,2024-08-14,RTW,403.62,4,0,1
ORD0006317,C001537,2025-08-08,Fragrance,728.86,6,0,0
ORD0006318,C001537,2025-01-05,Fragrance,207.13,6,0,1
ORD0006319,C001537,2025-03-13,Beauty,2903.38,2,0,0
ORD0006320,C001537,2024-12-27,RTW,2542.67,2,0,0
ORD0006321,C001537,2024-08-10,Beauty,482.77,6,0,1
ORD0006322,C001538,2024-09-04,Beauty,196.57,2,0,0
ORD0006323,C001538,2025-04-12,Beauty,117.28,4,0,1
ORD0006324,C001538,2025-08-26,Accessories,1736.75,2,1,1
ORD0006325,C001538,2025-06-19,Accessories,160.09,4,0,1
ORD0006326,C001538,2024-10-16,Accessories,328.36,4,1,0
ORD0006327,C001538,2025-08-12,RTW,218.0,2,0,1
ORD0006328,C001538,2026-01-13,Accessories,365.6,3,0,1
ORD0006329,C001539,2025-01-05,Accessories,126.02,4,0,0
ORD0006330,C001540,2025-09-23,Beauty,300.02,4,0,0
ORD0006331,C001540,2024-09-25,RTW,62.85,4,0,0
ORD0006332,C001540,2025-02-18,Fragrance,65.79,5,0,0
ORD0006333,C001540,2024-10-14,RTW,436.99,4,0,0
ORD0006334,C001540,2025-05-26,Fragrance,56.48,4,0,0
ORD0006335,C001540,2024-09-23,Beauty,50.0,5,0,0
ORD0006336,C001541,2025-04-30,Accessories,234.5,2,0,1
ORD0006337,C001542,2026-01-23,Beauty,576.47,8,0,0
ORD0006338,C001542,2025-06-11,Beauty,151.38,7,0,0
ORD0006339,C001542,2025-02-09,Beauty,197.48,2,0,0
ORD0006340,C001542,2025-01-18,Beauty,79.8,6,0,0
ORD0006341,C001542,2024-11-21,Beauty,89.68,3,0,0
ORD0006342,C001542,2025-09-20,Fragrance,61.59,4,0,0
ORD0006343,C001542,2024-10-24,Accessories,68.88,4,0,0
ORD0006344,C001542,2025-12-24,Beauty,166.66,5,1,0
ORD0006345,C001542,2025-02-17,Beauty,265.59,4,0,0
ORD0006346,C001542,2024-10-06,Fragrance,77.66,6,0,0
ORD0006347,C001543,2024-10-14,Accessories,548.48,4,0,1
ORD0006348,C001543,2025-09-23,RTW,995.22,4,0,1
ORD0006349,C001543,2024-10-29,Beauty,103.53,4,0,1
ORD0006350,C001543,2025-08-16,Fragrance,233.49,4,0,1
ORD0006351,C001543,2025-08-27,Accessories,229.97,2,0,1
ORD0006352,C001543,2024-12-06,RTW,72.25,3,0,1
ORD0006353,C001544,2025-06-16,Beauty,247.18,4,0,0
ORD0006354,C001544,2024-10-18,RTW,257.92,3,0,0
ORD0006355,C001544,2025-10-16,Beauty,264.68,3,0,0
ORD0006356,C001545,2025-11-21,RTW,343.06,4,0,1
ORD0006357,C001545,2025-04-13,RTW,177.67,1,0,1
ORD0006358,C001545,2025-06-06,Beauty,345.42,4,0,1
ORD0006359,C001547,2025-02-13,Beauty,465.07,4,0,1
ORD0006360,C001547,2025-04-20,Beauty,257.74,2,0,0
ORD0006361,C001547,2025-05-05,Beauty,91.48,5,0,1
ORD0006362,C001547,2025-06-11,Beauty,221.85,4,0,1
ORD0006363,C001547,2025-11-19,RTW,693.47,1,0,1
ORD0006364,C001547,2025-02-26,Accessories,245.02,4,0,1
ORD0006365,C001547,2024-11-08,RTW,64.8,2,1,1
ORD0006366,C001547,2024-11-23,RTW,121.99,4,0,1
ORD0006367,C001548,2025-05-07,RTW,506.39,2,0,0
ORD0006368,C001548,2025-04-20,Beauty,786.29,5,0,1
ORD0006369,C001548,2025-12-29,Accessories,215.45,4,0,1
ORD0006370,C001548,2025-03-06,Fragrance,508.26,4,0,1
ORD0006371,C001549,2025-12-13,Fragrance,112.89,2,0,0
ORD0006372,C001549,2024-08-25,RTW,423.24,4,1,1
ORD0006373,C001549,2024-09-01,Accessories,406.43,4,0,0
ORD0006374,C001549,2025-01-11,Accessories,232.34,4,0,1
ORD0006375,C001549,2025-01-31,RTW,458.6,2,0,0
ORD0006376,C001549,2025-03-08,RTW,251.4,1,0,0
ORD0006377,C001550,2025-11-14,Beauty,535.72,1,1,0
ORD0006378,C001550,2025-10-03,Beauty,110.34,4,0,0
ORD0006379,C001550,2024-10-19,Fragrance,153.88,4,0,0
ORD0006380,C001550,2025-03-03,Accessories,131.61,3,0,1
ORD0006381,C001550,2024-10-27,Fragrance,196.41,3,0,0
ORD0006382,C001551,2024-10-16,RTW,423.66,4,1,1
ORD0006383,C001551,2025-01-05,Accessories,718.35,4,0,1
ORD0006384,C001552,2025-01-19,RTW,176.15,4,0,0
ORD0006385,C001552,2025-04-03,RTW,324.76,4,0,1
ORD0006386,C001552,2025-02-13,Beauty,112.6,5,0,1
ORD0006387,C001552,2025-01-19,Fragrance,241.76,4,1,1
ORD0006388,C001553,2025-05-30,RTW,215.87,2,0,0
ORD0006389,C001553,2025-11-07,Accessories,109.95,4,0,0
ORD0006390,C001553,2025-01-22,Accessories,385.93,4,0,0
ORD0006391,C001556,2025-04-12,Fragrance,405.87,6,0,0
ORD0006392,C001556,2025-02-11,Beauty,757.04,3,0,0
ORD0006393,C001556,2025-09-18,Beauty,307.36,6,0,0
ORD0006394,C001556,2025-01-20,Beauty,283.4,3,0,0
ORD0006395,C001556,2024-10-23,Accessories,70.31,4,0,0
ORD0006396,C001556,2024-09-05,Beauty,50.0,3,0,0
ORD0006397,C001556,2024-12-23,RTW,229.17,4,0,0
ORD0006398,C001556,2025-11-23,Fragrance,83.48,5,0,0
ORD0006399,C001557,2025-10-28,Beauty,249.25,4,0,0
ORD0006400,C001557,2024-09-14,Beauty,219.34,2,0,0
ORD0006401,C001557,2025-08-31,Beauty,1988.39,3,1,0
ORD0006402,C001557,2025-09-14,Fragrance,50.0,2,0,0
ORD0006403,C001558,2025-05-07,Beauty,631.72,4,0,1
ORD0006404,C001558,2025-09-08,Beauty,112.69,5,0,1
ORD0006405,C001558,2025-01-24,Beauty,176.22,8,0,0
ORD0006406,C001558,2025-10-29,Beauty,364.39,2,0,0
ORD0006407,C001558,2025-04-14,Beauty,296.03,4,0,0
ORD0006408,C001558,2025-08-06,Fragrance,180.12,5,0,0
ORD0006409,C001558,2024-11-10,Beauty,372.99,2,0,0
ORD0006410,C001559,2026-01-08,Accessories,535.99,1,0,1
ORD0006411,C001559,2025-11-01,Beauty,174.64,8,0,0
ORD0006412,C001559,2025-01-25,RTW,371.2,4,0,0
ORD0006413,C001559,2025-02-02,Accessories,407.04,4,0,1
ORD0006414,C001559,2025-11-29,Beauty,554.34,2,0,1
ORD0006415,C001559,2024-09-28,Fragrance,1359.89,3,0,1
ORD0006416,C001559,2025-09-13,Accessories,555.91,3,0,0
ORD0006417,C001561,2025-08-26,Beauty,1211.28,1,0,1
ORD0006418,C001561,2025-11-03,Accessories,705.43,2,0,1
ORD0006419,C001561,2025-10-06,RTW,905.25,2,0,1
ORD0006420,C001561,2025-06-06,Accessories,288.68,3,0,1
ORD0006421,C001561,2025-01-20,RTW,96.62,4,0,1
ORD0006422,C001562,2024-11-14,RTW,253.13,3,0,0
ORD0006423,C001562,2024-11-19,Beauty,555.34,4,0,1
ORD0006424,C001563,2024-09-12,Accessories,217.05,4,0,0
ORD0006425,C001563,2025-10-04,Fragrance,305.27,2,0,0
ORD0006426,C001563,2025-08-14,Beauty,107.62,6,0,0
ORD0006427,C001563,2025-07-06,Beauty,175.16,3,0,0
ORD0006428,C001563,2025-12-21,Beauty,81.52,8,1,0
ORD0006429,C001563,2025-03-24,RTW,249.41,4,0,0
ORD0006430,C001563,2024-08-10,Beauty,223.09,4,0,1
ORD0006431,C001565,2024-08-08,Fragrance,204.6,4,0,0
ORD0006432,C001565,2024-12-04,Beauty,315.39,3,0,0
ORD0006433,C001565,2025-07-22,Fragrance,100.25,4,1,0
ORD0006434,C001566,2025-12-25,Fragrance,66.14,6,0,1
ORD0006435,C001566,2025-06-22,Beauty,436.94,4,0,1
ORD0006436,C001566,2025-07-03,Accessories,570.87,4,1,0
ORD0006437,C001566,2025-06-05,Accessories,604.79,4,0,0
ORD0006438,C001566,2024-12-18,RTW,404.95,4,0,0
ORD0006439,C001566,2025-11-21,Accessories,154.43,4,0,1
ORD0006440,C001567,2025-06-22,Accessories,252.54,4,0,0
ORD0006441,C001567,2025-10-28,Accessories,491.27,4,0,0
ORD0006442,C001567,2024-09-27,Beauty,668.98,4,0,1
ORD0006443,C001567,2025-12-31,Accessories,601.65,4,1,1
ORD0006444,C001567,2025-08-21,Accessories,973.29,4,1,0
ORD0006445,C001567,2025-05-21,Beauty,202.13,5,0,1
ORD0006446,C001567,2025-01-19,Accessories,238.39,4,0,0
ORD0006447,C001567,2025-11-13,Beauty,132.35,3,0,1
ORD0006448,C001567,2024-12-26,RTW,644.61,4,0,1
ORD0006449,C001567,2024-09-10,RTW,936.49,2,0,1
ORD0006450,C001567,2025-08-26,Accessories,348.51,3,0,0
ORD0006451,C001568,2024-10-17,RTW,152.86,3,0,1
ORD0006452,C001568,2025-01-09,Fragrance,263.09,3,0,1
ORD0006453,C001568,2024-12-23,RTW,600.37,4,1,1
ORD0006454,C001568,2024-09-08,Beauty,921.61,5,0,0
ORD0006455,C001568,2025-11-13,Fragrance,147.3,2,1,0
ORD0006456,C001568,2025-12-05,RTW,393.97,3,0,0
ORD0006457,C001569,2024-11-06,Beauty,140.41,4,0,0
ORD0006458,C001569,2025-07-22,RTW,666.51,4,0,1
ORD0006459,C001569,2025-01-07,Fragrance,265.75,4,0,1
ORD0006460,C001569,2024-11-22,Fragrance,248.18,5,0,1
ORD0006461,C001569,2026-01-17,RTW,978.38,4,0,1
ORD0006462,C001569,2024-12-14,Fragrance,129.27,4,0,0
ORD0006463,C001569,2024-12-20,Fragrance,603.53,8,0,1
ORD0006464,C001569,2025-09-12,Fragrance,154.09,3,0,1
ORD0006465,C001569,2024-10-15,Beauty,201.67,2,1,1
ORD0006466,C001569,2025-03-11,Accessories,475.56,3,0,1
ORD0006467,C001570,2026-01-03,Accessories,557.03,3,0,0
ORD0006468,C001570,2025-11-24,Fragrance,208.61,7,0,1
ORD0006469,C001570,2024-11-26,Accessories,303.3,4,0,1
ORD0006470,C001571,2025-03-31,Beauty,166.12,2,0,1
ORD0006471,C001571,2024-12-11,Beauty,99.31,2,0,0
ORD0006472,C001572,2024-09-15,Accessories,763.52,4,0,0
ORD0006473,C001572,2024-08-10,Beauty,512.7,4,0,0
ORD0006474,C001572,2025-08-08,Beauty,71.48,3,0,0
ORD0006475,C001574,2026-01-25,Accessories,193.57,2,0,1
ORD0006476,C001574,2025-09-07,Accessories,309.68,4,0,0
ORD0006477,C001574,2025-09-08,RTW,541.66,4,0,1
ORD0006478,C001574,2025-02-19,Fragrance,230.78,4,0,1
ORD0006479,C001574,2025-10-07,Beauty,1404.87,5,0,1
ORD0006480,C001574,2024-11-26,Accessories,477.17,4,0,0
ORD0006481,C001574,2025-03-18,Fragrance,75.17,7,0,1
ORD0006482,C001574,2025-06-04,RTW,233.48,2,0,1
ORD0006483,C001575,2025-07-03,RTW,158.72,4,0,1
ORD0006484,C001576,2024-12-21,Accessories,276.32,4,0,0
ORD0006485,C001577,2025-07-17,Accessories,491.53,3,0,1
ORD0006486,C001577,2026-01-13,RTW,312.23,4,1,0
ORD0006487,C001578,2024-12-05,RTW,106.52,4,0,0
ORD0006488,C001578,2025-03-18,Beauty,138.51,7,0,0
ORD0006489,C001578,2025-04-25,Beauty,277.17,7,0,0
ORD0006490,C001578,2025-05-03,Fragrance,50.0,4,1,0
ORD0006491,C001578,2025-11-01,Fragrance,131.52,5,0,0
ORD0006492,C001578,2025-10-14,Beauty,346.63,3,0,0
ORD0006493,C001578,2025-08-11,Fragrance,294.65,6,0,0
ORD0006494,C001578,2025-12-23,RTW,815.06,1,0,0
ORD0006495,C001578,2025-03-27,Fragrance,65.22,1,1,0
ORD0006496,C001579,2025-04-30,Beauty,511.12,3,0,1
ORD0006497,C001579,2024-11-07,RTW,241.89,4,0,1
ORD0006498,C001579,2025-03-17,Accessories,231.5,4,0,1
ORD0006499,C001579,2025-11-21,Accessories,197.83,3,1,1
ORD0006500,C001579,2025-10-01,Accessories,211.67,2,1,1
ORD0006501,C001579,2025-12-30,Beauty,455.68,3,0,0
ORD0006502,C001580,2025-11-14,Beauty,141.81,3,1,1
ORD0006503,C001580,2024-12-17,Fragrance,319.99,2,0,1
ORD0006504,C001581,2025-02-24,Accessories,751.41,3,0,1
ORD0006505,C001581,2025-04-29,Accessories,1285.45,4,0,1
ORD0006506,C001582,2025-05-11,Fragrance,994.02,4,0,1
ORD0006507,C001582,2025-05-23,Fragrance,917.18,2,0,0
ORD0006508,C001582,2025-06-07,Beauty,717.66,3,0,1
ORD0006509,C001583,2025-05-02,Beauty,303.93,6,0,1
ORD0006510,C001583,2025-04-26,Accessories,206.87,3,0,1
ORD0006511,C001585,2025-02-18,Fragrance,92.96,6,0,0
ORD0006512,C001585,2024-12-06,RTW,169.45,3,0,1
ORD0006513,C001585,2025-06-08,Beauty,404.63,5,0,0
ORD0006514,C001585,2025-10-28,Beauty,498.24,4,0,0
ORD0006515,C001586,2025-09-12,RTW,61.63,4,0,1
ORD0006516,C001586,2025-06-19,Accessories,439.63,4,0,1
ORD0006517,C001586,2024-10-05,RTW,447.95,3,0,1
ORD0006518,C001586,2025-10-21,RTW,59.5,4,0,1
ORD0006519,C001589,2024-11-01,Accessories,210.1,4,0,1
ORD0006520,C001589,2024-12-27,Accessories,221.96,4,0,1
ORD0006521,C001589,2025-01-19,Accessories,115.26,4,0,0
ORD0006522,C001589,2025-03-04,Beauty,119.16,6,0,1
ORD0006523,C001590,2026-01-09,Accessories,313.31,4,0,0
ORD0006524,C001590,2025-05-11,RTW,1303.12,4,1,0
ORD0006525,C001590,2025-11-04,Beauty,131.8,4,0,0
ORD0006526,C001590,2025-01-26,Fragrance,122.62,3,1,1
ORD0006527,C001590,2025-07-21,Fragrance,502.77,6,0,0
ORD0006528,C001590,2025-05-10,Accessories,849.96,4,0,0
ORD0006529,C001591,2026-01-11,Accessories,151.04,1,0,0
ORD0006530,C001591,2025-05-18,RTW,87.57,2,0,0
ORD0006531,C001591,2024-10-02,RTW,913.18,3,0,1
ORD0006532,C001592,2024-11-26,Accessories,179.79,4,0,0
ORD0006533,C001593,2025-02-26,Fragrance,321.67,5,0,0
ORD0006534,C001593,2025-09-25,Beauty,299.71,4,0,1
ORD0006535,C001593,2025-02-01,RTW,112.88,4,0,0
ORD0006536,C001594,2024-12-30,Beauty,204.94,4,0,1
ORD0006537,C001594,2025-09-11,Beauty,677.16,5,0,0
ORD0006538,C001594,2024-09-30,Beauty,209.33,2,0,1
ORD0006539,C001595,2025-02-02,Beauty,281.87,7,0,1
ORD0006540,C001595,2025-02-13,RTW,472.51,4,0,1
ORD0006541,C001595,2026-01-18,RTW,151.28,4,1,0
ORD0006542,C001596,2025-11-23,RTW,161.82,4,0,0
ORD0006543,C001598,2025-04-28,Accessories,393.85,3,0,1
ORD0006544,C001600,2025-04-14,Accessories,103.28,3,0,0
ORD0006545,C001601,2025-07-26,Beauty,1507.06,3,0,0
ORD0006546,C001601,2024-12-07,RTW,124.97,4,0,0
ORD0006547,C001601,2025-08-17,Fragrance,65.9,4,0,0
ORD0006548,C001601,2024-08-22,Beauty,407.63,6,0,0
ORD0006549,C001601,2025-12-14,Fragrance,220.5,8,1,1
ORD0006550,C001601,2024-10-11,Beauty,184.62,4,0,0
ORD0006551,C001601,2025-09-24,RTW,248.85,4,0,0
ORD0006552,C001601,2025-02-19,Fragrance,172.49,4,0,0
ORD0006553,C001601,2025-05-30,Fragrance,229.56,2,1,1
ORD0006554,C001602,2025-03-28,Beauty,365.85,4,0,0
ORD0006555,C001602,2025-04-10,Fragrance,139.54,6,0,0
ORD0006556,C001602,2025-05-24,Fragrance,185.62,2,0,0
ORD0006557,C001602,2025-08-30,Beauty,103.32,5,0,0
ORD0006558,C001603,2025-07-08,Accessories,523.46,2,0,1
ORD0006559,C001603,2024-10-04,Fragrance,89.1,4,0,0
ORD0006560,C001603,2024-09-14,Fragrance,331.65,4,0,1
ORD0006561,C001604,2025-07-01,Accessories,131.39,3,1,1
ORD0006562,C001604,2025-03-03,Beauty,62.39,5,0,0
ORD0006563,C001604,2024-10-04,Fragrance,279.97,3,1,1
ORD0006564,C001604,2024-08-18,Accessories,549.05,4,0,0
ORD0006565,C001605,2025-11-25,RTW,529.21,3,0,0
ORD0006566,C001605,2024-10-08,Accessories,228.25,3,0,1
ORD0006567,C001605,2024-08-14,RTW,86.03,3,0,1
ORD0006568,C001605,2026-01-28,RTW,485.91,4,0,1
ORD0006569,C001606,2025-10-04,RTW,127.92,3,0,1
ORD0006570,C001607,2025-03-29,Beauty,132.18,4,0,0
ORD0006571,C001607,2025-01-05,Accessories,50.0,4,0,0
ORD0006572,C001608,2025-10-17,Beauty,1266.89,4,0,0
ORD0006573,C001608,2025-05-29,Fragrance,223.71,7,1,0
ORD0006574,C001608,2025-01-24,Beauty,101.41,4,0,1
ORD0006575,C001608,2025-03-27,Accessories,337.11,4,0,0
ORD0006576,C001609,2024-08-20,RTW,236.04,4,0,0
ORD0006577,C001609,2025-02-20,Beauty,102.47,4,0,0
ORD0006578,C001611,2024-09-09,RTW,299.67,2,0,1
ORD0006579,C001611,2025-04-06,Accessories,450.37,3,0,1
ORD0006580,C001611,2024-09-10,Accessories,277.2,3,0,1
ORD0006581,C001611,2025-09-29,Fragrance,1156.54,3,0,1
ORD0006582,C001612,2025-08-07,Beauty,309.71,7,0,0
ORD0006583,C001612,2025-11-03,Beauty,129.88,3,0,0
ORD0006584,C001612,2025-12-30,RTW,455.94,4,0,0
ORD0006585,C001612,2025-08-14,Accessories,72.91,4,0,0
ORD0006586,C001612,2025-11-30,Beauty,116.58,4,0,0
ORD0006587,C001614,2024-12-05,Fragrance,882.07,5,0,1
ORD0006588,C001614,2024-11-16,Beauty,815.68,6,0,0
ORD0006589,C001614,2025-07-06,Accessories,459.53,1,0,1
ORD0006590,C001614,2025-01-26,Accessories,529.68,3,0,1
ORD0006591,C001614,2024-12-14,Accessories,780.82,2,0,0
ORD0006592,C001614,2025-09-16,Beauty,337.95,6,0,0
ORD0006593,C001614,2026-01-29,Beauty,298.1,3,0,1
ORD0006594,C001614,2024-10-04,Beauty,142.29,5,1,0
ORD0006595,C001615,2026-01-09,Accessories,915.58,3,0,1
ORD0006596,C001615,2024-09-18,Fragrance,338.25,8,0,1
ORD0006597,C001615,2024-08-24,Accessories,154.34,3,0,1
ORD0006598,C001615,2024-11-11,RTW,2572.03,1,0,0
ORD0006599,C001615,2025-06-14,Accessories,519.0,2,0,1
ORD0006600,C001616,2025-12-26,RTW,551.17,4,0,0
ORD0006601,C001617,2024-08-21,Fragrance,182.98,6,0,0
ORD0006602,C001617,2025-08-25,RTW,741.9,3,0,0
ORD0006603,C001617,2024-09-14,Accessories,313.84,3,0,0
ORD0006604,C001617,2024-12-07,Accessories,228.02,2,0,1
ORD0006605,C001618,2024-12-07,Accessories,182.09,4,0,0
ORD0006606,C001618,2025-04-12,Accessories,221.35,3,0,1
ORD0006607,C001618,2025-02-16,RTW,615.14,4,0,1
ORD0006608,C001619,2024-11-19,Accessories,247.48,4,0,1
ORD0006609,C001620,2025-04-23,Beauty,189.46,5,1,1
ORD0006610,C001620,2025-08-19,Accessories,703.88,4,0,1
ORD0006611,C001620,2025-04-28,Accessories,124.27,4,0,1
ORD0006612,C001620,2026-01-27,RTW,916.83,2,0,1
ORD0006613,C001620,2025-07-16,Accessories,78.07,4,0,1
ORD0006614,C001620,2025-08-31,Accessories,266.13,4,1,1
ORD0006615,C001620,2025-07-31,RTW,305.35,3,0,0
ORD0006616,C001621,2025-06-13,Fragrance,176.62,4,1,0
ORD0006617,C001622,2024-12-28,Beauty,79.56,5,0,0
ORD0006618,C001622,2025-02-11,Beauty,99.1,5,0,0
ORD0006619,C001622,2024-11-03,RTW,118.74,4,0,1
ORD0006620,C001622,2025-12-28,RTW,254.35,3,0,0
ORD0006621,C001622,2025-05-11,Beauty,904.51,3,0,1
ORD0006622,C001622,2025-01-05,Fragrance,109.23,4,0,0
ORD0006623,C001623,2024-08-21,Fragrance,266.05,5,0,0
ORD0006624,C001623,2025-04-27,Accessories,239.86,3,0,0
ORD0006625,C001623,2025-01-19,Accessories,641.56,4,0,1
ORD0006626,C001623,2025-07-10,Accessories,572.42,4,0,0
ORD0006627,C001624,2026-01-05,Beauty,337.79,3,1,0
ORD0006628,C001624,2025-06-30,RTW,126.65,4,0,0
ORD0006629,C001624,2024-12-09,Fragrance,99.23,3,0,0
ORD0006630,C001624,2025-09-13,Beauty,264.6,4,0,0
ORD0006631,C001625,2025-05-11,Fragrance,264.71,2,0,1
ORD0006632,C001625,2025-02-01,Accessories,465.93,1,0,1
ORD0006633,C001625,2024-08-16,RTW,725.67,4,0,1
ORD0006634,C001625,2025-06-20,Accessories,1043.26,4,0,1
ORD0006635,C001625,2025-02-19,Fragrance,160.85,1,0,1
ORD0006636,C001625,2025-12-25,Fragrance,169.78,1,0,1
ORD0006637,C001625,2024-10-05,Accessories,260.84,2,0,1
ORD0006638,C001626,2025-12-07,Fragrance,753.11,4,1,1
ORD0006639,C001626,2025-03-17,Fragrance,380.5,2,0,1
ORD0006640,C001626,2025-12-27,Beauty,397.39,3,0,1
ORD0006641,C001626,2025-05-02,Beauty,103.15,2,0,1
ORD0006642,C001626,2025-07-13,RTW,398.44,1,0,1
ORD0006643,C001627,2024-08-22,Accessories,253.56,2,0,1
ORD0006644,C001628,2024-12-18,Beauty,63.26,7,0,0
ORD0006645,C001628,2025-09-22,Accessories,209.08,4,0,0
ORD0006646,C001628,2026-01-18,Beauty,92.37,2,0,0
ORD0006647,C001628,2025-10-19,Beauty,157.55,5,0,0
ORD0006648,C001628,2025-01-15,RTW,64.68,3,0,0
ORD0006649,C001628,2025-10-06,Beauty,122.44,3,0,0
ORD0006650,C001628,2025-01-01,Accessories,82.48,3,0,0
ORD0006651,C001628,2024-12-31,Beauty,333.93,2,0,0
ORD0006652,C001628,2025-01-30,Beauty,548.9,7,0,0
ORD0006653,C001628,2025-09-05,Beauty,242.16,2,1,0
ORD0006654,C001628,2025-06-17,Fragrance,475.49,4,0,0
ORD0006655,C001629,2024-11-11,Beauty,1356.87,6,0,0
ORD0006656,C001629,2025-09-04,Accessories,466.91,4,0,0
ORD0006657,C001630,2024-11-18,Accessories,233.23,2,0,1
ORD0006658,C001630,2025-07-05,Accessories,246.51,4,0,0
ORD0006659,C001630,2024-08-10,Accessories,774.68,4,0,1
ORD0006660,C001630,2025-12-23,Beauty,154.07,1,0,0
ORD0006661,C001630,2024-10-08,Beauty,167.09,10,0,0
ORD0006662,C001630,2024-08-18,Beauty,214.63,2,0,0
ORD0006663,C001631,2025-11-09,Beauty,234.16,5,0,1
ORD0006664,C001632,2025-08-15,Accessories,484.41,4,1,1
ORD0006665,C001632,2024-11-26,Fragrance,130.6,7,0,1
ORD0006666,C001632,2025-11-09,RTW,690.57,4,0,1
ORD0006667,C001634,2025-09-22,Beauty,153.39,3,0,0
ORD0006668,C001635,2024-11-12,Fragrance,133.42,3,0,0
ORD0006669,C001635,2024-08-12,Beauty,124.57,3,0,0
ORD0006670,C001635,2025-12-24,Beauty,235.67,7,0,0
ORD0006671,C001636,2025-04-01,Fragrance,109.03,3,0,0
ORD0006672,C001636,2025-04-01,Fragrance,322.89,1,0,0
ORD0006673,C001636,2024-11-18,Fragrance,354.56,3,0,0
ORD0006674,C001636,2025-01-29,RTW,169.2,4,0,0
ORD0006675,C001636,2026-01-30,Beauty,130.68,5,0,0
ORD0006676,C001637,2025-03-19,Beauty,79.94,5,0,0
ORD0006677,C001637,2025-08-11,Fragrance,166.49,1,0,0
ORD0006678,C001637,2024-12-16,Beauty,95.27,5,0,0
ORD0006679,C001637,2025-04-03,Beauty,172.79,1,0,0
ORD0006680,C001638,2024-12-02,RTW,110.3,3,0,0
ORD0006681,C001638,2025-02-20,Fragrance,297.81,3,0,0
ORD0006682,C001638,2025-07-09,RTW,50.15,4,0,0
ORD0006683,C001638,2025-04-13,RTW,80.14,1,0,0
ORD0006684,C001638,2025-01-19,Beauty,320.86,1,0,0
ORD0006685,C001639,2024-08-23,Accessories,83.35,3,0,1
ORD0006686,C001639,2025-08-30,Beauty,88.55,3,0,0
ORD0006687,C001639,2025-09-03,Accessories,550.44,3,0,0
ORD0006688,C001639,2025-07-06,Beauty,50.0,6,0,0
ORD0006689,C001639,2025-08-12,Accessories,153.26,3,0,0
ORD0006690,C001640,2024-10-15,Accessories,135.98,3,0,1
ORD0006691,C001640,2025-07-24,Beauty,673.85,3,0,1
ORD0006692,C001640,2025-04-14,RTW,50.0,4,0,1
ORD0006693,C001640,2025-06-26,Accessories,762.05,4,0,1
ORD0006694,C001640,2024-12-26,RTW,1103.17,4,1,1
ORD0006695,C001642,2025-09-26,Accessories,2724.31,4,1,1
ORD0006696,C001642,2024-08-17,Accessories,529.49,3,0,1
ORD0006697,C001642,2026-01-07,Beauty,237.83,5,0,1
ORD0006698,C001644,2025-08-26,Fragrance,166.38,6,0,0
ORD0006699,C001644,2024-10-29,Beauty,441.8,4,0,0
ORD0006700,C001646,2025-07-12,Beauty,176.66,2,0,0
ORD0006701,C001647,2025-01-24,Beauty,976.54,7,0,1
ORD0006702,C001647,2024-09-22,Beauty,331.28,2,0,0
ORD0006703,C001648,2026-01-07,Beauty,74.49,3,0,0
ORD0006704,C001648,2024-12-02,Beauty,90.26,3,0,0
ORD0006705,C001648,2025-01-21,Beauty,164.09,3,0,0
ORD0006706,C001648,2026-01-16,Beauty,300.51,2,0,0
ORD0006707,C001648,2025-05-23,Accessories,123.59,3,0,0
ORD0006708,C001648,2025-03-29,Beauty,508.45,2,0,0
ORD0006709,C001648,2025-06-26,Fragrance,296.42,2,0,0
ORD0006710,C001648,2024-11-05,Beauty,251.93,6,0,0
ORD0006711,C001649,2025-03-03,Beauty,232.91,3,0,0
ORD0006712,C001649,2025-12-31,RTW,50.0,4,0,0
ORD0006713,C001649,2025-02-11,Fragrance,50.0,4,0,0
ORD0006714,C001649,2025-07-19,RTW,311.81,4,0,0
ORD0006715,C001649,2025-03-26,Beauty,95.6,5,0,0
ORD0006716,C001650,2024-09-03,Fragrance,439.02,2,0,0
ORD0006717,C001650,2025-05-24,Beauty,98.38,6,0,0
ORD0006718,C001650,2024-12-14,Accessories,50.0,4,0,0
ORD0006719,C001650,2024-09-02,Beauty,677.01,4,1,0
ORD0006720,C001652,2025-03-05,Beauty,425.78,2,1,1
ORD0006721,C001652,2024-08-25,Beauty,411.68,5,0,0
ORD0006722,C001652,2024-12-27,Accessories,488.97,4,0,0
ORD0006723,C001652,2025-08-14,Accessories,418.78,3,0,1
ORD0006724,C001654,2025-06-07,RTW,213.86,4,0,0
ORD0006725,C001654,2025-02-27,Fragrance,611.7,3,0,1
ORD0006726,C001655,2025-10-18,Fragrance,84.79,4,0,0
ORD0006727,C001655,2025-06-04,RTW,165.57,3,0,1
ORD0006728,C001655,2024-08-15,Fragrance,50.0,3,0,0
ORD0006729,C001655,2025-03-19,Fragrance,477.96,4,0,0
ORD0006730,C001656,2024-11-19,RTW,334.7,2,1,1
ORD0006731,C001656,2025-12-01,Accessories,1049.68,4,0,1
ORD0006732,C001656,2024-11-05,Accessories,222.54,4,0,1
ORD0006733,C001656,2025-09-27,RTW,585.64,4,0,0
ORD0006734,C001656,2024-11-20,RTW,344.83,4,1,1
ORD0006735,C001657,2025-02-18,Beauty,311.9,5,1,0
ORD0006736,C001657,2024-12-12,Fragrance,137.75,3,0,0
ORD0006737,C001658,2024-12-08,RTW,306.04,4,0,0
ORD0006738,C001658,2025-11-20,RTW,264.52,2,0,0
ORD0006739,C001659,2025-12-16,Fragrance,440.16,3,1,0
ORD0006740,C001659,2025-09-27,RTW,276.04,3,0,0
ORD0006741,C001659,2025-06-24,Fragrance,305.83,1,0,0
ORD0006742,C001659,2024-12-01,Fragrance,358.63,1,0,0
ORD0006743,C001659,2026-01-29,Beauty,50.0,6,1,0
ORD0006744,C001659,2025-03-15,Beauty,311.86,3,0,1
ORD0006745,C001659,2026-01-04,Fragrance,191.29,4,0,0
ORD0006746,C001659,2024-09-24,Beauty,168.95,4,0,0
ORD0006747,C001660,2025-10-14,Fragrance,161.18,4,0,0
ORD0006748,C001660,2025-11-21,Beauty,439.11,3,0,0
ORD0006749,C001661,2025-02-02,Beauty,601.26,3,0,1
ORD0006750,C001661,2025-10-28,Beauty,302.26,3,0,0
ORD0006751,C001661,2025-01-01,Beauty,171.22,2,0,0
ORD0006752,C001661,2025-10-30,Beauty,568.72,3,0,0
ORD0006753,C001661,2025-10-04,RTW,165.43,4,0,1
ORD0006754,C001661,2025-01-13,Beauty,561.02,5,1,1
ORD0006755,C001661,2025-09-29,RTW,99.63,4,0,0
ORD0006756,C001662,2025-06-17,Accessories,358.13,4,0,0
ORD0006757,C001662,2024-11-08,Accessories,257.57,2,1,0
ORD0006758,C001662,2024-09-13,Beauty,86.36,4,1,1
ORD0006759,C001663,2026-01-19,Fragrance,1523.87,2,0,1
ORD0006760,C001663,2025-09-01,Accessories,182.89,3,0,1
ORD0006761,C001663,2025-08-17,Accessories,475.5,4,0,0
ORD0006762,C001663,2025-01-21,Accessories,156.45,4,1,0
ORD0006763,C001664,2025-10-19,RTW,130.26,4,0,0
ORD0006764,C001664,2025-06-19,Accessories,141.94,4,0,0
ORD0006765,C001664,2025-07-15,Beauty,217.7,2,0,0
ORD0006766,C001665,2025-09-14,Beauty,247.01,4,1,0
ORD0006767,C001666,2025-05-04,Fragrance,189.71,5,1,1
ORD0006768,C001666,2025-06-26,Fragrance,107.44,7,0,0
ORD0006769,C001666,2024-10-05,Fragrance,50.0,4,0,0
ORD0006770,C001666,2025-02-07,RTW,323.83,4,0,0
ORD0006771,C001666,2025-05-14,Accessories,353.94,3,0,1
ORD0006772,C001666,2025-10-14,Fragrance,132.96,4,1,0
ORD0006773,C001666,2025-07-29,RTW,382.2,4,0,0
ORD0006774,C001666,2025-09-18,Beauty,362.94,2,0,0
ORD0006775,C001666,2025-12-01,RTW,360.81,4,0,0
ORD0006776,C001667,2025-01-16,RTW,165.58,3,0,1
ORD0006777,C001668,2024-09-15,RTW,160.35,1,0,1
ORD0006778,C001668,2025-10-02,Fragrance,682.42,2,0,1
ORD0006779,C001668,2025-11-27,Accessories,148.12,4,0,0
ORD0006780,C001668,2025-09-18,Accessories,477.4,4,0,1
ORD0006781,C001668,2025-06-09,Accessories,792.92,4,0,1
ORD0006782,C001668,2025-06-18,Accessories,98.03,4,0,1
ORD0006783,C001668,2025-01-30,RTW,136.31,3,0,1
ORD0006784,C001669,2024-09-10,RTW,637.44,4,0,0
ORD0006785,C001669,2025-12-01,Beauty,317.22,6,0,1
ORD0006786,C001669,2025-10-05,Accessories,266.58,4,0,1
ORD0006787,C001669,2025-02-15,RTW,210.47,2,0,1
ORD0006788,C001672,2024-08-31,RTW,433.43,4,0,0
ORD0006789,C001672,2025-10-15,Beauty,235.9,3,0,0
ORD0006790,C001672,2024-12-30,Accessories,554.87,4,0,1
ORD0006791,C001672,2024-12-12,Fragrance,538.84,4,0,1
ORD0006792,C001673,2025-04-10,Fragrance,128.8,6,0,1
ORD0006793,C001673,2025-10-31,Beauty,411.0,1,1,0
ORD0006794,C001673,2025-06-22,Beauty,264.31,6,0,1
ORD0006795,C001673,2025-09-27,RTW,305.07,1,0,1
ORD0006796,C001673,2025-10-17,Beauty,53.14,6,0,0
ORD0006797,C001673,2026-01-17,Accessories,260.18,4,0,0
ORD0006798,C001673,2024-12-10,Fragrance,944.96,3,0,0
ORD0006799,C001673,2025-11-14,RTW,585.33,4,0,0
ORD0006800,C001673,2025-10-18,RTW,109.61,2,0,0
ORD0006801,C001674,2025-06-03,Beauty,1055.47,4,0,0
ORD0006802,C001674,2025-05-06,Beauty,413.28,5,0,0
ORD0006803,C001674,2025-12-31,RTW,507.1,3,0,1
ORD0006804,C001675,2025-02-24,RTW,82.46,2,0,0
ORD0006805,C001675,2025-12-26,Fragrance,129.43,3,0,1
ORD0006806,C001675,2024-10-20,Accessories,88.83,4,0,1
ORD0006807,C001675,2025-06-19,RTW,125.44,4,0,0
ORD0006808,C001675,2025-02-08,Beauty,324.57,6,0,1
ORD0006809,C001676,2025-05-11,Accessories,121.8,3,0,0
ORD0006810,C001676,2025-11-11,Fragrance,521.39,4,0,1
ORD0006811,C001677,2026-01-14,Beauty,111.3,3,0,0
ORD0006812,C001677,2024-11-03,Beauty,216.51,4,0,0
ORD0006813,C001677,2025-07-19,Fragrance,364.59,2,0,0
ORD0006814,C001677,2025-04-11,Beauty,145.46,4,0,0
ORD0006815,C001677,2025-11-04,Fragrance,658.02,3,0,0
ORD0006816,C001677,2025-07-15,Fragrance,600.97,4,1,0
ORD0006817,C001678,2025-04-13,Beauty,219.36,5,0,1
ORD0006818,C001678,2024-12-16,Fragrance,242.41,5,0,0
ORD0006819,C001678,2025-01-11,Beauty,450.13,3,0,1
ORD0006820,C001679,2026-01-16,RTW,511.41,3,0,1
ORD0006821,C001679,2024-12-30,Beauty,333.67,7,0,1
ORD0006822,C001679,2024-12-29,RTW,346.92,4,1,1
ORD0006823,C001679,2024-12-30,Fragrance,531.59,4,0,1
ORD0006824,C001679,2024-12-18,Beauty,110.05,5,0,1
ORD0006825,C001679,2025-03-21,RTW,174.45,4,0,1
ORD0006826,C001679,2024-12-17,Accessories,2203.85,2,0,1
ORD0006827,C001679,2024-12-04,Accessories,355.93,4,0,1
ORD0006828,C001680,2024-12-21,RTW,173.38,1,0,1
ORD0006829,C001680,2024-09-08,RTW,429.09,4,0,0
ORD0006830,C001680,2025-04-03,RTW,271.43,3,1,1
ORD0006831,C001680,2025-01-23,RTW,209.81,4,0,0
ORD0006832,C001680,2025-09-17,Beauty,103.28,4,0,0
ORD0006833,C001680,2025-09-01,Beauty,785.1,3,0,1
ORD0006834,C001680,2025-07-07,Accessories,273.8,4,0,1
ORD0006835,C001681,2024-12-27,Accessories,296.65,3,0,1
ORD0006836,C001681,2025-03-08,RTW,296.44,4,0,1
ORD0006837,C001681,2025-03-20,Accessories,572.75,3,0,0
ORD0006838,C001681,2024-10-24,Fragrance,85.26,3,0,1
ORD0006839,C001681,2025-12-04,Fragrance,116.99,4,0,1
ORD0006840,C001681,2025-01-27,Fragrance,509.8,2,0,0
ORD0006841,C001681,2025-02-26,RTW,391.5,2,0,1
ORD0006842,C001682,2025-10-01,Accessories,252.58,3,0,1
ORD0006843,C001682,2024-12-03,Accessories,181.76,4,1,0
ORD0006844,C001682,2025-06-09,Fragrance,1446.42,4,0,1
ORD0006845,C001682,2025-08-30,Accessories,266.35,4,0,0
ORD0006846,C001682,2025-09-26,Fragrance,313.43,5,1,1
ORD0006847,C001683,2025-09-02,Fragrance,215.91,3,0,1
ORD0006848,C001683,2025-05-11,Accessories,750.4,3,0,1
ORD0006849,C001684,2025-10-11,Beauty,142.97,5,0,0
ORD0006850,C001684,2025-11-15,Beauty,99.71,6,0,1
ORD0006851,C001686,2024-09-20,RTW,132.42,4,0,1
ORD0006852,C001686,2025-07-13,RTW,107.94,4,0,1
ORD0006853,C001686,2024-09-24,RTW,279.25,3,0,1
ORD0006854,C001686,2025-03-25,Fragrance,216.64,4,1,1
ORD0006855,C001686,2025-10-05,Fragrance,1036.65,2,0,1
ORD0006856,C001686,2025-06-11,Beauty,331.82,5,1,1
ORD0006857,C001687,2024-08-19,Fragrance,127.88,6,1,1
ORD0006858,C001687,2026-01-15,Accessories,349.7,4,0,1
ORD0006859,C001687,2025-01-03,Accessories,477.84,3,0,1
ORD0006860,C001687,2024-12-08,Fragrance,189.54,3,0,1
ORD0006861,C001687,2024-11-11,Accessories,137.93,1,0,1
ORD0006862,C001688,2025-01-25,Beauty,226.61,2,0,0
ORD0006863,C001688,2025-04-16,Fragrance,81.28,3,0,0
ORD0006864,C001688,2025-09-22,Fragrance,70.42,3,0,0
ORD0006865,C001688,2025-03-29,Beauty,222.23,6,0,0
ORD0006866,C001688,2025-09-05,Beauty,570.59,3,0,0
ORD0006867,C001689,2024-09-12,Accessories,233.05,4,0,1
ORD0006868,C001689,2025-03-18,RTW,91.08,2,0,1
ORD0006869,C001689,2025-03-07,Fragrance,50.0,3,0,1
ORD0006870,C001690,2024-10-10,RTW,500.5,3,0,0
ORD0006871,C001690,2025-07-23,Beauty,414.47,2,0,1
ORD0006872,C001690,2025-05-20,Beauty,553.16,5,0,1
ORD0006873,C001690,2024-08-09,RTW,54.07,4,0,0
ORD0006874,C001690,2025-08-21,Fragrance,233.02,2,1,1
ORD0006875,C001690,2024-12-20,Beauty,685.29,6,0,1
ORD0006876,C001690,2025-01-08,Fragrance,668.07,4,0,0
ORD0006877,C001691,2024-09-10,RTW,244.8,2,0,0
ORD0006878,C001691,2024-09-05,Accessories,598.36,4,0,0
ORD0006879,C001692,2025-09-20,RTW,589.26,4,1,0
ORD0006880,C001692,2025-07-02,RTW,300.97,4,1,0
ORD0006881,C001692,2025-06-24,Beauty,195.39,6,0,1
ORD0006882,C001692,2025-01-27,Fragrance,365.57,4,0,1
ORD0006883,C001692,2025-09-13,Beauty,355.71,2,0,1
ORD0006884,C001692,2025-12-26,RTW,336.7,4,0,1
ORD0006885,C001692,2025-11-07,Fragrance,2036.43,5,0,0
ORD0006886,C001693,2025-06-19,Beauty,1448.14,3,1,0
ORD0006887,C001693,2026-01-15,Beauty,736.16,5,0,1
ORD0006888,C001693,2025-04-12,Fragrance,263.57,4,0,0
ORD0006889,C001693,2025-01-04,Accessories,122.59,4,0,1
ORD0006890,C001694,2024-10-15,Accessories,53.87,4,0,0
ORD0006891,C001694,2025-06-26,Fragrance,160.13,2,1,0
ORD0006892,C001694,2024-09-27,Beauty,183.14,12,1,0
ORD0006893,C001694,2025-01-24,Fragrance,190.4,5,0,0
ORD0006894,C001694,2025-04-22,Beauty,329.45,6,0,0
ORD0006895,C001695,2025-08-15,Fragrance,673.72,4,0,1
ORD0006896,C001695,2024-10-09,RTW,186.51,4,1,1
ORD0006897,C001695,2025-12-15,Accessories,169.23,2,0,1
ORD0006898,C001695,2025-03-27,Accessories,579.51,4,0,1
ORD0006899,C001696,2024-09-09,Fragrance,314.65,5,0,0
ORD0006900,C001696,2025-01-31,Accessories,508.35,4,0,0
ORD0006901,C001696,2025-11-21,Beauty,724.77,4,0,0
ORD0006902,C001696,2025-10-28,Fragrance,82.01,3,0,0
ORD0006903,C001696,2024-12-13,Beauty,114.05,5,1,0
ORD0006904,C001696,2025-09-19,Beauty,705.71,3,1,0
ORD0006905,C001696,2025-08-26,RTW,1111.32,3,0,1
ORD0006906,C001698,2024-10-20,Accessories,896.48,2,0,0
ORD0006907,C001698,2024-08-21,Accessories,121.3,4,0,0
ORD0006908,C001698,2025-12-15,RTW,270.55,2,0,1
ORD0006909,C001698,2025-10-02,Accessories,537.19,3,0,1
ORD0006910,C001698,2025-03-07,Accessories,217.83,4,0,1
ORD0006911,C001698,2024-11-07,Fragrance,600.76,1,1,1
ORD0006912,C001698,2025-10-02,Accessories,385.81,3,0,1
ORD0006913,C001699,2024-08-11,Beauty,442.9,2,0,0
ORD0006914,C001699,2024-10-13,RTW,343.98,4,0,0
ORD0006915,C001699,2024-09-09,Beauty,160.78,2,0,0
ORD0006916,C001700,2025-06-18,Fragrance,147.13,2,0,1
ORD0006917,C001700,2025-02-03,Beauty,162.43,5,0,1
ORD0006918,C001700,2024-10-27,Beauty,153.18,3,0,1
ORD0006919,C001700,2025-08-18,RTW,164.14,4,0,1
ORD0006920,C001700,2025-08-25,Fragrance,463.3,2,0,0
ORD0006921,C001700,2025-09-22,Beauty,210.07,6,0,1
ORD0006922,C001701,2025-06-27,Accessories,135.64,2,0,1
ORD0006923,C001701,2025-08-15,Fragrance,182.11,3,0,1
ORD0006924,C001701,2024-11-06,RTW,544.94,4,0,1
ORD0006925,C001701,2025-06-24,RTW,381.77,4,0,1
ORD0006926,C001701,2026-01-19,Beauty,234.97,7,0,1
ORD0006927,C001702,2025-01-27,RTW,425.87,1,0,0
ORD0006928,C001702,2024-11-15,Accessories,563.9,4,0,1
ORD0006929,C001702,2025-12-24,RTW,173.74,4,0,1
ORD0006930,C001702,2024-12-20,Accessories,169.26,3,1,1
ORD0006931,C001702,2025-02-04,Accessories,199.09,2,0,1
ORD0006932,C001703,2025-07-07,Beauty,142.98,3,0,0
ORD0006933,C001703,2025-07-04,Beauty,172.92,2,0,0
ORD0006934,C001703,2025-04-22,Fragrance,145.57,3,0,0
ORD0006935,C001703,2025-10-29,Fragrance,215.67,5,1,0
ORD0006936,C001703,2025-03-20,Beauty,279.08,3,0,0
ORD0006937,C001703,2025-02-05,Beauty,189.64,1,1,0
ORD0006938,C001704,2025-07-29,RTW,50.0,4,1,0
ORD0006939,C001704,2025-06-04,Fragrance,969.83,3,0,0
ORD0006940,C001704,2024-10-02,Beauty,1556.25,3,0,1
ORD0006941,C001704,2025-06-14,RTW,248.01,3,0,0
ORD0006942,C001704,2025-10-25,Accessories,285.26,3,1,0
ORD0006943,C001704,2025-02-18,Beauty,192.03,3,0,0
ORD0006944,C001704,2025-01-14,RTW,359.09,4,0,0
ORD0006945,C001705,2025-11-16,Accessories,133.74,4,0,0
ORD0006946,C001705,2025-07-12,Fragrance,348.82,2,0,1
ORD0006947,C001705,2024-12-07,Beauty,72.11,3,0,0
ORD0006948,C001705,2025-02-20,Accessories,326.01,4,0,1
ORD0006949,C001705,2024-12-17,Beauty,484.8,5,0,0
ORD0006950,C001705,2024-09-30,Fragrance,645.41,3,0,0
ORD0006951,C001705,2025-01-26,Fragrance,489.17,3,0,1
ORD0006952,C001706,2025-07-01,Fragrance,446.16,4,0,0
ORD0006953,C001706,2024-09-20,Fragrance,171.28,9,0,0
ORD0006954,C001706,2025-02-10,Fragrance,137.48,4,0,0
ORD0006955,C001706,2026-01-06,Fragrance,349.38,6,0,0
ORD0006956,C001706,2025-04-01,Beauty,77.09,6,0,0
ORD0006957,C001706,2025-09-19,Beauty,54.54,5,0,0
ORD0006958,C001706,2026-01-17,Beauty,57.48,5,0,0
ORD0006959,C001707,2024-12-11,Fragrance,568.31,3,1,0
ORD0006960,C001707,2025-12-28,RTW,220.53,2,1,1
ORD0006961,C001707,2025-10-14,Accessories,235.12,4,0,1
ORD0006962,C001708,2026-01-30,Fragrance,317.48,2,0,1
ORD0006963,C001708,2025-07-11,RTW,320.56,3,0,1
ORD0006964,C001708,2025-08-23,RTW,304.89,4,0,1
ORD0006965,C001708,2026-01-17,Fragrance,150.83,3,1,0
ORD0006966,C001708,2024-08-11,Beauty,346.58,1,0,1
ORD0006967,C001708,2025-01-02,RTW,116.93,4,0,0
ORD0006968,C001709,2025-05-19,Accessories,105.78,4,0,1
ORD0006969,C001709,2026-01-12,Beauty,815.48,2,0,1
ORD0006970,C001710,2025-10-31,Accessories,688.35,4,0,0
ORD0006971,C001710,2025-06-15,Fragrance,424.6,6,0,0
ORD0006972,C001711,2025-01-05,Beauty,324.87,4,0,0
ORD0006973,C001711,2025-01-05,Beauty,261.87,4,0,0
ORD0006974,C001711,2024-10-25,Fragrance,121.74,3,0,1
ORD0006975,C001711,2024-12-23,RTW,66.4,4,1,0
ORD0006976,C001712,2025-07-16,Fragrance,499.6,2,0,0
ORD0006977,C001712,2025-06-15,Fragrance,224.84,3,0,1
ORD0006978,C001712,2024-08-27,Beauty,325.85,5,0,0
ORD0006979,C001713,2024-11-07,RTW,405.86,4,0,0
ORD0006980,C001713,2025-01-24,Fragrance,50.0,2,0,0
ORD0006981,C001713,2025-01-23,Beauty,312.16,3,0,0
ORD0006982,C001714,2025-07-14,Accessories,390.16,1,0,0
ORD0006983,C001714,2024-10-09,Fragrance,423.34,5,1,1
ORD0006984,C001714,2025-02-21,Fragrance,655.47,4,0,0
ORD0006985,C001714,2024-10-10,Accessories,116.14,4,0,1
ORD0006986,C001715,2025-07-27,Fragrance,889.35,5,0,0
ORD0006987,C001715,2026-01-26,RTW,174.85,2,0,0
ORD0006988,C001715,2024-08-28,Beauty,313.28,4,0,0
ORD0006989,C001715,2024-11-26,Fragrance,103.73,3,0,1
ORD0006990,C001715,2024-08-12,Beauty,147.1,1,0,0
ORD0006991,C001715,2025-07-09,Fragrance,760.37,3,0,0
ORD0006992,C001715,2024-09-27,Accessories,137.35,3,0,0
ORD0006993,C001715,2025-04-05,Accessories,1006.33,2,0,0
ORD0006994,C001715,2025-07-15,RTW,59.17,4,0,1
ORD0006995,C001716,2025-04-27,RTW,134.0,4,0,1
ORD0006996,C001716,2025-01-04,RTW,955.38,2,0,0
ORD0006997,C001717,2024-09-13,Accessories,53.82,2,0,0
ORD0006998,C001718,2025-02-05,RTW,790.96,2,0,1
ORD0006999,C001718,2025-05-05,Accessories,218.64,4,0,1
ORD0007000,C001718,2024-12-30,Fragrance,959.99,5,0,1
ORD0007001,C001718,2025-05-04,Beauty,115.38,3,0,1
ORD0007002,C001718,2025-02-07,RTW,209.12,3,0,1
ORD0007003,C001718,2025-05-31,Beauty,395.38,3,0,1
ORD0007004,C001718,2025-05-17,RTW,248.96,4,0,1
ORD0007005,C001718,2025-09-20,Accessories,64.02,4,0,1
ORD0007006,C001719,2025-05-28,Accessories,143.67,4,0,1
ORD0007007,C001719,2026-01-25,RTW,185.75,3,0,1
ORD0007008,C001719,2024-08-12,Accessories,180.44,4,0,1
ORD0007009,C001719,2025-06-12,Beauty,213.97,3,0,1
ORD0007010,C001719,2026-01-03,RTW,343.3,2,0,0
ORD0007011,C001719,2025-02-07,Accessories,391.16,4,0,0
ORD0007012,C001720,2025-12-28,Beauty,50.0,1,0,0
ORD0007013,C001720,2026-01-23,Beauty,1092.76,3,0,0
ORD0007014,C001720,2025-07-11,RTW,250.59,4,0,0
ORD0007015,C001720,2024-12-14,Fragrance,256.21,1,0,0
ORD0007016,C001720,2025-09-29,Beauty,87.68,3,0,0
ORD0007017,C001720,2025-03-26,RTW,236.71,4,0,0
ORD0007018,C001721,2025-04-22,Fragrance,1088.78,7,0,1
ORD0007019,C001722,2025-06-18,Accessories,269.19,4,0,1
ORD0007020,C001722,2025-04-24,Beauty,87.89,2,1,1
ORD0007021,C001722,2024-12-31,Beauty,221.87,4,0,0
ORD0007022,C001722,2025-05-12,RTW,929.24,4,0,1
ORD0007023,C001722,2025-12-15,Beauty,517.45,5,0,0
ORD0007024,C001722,2024-12-09,RTW,191.26,4,0,1
ORD0007025,C001724,2024-10-25,RTW,182.84,4,0,1
ORD0007026,C001724,2025-07-08,Beauty,286.79,2,0,0
ORD0007027,C001725,2024-10-09,Beauty,193.97,1,0,1
ORD0007028,C001725,2024-12-23,Accessories,274.9,3,0,0
ORD0007029,C001725,2025-05-22,RTW,676.22,4,0,0
ORD0007030,C001725,2025-09-13,RTW,156.11,1,0,1
ORD0007031,C001725,2024-10-02,Accessories,723.52,4,0,1
ORD0007032,C001725,2025-09-02,Beauty,227.77,3,0,0
ORD0007033,C001725,2025-04-15,Accessories,462.46,4,0,1
ORD0007034,C001726,2025-11-01,Beauty,845.23,6,1,1
ORD0007035,C001726,2024-11-10,Accessories,214.02,4,1,1
ORD0007036,C001726,2025-10-10,Fragrance,435.55,3,0,1
ORD0007037,C001726,2025-10-05,RTW,311.78,4,0,0
ORD0007038,C001726,2025-05-07,Accessories,76.65,4,0,1
ORD0007039,C001726,2024-10-07,RTW,1429.69,4,0,1
ORD0007040,C001727,2025-06-03,Beauty,236.94,5,0,1
ORD0007041,C001727,2025-11-02,RTW,206.62,4,0,0
ORD0007042,C001727,2025-03-07,Beauty,246.19,2,0,0
ORD0007043,C001727,2025-04-29,Beauty,50.0,4,0,0
ORD0007044,C001727,2025-06-29,Beauty,111.43,5,0,1
ORD0007045,C001727,2025-02-12,RTW,235.79,4,0,0
ORD0007046,C001729,2025-07-27,Fragrance,244.92,5,0,1
ORD0007047,C001729,2024-10-09,Accessories,157.98,4,1,1
ORD0007048,C001729,2024-08-08,Accessories,264.62,4,0,1
ORD0007049,C001729,2024-10-06,Beauty,247.1,5,1,1
ORD0007050,C001729,2025-09-30,Fragrance,743.01,4,0,1
ORD0007051,C001731,2025-05-31,Accessories,632.23,1,0,1
ORD0007052,C001731,2025-10-25,Accessories,274.77,3,0,0
ORD0007053,C001731,2025-09-22,Fragrance,390.99,2,0,0
ORD0007054,C001731,2025-01-23,Beauty,1511.47,6,0,0
ORD0007055,C001731,2025-04-01,Beauty,1151.51,2,0,1
ORD0007056,C001732,2025-07-02,Fragrance,259.36,3,0,0
ORD0007057,C001732,2024-12-05,Accessories,168.7,4,0,0
ORD0007058,C001732,2025-02-22,Accessories,209.75,2,0,0
ORD0007059,C001733,2026-01-19,Accessories,294.73,4,0,1
ORD0007060,C001734,2025-12-16,Fragrance,139.69,3,0,0
ORD0007061,C001734,2025-01-23,Beauty,343.24,3,1,1
ORD0007062,C001734,2024-11-19,Fragrance,162.01,4,0,0
ORD0007063,C001735,2024-10-22,Accessories,341.81,4,0,0
ORD0007064,C001735,2025-03-28,Fragrance,114.56,9,0,0
ORD0007065,C001736,2024-08-24,Fragrance,207.4,4,0,0
ORD0007066,C001736,2025-06-11,Accessories,401.84,4,0,0
ORD0007067,C001736,2025-02-05,Beauty,191.91,4,0,0
ORD0007068,C001736,2025-02-28,Beauty,390.17,5,0,0
ORD0007069,C001736,2026-01-23,Beauty,346.31,4,0,0
ORD0007070,C001737,2025-09-20,Fragrance,134.5,3,0,0
ORD0007071,C001737,2026-01-20,Beauty,101.57,4,0,0
ORD0007072,C001737,2024-08-30,RTW,307.84,4,0,0
ORD0007073,C001737,2024-12-27,Fragrance,558.52,6,0,0
ORD0007074,C001737,2025-11-07,Beauty,123.68,1,0,0
ORD0007075,C001737,2025-03-03,Fragrance,132.54,7,0,0
ORD0007076,C001737,2025-05-02,Beauty,51.58,5,0,0
ORD0007077,C001738,2025-12-19,Accessories,239.27,3,0,1
ORD0007078,C001738,2025-03-13,RTW,456.07,3,0,1
ORD0007079,C001738,2026-01-06,Fragrance,367.24,5,0,1
ORD0007080,C001738,2025-12-27,RTW,470.89,4,0,0
ORD0007081,C001738,2024-11-10,Beauty,75.77,4,1,1
ORD0007082,C001739,2025-02-14,RTW,279.35,3,0,0
ORD0007083,C001739,2025-12-06,Accessories,100.77,4,0,0
ORD0007084,C001739,2025-07-03,Accessories,80.66,4,0,0
ORD0007085,C001739,2025-09-19,Beauty,376.83,2,0,0
ORD0007086,C001739,2024-12-15,Fragrance,152.2,3,0,0
ORD0007087,C001739,2025-08-14,Fragrance,130.29,7,0,0
ORD0007088,C001739,2024-12-17,Fragrance,206.0,2,0,0
ORD0007089,C001739,2025-05-25,RTW,240.78,4,1,0
ORD0007090,C001739,2025-10-02,Beauty,79.22,5,0,0
ORD0007091,C001739,2025-11-30,Beauty,279.78,1,0,0
ORD0007092,C001740,2025-07-01,RTW,301.87,4,0,1
ORD0007093,C001740,2025-09-03,Accessories,162.54,2,0,1
ORD0007094,C001740,2025-01-30,Accessories,156.1,4,0,1
ORD0007095,C001740,2025-03-02,Beauty,99.3,1,1,1
ORD0007096,C001740,2025-07-09,Beauty,437.18,3,1,0
ORD0007097,C001740,2025-09-09,Accessories,230.9,4,0,1
ORD0007098,C001741,2025-01-02,Fragrance,134.09,6,0,0
ORD0007099,C001741,2025-12-05,Fragrance,439.38,4,0,0
ORD0007100,C001741,2025-12-28,Beauty,509.81,5,0,0
ORD0007101,C001741,2025-12-04,Fragrance,818.52,5,0,0
ORD0007102,C001741,2025-04-11,Fragrance,98.08,5,0,0
ORD0007103,C001741,2024-08-20,Beauty,389.53,2,0,0
ORD0007104,C001741,2024-09-20,Accessories,186.34,4,0,0
ORD0007105,C001741,2024-08-10,Fragrance,186.6,1,0,0
ORD0007106,C001741,2025-02-27,Beauty,382.49,5,0,0
ORD0007107,C001741,2024-08-10,Fragrance,159.13,3,0,0
ORD0007108,C001742,2025-11-05,Accessories,129.01,3,0,1
ORD0007109,C001742,2025-07-22,RTW,618.6,4,0,0
ORD0007110,C001743,2024-11-09,Beauty,216.13,3,0,0
ORD0007111,C001743,2025-02-01,Beauty,692.9,4,0,0
ORD0007112,C001743,2025-02-13,Beauty,101.87,4,0,0
ORD0007113,C001743,2024-10-09,Fragrance,71.47,4,0,0
ORD0007114,C001743,2024-08-10,Beauty,99.07,7,0,1
ORD0007115,C001743,2025-02-18,RTW,683.18,3,0,0
ORD0007116,C001744,2024-08-23,Fragrance,306.73,3,0,1
ORD0007117,C001744,2025-02-28,Beauty,427.26,4,0,1
ORD0007118,C001744,2024-09-04,RTW,314.17,3,0,1
ORD0007119,C001744,2025-02-18,Accessories,377.54,4,1,1
ORD0007120,C001745,2025-04-04,Beauty,102.73,2,0,0
ORD0007121,C001745,2025-10-05,Beauty,70.11,3,0,0
ORD0007122,C001745,2025-12-30,Beauty,331.82,4,0,0
ORD0007123,C001745,2025-05-14,Beauty,237.0,9,0,0
ORD0007124,C001745,2025-12-19,Fragrance,135.95,2,0,0
ORD0007125,C001745,2024-11-02,Beauty,243.21,4,0,0
ORD0007126,C001745,2025-01-26,Accessories,57.9,3,0,0
ORD0007127,C001746,2025-06-29,Fragrance,331.76,5,0,1
ORD0007128,C001746,2024-08-25,Fragrance,368.27,4,1,1
ORD0007129,C001746,2025-09-15,Fragrance,208.84,5,0,1
ORD0007130,C001746,2025-02-27,Accessories,338.9,4,0,0
ORD0007131,C001746,2024-10-25,Accessories,163.3,4,0,0
ORD0007132,C001746,2025-04-27,Beauty,50.0,1,0,0
ORD0007133,C001747,2025-01-17,Fragrance,104.08,6,0,1
ORD0007134,C001747,2025-09-23,RTW,612.87,4,0,1
ORD0007135,C001747,2025-04-10,Beauty,171.09,6,0,1
ORD0007136,C001747,2025-05-21,Fragrance,411.68,5,0,1
ORD0007137,C001747,2025-12-22,Accessories,52.21,4,1,1
ORD0007138,C001747,2025-04-14,Accessories,50.0,2,0,0
ORD0007139,C001747,2025-04-14,Fragrance,637.46,4,0,1
ORD0007140,C001747,2024-11-30,RTW,555.66,4,0,1
ORD0007141,C001747,2025-10-14,Fragrance,420.46,4,0,1
ORD0007142,C001747,2025-02-15,RTW,221.72,3,0,1
ORD0007143,C001747,2024-09-17,RTW,853.7,4,1,1
ORD0007144,C001747,2025-06-18,Accessories,445.44,1,0,1
ORD0007145,C001748,2025-08-11,Accessories,225.52,4,0,1
ORD0007146,C001748,2025-05-06,Fragrance,284.4,5,0,1
ORD0007147,C001748,2025-01-11,Accessories,448.27,3,0,1
ORD0007148,C001748,2025-08-27,RTW,536.13,4,0,1
ORD0007149,C001748,2024-12-20,Fragrance,391.29,5,0,1
ORD0007150,C001749,2025-04-16,RTW,243.09,4,0,0
ORD0007151,C001749,2025-07-08,Accessories,212.94,4,0,0
ORD0007152,C001749,2025-12-11,Beauty,144.67,4,1,1
ORD0007153,C001749,2025-01-22,Accessories,889.55,3,0,1
ORD0007154,C001750,2025-04-09,Fragrance,133.08,3,0,0
ORD0007155,C001750,2025-02-20,Accessories,54.87,4,0,1
ORD0007156,C001750,2024-11-11,Fragrance,207.92,4,0,0
ORD0007157,C001751,2024-11-22,Accessories,58.08,2,0,0
ORD0007158,C001751,2025-06-25,Fragrance,275.45,4,0,0
ORD0007159,C001751,2024-09-22,RTW,265.97,4,0,0
ORD0007160,C001751,2024-12-02,Accessories,95.6,3,0,1
ORD0007161,C001752,2025-01-31,Accessories,266.97,4,0,0
ORD0007162,C001752,2025-10-29,Accessories,315.93,1,1,0
ORD0007163,C001752,2025-12-09,Fragrance,261.53,3,0,1
ORD0007164,C001752,2025-11-01,Beauty,416.3,1,0,0
ORD0007165,C001752,2024-10-05,Beauty,157.23,4,0,0
ORD0007166,C001753,2025-10-27,RTW,915.77,4,0,0
ORD0007167,C001753,2025-06-07,Beauty,265.25,2,0,0
ORD0007168,C001753,2025-12-14,Fragrance,73.97,4,0,0
ORD0007169,C001753,2025-05-27,Accessories,226.89,4,0,0
ORD0007170,C001754,2024-11-26,Beauty,373.78,3,1,0
ORD0007171,C001754,2024-08-18,Beauty,56.21,4,0,0
ORD0007172,C001754,2026-01-05,Fragrance,1220.97,5,0,1
ORD0007173,C001754,2025-01-15,Beauty,75.8,8,0,0
ORD0007174,C001754,2025-11-11,Beauty,183.44,3,1,0
ORD0007175,C001754,2025-07-05,Beauty,92.58,4,0,0
ORD0007176,C001755,2025-04-14,Beauty,224.24,6,1,0
ORD0007177,C001755,2025-07-20,Beauty,233.33,4,0,0
ORD0007178,C001755,2025-06-22,Beauty,107.82,1,0,1
ORD0007179,C001755,2024-09-06,Fragrance,388.85,5,0,1
ORD0007180,C001755,2026-01-28,Fragrance,202.82,5,0,0
ORD0007181,C001755,2024-10-29,Accessories,325.78,3,0,0
ORD0007182,C001755,2025-11-27,RTW,822.59,2,0,0
ORD0007183,C001755,2024-08-08,Beauty,86.13,4,0,0
ORD0007184,C001756,2024-10-27,Accessories,332.55,3,0,0
ORD0007185,C001756,2024-12-04,Accessories,114.6,4,0,1
ORD0007186,C001758,2025-05-21,Beauty,173.45,3,0,1
ORD0007187,C001758,2025-09-14,Fragrance,449.95,6,0,1
ORD0007188,C001758,2025-03-30,Beauty,189.26,5,0,1
ORD0007189,C001758,2025-04-04,RTW,606.01,4,0,1
ORD0007190,C001758,2024-11-11,RTW,506.32,4,0,1
ORD0007191,C001759,2024-12-04,Accessories,50.0,3,0,0
ORD0007192,C001759,2025-05-12,Fragrance,170.49,3,0,0
ORD0007193,C001759,2025-08-13,Beauty,157.5,3,0,0
ORD0007194,C001759,2024-11-12,Beauty,363.21,6,0,0
ORD0007195,C001759,2025-03-01,Fragrance,407.35,3,0,0
ORD0007196,C001760,2024-10-02,RTW,647.92,4,0,0
ORD0007197,C001760,2025-04-26,Fragrance,177.18,1,0,1
ORD0007198,C001760,2024-12-29,Accessories,558.42,4,0,1
ORD0007199,C001760,2025-03-23,Accessories,99.89,4,0,1
ORD0007200,C001760,2025-06-22,RTW,188.52,3,0,1
ORD0007201,C001760,2025-02-22,Accessories,197.32,4,0,1
ORD0007202,C001760,2025-02-26,Beauty,428.82,4,0,1
ORD0007203,C001760,2025-09-05,Beauty,1034.21,8,0,1
ORD0007204,C001760,2025-08-27,RTW,157.43,4,0,1
ORD0007205,C001760,2026-01-19,Fragrance,281.74,3,0,0
ORD0007206,C001760,2025-01-11,RTW,95.84,4,0,0
ORD0007207,C001761,2024-12-29,Accessories,580.52,3,0,1
ORD0007208,C001761,2024-08-17,RTW,412.5,2,1,0
ORD0007209,C001761,2025-07-28,Accessories,316.1,2,0,1
ORD0007210,C001761,2025-09-03,Accessories,446.14,4,0,1
ORD0007211,C001762,2025-09-13,RTW,263.07,4,0,0
ORD0007212,C001763,2025-09-12,Beauty,132.18,3,0,1
ORD0007213,C001763,2024-10-09,Beauty,180.55,3,0,0
ORD0007214,C001763,2025-04-29,Beauty,132.37,3,1,0
ORD0007215,C001763,2025-11-26,Beauty,119.24,9,0,0
ORD0007216,C001764,2025-03-28,RTW,260.61,3,0,0
ORD0007217,C001764,2025-03-02,Fragrance,119.38,3,0,1
ORD0007218,C001764,2025-05-04,RTW,527.19,3,0,1
ORD0007219,C001765,2025-01-01,Beauty,200.87,6,0,0
ORD0007220,C001765,2025-03-03,Accessories,94.38,4,0,1
ORD0007221,C001765,2024-12-18,RTW,119.82,3,0,1
ORD0007222,C001765,2025-01-15,RTW,234.98,4,0,1
ORD0007223,C001765,2025-01-01,Accessories,327.52,4,0,1
ORD0007224,C001765,2025-02-03,Accessories,324.58,4,0,1
ORD0007225,C001766,2025-09-18,Fragrance,359.63,4,0,0
ORD0007226,C001766,2024-09-27,RTW,219.82,2,0,0
ORD0007227,C001766,2025-05-14,RTW,642.22,4,0,0
ORD0007228,C001766,2024-12-02,Beauty,59.03,5,0,0
ORD0007229,C001766,2025-12-24,RTW,154.31,2,0,0
ORD0007230,C001767,2024-11-12,RTW,117.25,3,0,0
ORD0007231,C001767,2025-05-16,Accessories,310.7,3,0,1
ORD0007232,C001767,2025-08-29,Fragrance,646.91,2,1,1
ORD0007233,C001767,2024-11-15,RTW,2024.85,3,0,1
ORD0007234,C001767,2025-10-20,Accessories,277.27,4,0,1
ORD0007235,C001767,2025-05-20,Fragrance,258.18,2,0,1
ORD0007236,C001767,2025-10-28,Beauty,256.83,3,0,1
ORD0007237,C001768,2026-01-08,RTW,1271.45,4,0,1
ORD0007238,C001768,2025-10-19,Fragrance,665.3,6,0,1
ORD0007239,C001769,2025-03-09,RTW,268.24,4,1,1
ORD0007240,C001769,2025-05-06,RTW,537.49,2,0,0
ORD0007241,C001769,2025-07-24,Accessories,263.27,4,0,1
ORD0007242,C001769,2024-09-30,Beauty,1143.48,3,0,1
ORD0007243,C001769,2025-07-05,RTW,317.14,3,0,1
ORD0007244,C001769,2025-12-13,Fragrance,255.03,2,0,1
ORD0007245,C001769,2025-07-05,Accessories,547.17,4,0,1
ORD0007246,C001770,2025-12-20,Accessories,355.95,3,0,0
ORD0007247,C001770,2024-08-31,Accessories,442.63,4,0,1
ORD0007248,C001770,2024-09-15,Beauty,168.11,4,1,1
ORD0007249,C001770,2025-09-23,Accessories,1279.26,2,0,0
ORD0007250,C001770,2025-02-07,Beauty,173.82,4,0,0
ORD0007251,C001771,2025-04-03,RTW,618.5,4,0,0
ORD0007252,C001771,2025-01-25,RTW,128.69,4,0,1
ORD0007253,C001771,2025-09-17,Fragrance,218.13,4,0,0
ORD0007254,C001771,2025-02-05,Beauty,187.03,5,0,0
ORD0007255,C001771,2025-10-07,Beauty,404.27,3,0,0
ORD0007256,C001772,2024-09-02,Accessories,557.02,3,0,1
ORD0007257,C001772,2026-01-24,Accessories,489.68,2,0,1
ORD0007258,C001772,2025-01-20,RTW,189.07,3,0,1
ORD0007259,C001772,2025-11-13,Beauty,971.6,4,1,1
ORD0007260,C001772,2025-09-09,Fragrance,994.76,4,1,1
ORD0007261,C001772,2024-10-21,Fragrance,139.19,5,0,1
ORD0007262,C001772,2025-07-09,Beauty,142.83,3,0,1
ORD0007263,C001773,2024-10-30,Accessories,335.65,3,0,0
ORD0007264,C001774,2025-12-17,Accessories,406.77,1,0,0
ORD0007265,C001774,2025-09-23,Fragrance,275.9,3,0,0
ORD0007266,C001775,2025-11-02,Beauty,222.28,4,0,0
ORD0007267,C001776,2025-02-05,Accessories,909.09,4,0,1
ORD0007268,C001776,2025-06-18,RTW,272.92,4,0,1
ORD0007269,C001776,2024-12-03,Accessories,118.88,4,0,1
ORD0007270,C001776,2026-01-08,Accessories,781.69,4,0,1
ORD0007271,C001776,2024-10-23,Fragrance,1200.6,4,0,1
ORD0007272,C001777,2024-11-25,Fragrance,50.0,8,0,0
ORD0007273,C001777,2025-12-06,Fragrance,260.42,4,0,0
ORD0007274,C001777,2024-10-03,Beauty,225.69,4,0,0
ORD0007275,C001777,2025-03-15,Accessories,475.42,4,1,1
ORD0007276,C001777,2025-01-31,Beauty,379.19,10,0,0
ORD0007277,C001777,2024-11-09,Fragrance,216.21,4,0,1
ORD0007278,C001777,2026-01-28,Fragrance,90.36,4,0,0
ORD0007279,C001777,2025-11-19,RTW,172.41,4,0,0
ORD0007280,C001778,2024-08-13,Beauty,249.9,4,1,0
ORD0007281,C001778,2025-07-07,Beauty,77.84,10,0,0
ORD0007282,C001778,2025-01-22,Fragrance,50.0,4,0,0
ORD0007283,C001779,2025-06-09,RTW,238.25,2,0,0
ORD0007284,C001779,2026-01-13,Beauty,619.07,2,0,1
ORD0007285,C001779,2025-04-17,RTW,367.87,4,0,0
ORD0007286,C001779,2025-11-08,Beauty,706.42,1,0,1
ORD0007287,C001779,2024-10-03,Fragrance,151.28,3,0,0
ORD0007288,C001781,2025-04-02,Accessories,248.78,4,0,0
ORD0007289,C001781,2024-08-08,Beauty,570.81,4,0,1
ORD0007290,C001782,2025-08-03,Accessories,162.43,4,0,1
ORD0007291,C001782,2025-02-22,RTW,396.92,1,0,0
ORD0007292,C001782,2025-10-09,RTW,296.17,4,0,1
ORD0007293,C001782,2025-12-26,Fragrance,423.63,5,0,0
ORD0007294,C001782,2025-11-25,Beauty,327.09,3,0,1
ORD0007295,C001782,2024-09-01,Accessories,111.02,4,1,1
ORD0007296,C001782,2025-12-10,Fragrance,101.62,2,0,1
ORD0007297,C001783,2024-12-26,Fragrance,413.22,2,0,1
ORD0007298,C001783,2025-06-15,Fragrance,193.63,4,0,1
ORD0007299,C001783,2025-06-01,RTW,253.67,2,1,1
ORD0007300,C001783,2025-01-18,Fragrance,68.57,2,0,1
ORD0007301,C001784,2025-12-07,RTW,67.21,2,1,0
ORD0007302,C001785,2025-04-17,Fragrance,284.22,6,1,0
ORD0007303,C001785,2025-05-06,RTW,55.87,4,0,0
ORD0007304,C001786,2025-12-28,Fragrance,957.15,2,0,1
ORD0007305,C001786,2024-10-14,RTW,345.91,2,1,0
ORD0007306,C001786,2025-04-29,Beauty,636.8,2,0,1
ORD0007307,C001786,2025-07-26,Beauty,575.49,6,0,0
ORD0007308,C001786,2025-08-10,Fragrance,119.95,2,0,0
ORD0007309,C001786,2025-06-15,Fragrance,749.59,4,0,0
ORD0007310,C001786,2024-10-06,Accessories,147.79,3,1,0
ORD0007311,C001787,2025-01-12,Beauty,53.09,2,0,0
ORD0007312,C001787,2025-01-08,Beauty,95.04,4,0,0
ORD0007313,C001787,2025-02-01,Beauty,704.01,6,0,0
ORD0007314,C001787,2025-06-02,Beauty,161.42,3,0,0
ORD0007315,C001787,2025-05-31,Beauty,187.12,4,1,0
ORD0007316,C001788,2025-12-03,Accessories,1157.68,4,0,0
ORD0007317,C001788,2025-11-06,Fragrance,531.62,5,0,0
ORD0007318,C001788,2025-07-21,RTW,276.39,2,0,0
ORD0007319,C001788,2024-09-18,RTW,546.47,4,0,0
ORD0007320,C001788,2025-01-11,Accessories,439.68,3,0,0
ORD0007321,C001789,2024-08-17,Beauty,406.49,3,0,0
ORD0007322,C001789,2025-03-29,RTW,195.09,4,1,1
ORD0007323,C001790,2025-04-02,Accessories,332.13,1,0,0
ORD0007324,C001792,2025-08-31,Accessories,319.62,3,0,0
ORD0007325,C001792,2025-07-07,Accessories,67.14,3,0,0
ORD0007326,C001792,2026-01-09,Fragrance,173.09,4,0,0
ORD0007327,C001792,2025-01-04,RTW,50.0,4,0,1
ORD0007328,C001792,2025-05-08,Beauty,67.77,10,0,0
ORD0007329,C001792,2024-10-07,Beauty,259.77,3,0,0
ORD0007330,C001792,2024-11-21,Beauty,245.04,4,0,0
ORD0007331,C001794,2025-07-28,Beauty,466.56,1,0,1
ORD0007332,C001794,2025-08-20,Fragrance,365.36,4,0,1
ORD0007333,C001794,2025-01-03,Beauty,161.73,3,0,1
ORD0007334,C001794,2025-11-25,Beauty,64.43,3,0,1
ORD0007335,C001794,2026-01-10,RTW,533.04,4,0,1
ORD0007336,C001794,2025-06-19,Beauty,175.95,4,0,1
ORD0007337,C001795,2025-11-22,RTW,182.84,1,0,1
ORD0007338,C001795,2026-01-27,RTW,239.25,3,0,1
ORD0007339,C001797,2024-10-09,RTW,568.34,2,1,0
ORD0007340,C001797,2025-09-13,Accessories,75.08,3,0,1
ORD0007341,C001797,2025-08-11,RTW,442.99,4,0,1
ORD0007342,C001798,2024-08-12,Fragrance,231.23,4,0,0
ORD0007343,C001798,2024-09-10,RTW,817.63,4,0,1
ORD0007344,C001798,2024-10-12,Accessories,261.17,3,0,1
ORD0007345,C001798,2025-09-20,Beauty,417.04,4,0,1
ORD0007346,C001799,2025-02-21,Beauty,76.39,4,0,0
ORD0007347,C001799,2024-12-16,Beauty,68.21,2,0,1
ORD0007348,C001799,2024-09-15,RTW,358.59,3,0,0
ORD0007349,C001799,2025-01-25,Fragrance,125.62,3,0,0
ORD0007350,C001799,2025-10-08,Beauty,486.97,2,0,0
ORD0007351,C001800,2025-08-31,RTW,590.38,2,1,0
ORD0007352,C001800,2025-09-29,Beauty,73.64,4,0,0
ORD0007353,C001800,2025-05-30,Fragrance,702.71,4,0,0
ORD0007354,C001801,2024-10-17,RTW,865.42,4,0,1
ORD0007355,C001801,2025-08-05,Accessories,139.15,4,0,1
ORD0007356,C001802,2025-01-30,Beauty,153.74,2,1,0
ORD0007357,C001802,2025-05-03,RTW,67.68,3,0,0
ORD0007358,C001802,2024-11-30,Fragrance,109.97,2,0,0
ORD0007359,C001802,2025-09-29,Beauty,50.0,2,0,0
ORD0007360,C001802,2024-09-16,Beauty,239.68,3,0,0
ORD0007361,C001802,2024-10-27,Fragrance,68.5,4,0,0
ORD0007362,C001802,2024-10-26,Beauty,756.58,3,0,0
ORD0007363,C001803,2025-02-23,Beauty,771.18,3,0,1
ORD0007364,C001803,2025-06-04,Beauty,309.83,4,0,0
ORD0007365,C001803,2024-10-07,Fragrance,236.16,3,0,1
ORD0007366,C001803,2025-09-04,Fragrance,218.75,3,0,0
ORD0007367,C001804,2025-07-10,Fragrance,192.82,5,1,0
ORD0007368,C001804,2025-05-15,Beauty,521.68,4,0,0
ORD0007369,C001804,2025-08-31,Beauty,430.67,3,0,0
ORD0007370,C001804,2025-10-31,Beauty,113.84,1,0,0
ORD0007371,C001804,2025-07-21,Beauty,50.0,5,0,0
ORD0007372,C001805,2025-12-23,Beauty,203.47,4,0,1
ORD0007373,C001805,2024-09-28,Beauty,53.21,4,0,1
ORD0007374,C001805,2024-12-24,RTW,85.39,4,0,0
ORD0007375,C001806,2024-09-29,Fragrance,50.0,6,0,0
ORD0007376,C001807,2025-02-25,Beauty,270.94,4,0,0
ORD0007377,C001807,2025-12-07,Beauty,93.94,7,0,0
ORD0007378,C001807,2024-09-15,Beauty,116.31,3,0,0
ORD0007379,C001807,2025-10-06,Beauty,58.52,2,0,0
ORD0007380,C001807,2025-07-13,Beauty,76.19,4,0,0
ORD0007381,C001807,2024-10-25,RTW,89.36,4,0,0
ORD0007382,C001807,2025-09-22,Beauty,78.24,4,0,0
ORD0007383,C001807,2024-11-05,Beauty,553.05,5,0,0
ORD0007384,C001807,2025-02-21,Beauty,97.24,5,0,1
ORD0007385,C001807,2025-05-25,Beauty,166.3,4,0,0
ORD0007386,C001807,2024-11-07,RTW,57.23,4,0,0
ORD0007387,C001808,2025-12-05,Accessories,762.84,1,0,0
ORD0007388,C001808,2024-09-11,Fragrance,167.04,2,0,1
ORD0007389,C001808,2025-11-11,Fragrance,58.87,3,0,1
ORD0007390,C001808,2025-09-24,Fragrance,373.16,6,0,1
ORD0007391,C001808,2025-03-10,Accessories,277.1,3,0,1
ORD0007392,C001808,2025-11-13,Accessories,565.5,4,1,1
ORD0007393,C001808,2025-02-04,Accessories,177.64,4,1,1
ORD0007394,C001808,2024-10-17,RTW,458.69,3,0,1
ORD0007395,C001809,2024-08-21,Accessories,155.53,2,1,1
ORD0007396,C001809,2025-01-06,Beauty,563.74,7,0,0
ORD0007397,C001809,2024-10-26,Beauty,391.07,2,0,0
ORD0007398,C001810,2025-07-24,Beauty,969.79,5,0,1
ORD0007399,C001810,2025-07-10,Beauty,199.44,5,0,1
ORD0007400,C001811,2025-01-09,Accessories,163.08,4,0,0
ORD0007401,C001811,2026-01-26,Beauty,440.09,3,0,0
ORD0007402,C001811,2025-03-04,Beauty,237.17,7,1,0
ORD0007403,C001811,2025-04-27,Accessories,242.84,2,0,0
ORD0007404,C001812,2025-04-26,RTW,187.15,2,0,1
ORD0007405,C001812,2025-11-22,RTW,256.83,3,1,1
ORD0007406,C001812,2024-09-19,Accessories,1515.95,4,0,1
ORD0007407,C001813,2025-05-09,Accessories,909.15,4,0,1
ORD0007408,C001813,2025-08-30,RTW,642.56,3,1,0
ORD0007409,C001813,2025-10-13,Accessories,301.54,4,0,1
ORD0007410,C001813,2024-08-31,Accessories,318.2,4,0,1
ORD0007411,C001813,2024-12-01,Fragrance,619.59,1,0,0
ORD0007412,C001814,2025-10-06,Fragrance,113.85,2,0,0
ORD0007413,C001814,2025-05-24,Beauty,158.36,6,0,0
ORD0007414,C001814,2025-03-08,RTW,68.57,4,0,0
ORD0007415,C001814,2024-09-03,Beauty,124.97,7,0,1
ORD0007416,C001814,2025-10-31,Fragrance,68.17,2,0,0
ORD0007417,C001814,2025-07-21,Fragrance,77.5,2,0,0
ORD0007418,C001814,2025-12-07,Accessories,244.4,4,0,0
ORD0007419,C001814,2024-12-05,Accessories,106.26,4,0,0
ORD0007420,C001816,2025-08-18,Fragrance,188.59,5,0,0
ORD0007421,C001816,2025-02-22,Beauty,523.48,4,0,0
ORD0007422,C001816,2025-08-17,Fragrance,146.78,5,1,0
ORD0007423,C001816,2025-09-26,Accessories,188.09,4,0,0
ORD0007424,C001816,2025-05-19,Accessories,199.6,4,0,0
ORD0007425,C001816,2025-08-10,Beauty,441.18,6,0,0
ORD0007426,C001816,2025-04-14,Beauty,175.84,2,1,0
ORD0007427,C001817,2025-11-06,Beauty,239.13,6,0,1
ORD0007428,C001817,2025-04-03,Fragrance,121.85,4,0,1
ORD0007429,C001817,2025-11-28,Fragrance,1393.91,2,0,0
ORD0007430,C001817,2025-02-16,RTW,66.59,4,0,1
ORD0007431,C001819,2025-12-11,RTW,317.99,3,0,1
ORD0007432,C001819,2025-12-10,Beauty,136.67,1,0,1
ORD0007433,C001819,2024-08-10,Beauty,331.18,2,0,1
ORD0007434,C001819,2024-11-04,Accessories,316.03,4,0,0
ORD0007435,C001819,2025-10-12,Accessories,577.59,3,0,1
ORD0007436,C001819,2025-11-15,RTW,202.71,2,0,0
ORD0007437,C001819,2025-11-04,RTW,114.04,4,0,1
ORD0007438,C001820,2025-08-09,Beauty,208.2,5,0,0
ORD0007439,C001820,2024-09-18,Fragrance,145.73,5,0,1
ORD0007440,C001820,2024-08-22,RTW,115.78,4,1,0
ORD0007441,C001820,2024-11-10,Accessories,754.61,3,0,0
ORD0007442,C001820,2025-02-21,Beauty,150.48,2,0,1
ORD0007443,C001820,2025-07-13,Fragrance,134.85,4,0,1
ORD0007444,C001821,2026-01-18,Fragrance,319.08,4,0,1
ORD0007445,C001821,2025-11-23,Beauty,89.09,3,0,1
ORD0007446,C001821,2025-03-09,Accessories,985.93,4,0,1
ORD0007447,C001821,2025-10-21,Beauty,120.46,5,0,0
ORD0007448,C001821,2025-08-09,Accessories,134.79,2,0,0
ORD0007449,C001821,2025-08-02,Fragrance,101.88,3,0,1
ORD0007450,C001821,2025-08-01,Beauty,705.7,2,0,0
ORD0007451,C001821,2025-10-04,Accessories,477.98,4,0,1
ORD0007452,C001821,2025-04-16,Beauty,150.48,3,0,0
ORD0007453,C001821,2025-04-29,Accessories,487.06,2,0,1
ORD0007454,C001823,2025-04-14,Beauty,693.36,6,1,1
ORD0007455,C001823,2024-08-23,RTW,1121.98,4,0,1
ORD0007456,C001823,2024-12-20,Fragrance,349.73,3,0,1
ORD0007457,C001823,2025-09-29,Beauty,90.19,4,0,1
ORD0007458,C001823,2025-03-07,Fragrance,333.56,5,0,0
ORD0007459,C001823,2025-08-17,Accessories,1092.12,3,0,1
ORD0007460,C001823,2024-10-26,RTW,209.08,3,0,1
ORD0007461,C001823,2025-12-09,Fragrance,116.86,6,0,1
ORD0007462,C001823,2025-03-27,Fragrance,334.84,3,0,1
ORD0007463,C001824,2024-09-02,Accessories,405.78,2,0,0
ORD0007464,C001824,2024-12-14,Accessories,318.15,3,0,1
ORD0007465,C001824,2025-11-16,Fragrance,351.28,3,0,1
ORD0007466,C001824,2025-07-23,RTW,741.61,3,0,0
ORD0007467,C001825,2025-05-22,Accessories,708.87,3,0,1
ORD0007468,C001825,2025-03-02,Accessories,772.41,4,0,0
ORD0007469,C001825,2024-11-30,Accessories,220.53,4,0,1
ORD0007470,C001825,2025-09-26,Fragrance,536.4,8,0,0
ORD0007471,C001825,2025-07-19,Fragrance,185.57,6,0,1
ORD0007472,C001825,2026-01-04,Accessories,367.5,2,0,1
ORD0007473,C001826,2025-11-28,Beauty,106.8,6,0,0
ORD0007474,C001826,2025-06-22,Fragrance,210.42,2,1,0
ORD0007475,C001826,2025-08-09,Beauty,1615.69,2,0,0
ORD0007476,C001826,2025-07-27,Fragrance,434.12,5,0,0
ORD0007477,C001826,2026-01-18,Accessories,421.37,3,0,0
ORD0007478,C001826,2025-05-18,Accessories,204.37,4,0,0
ORD0007479,C001826,2024-09-29,Beauty,140.72,3,0,0
ORD0007480,C001826,2025-08-22,Accessories,76.48,4,1,0
ORD0007481,C001828,2025-05-23,Fragrance,1171.38,2,0,0
ORD0007482,C001829,2025-05-16,RTW,494.99,4,0,0
ORD0007483,C001829,2024-11-05,Beauty,129.21,7,0,0
ORD0007484,C001830,2024-10-02,RTW,276.06,4,0,0
ORD0007485,C001830,2025-09-15,Fragrance,212.19,2,0,0
ORD0007486,C001830,2024-09-12,Fragrance,137.16,2,0,0
ORD0007487,C001830,2024-11-20,Beauty,79.44,2,0,0
ORD0007488,C001830,2025-03-27,Beauty,173.91,5,1,0
ORD0007489,C001830,2024-09-06,RTW,52.05,2,0,0
ORD0007490,C001832,2025-12-21,RTW,256.26,4,0,1
ORD0007491,C001832,2025-04-06,Accessories,1332.73,4,0,1
ORD0007492,C001832,2025-05-29,Fragrance,91.07,5,0,0
ORD0007493,C001832,2025-01-16,Beauty,149.7,4,0,1
ORD0007494,C001832,2024-09-13,Accessories,148.45,4,0,1
ORD0007495,C001832,2024-10-14,Beauty,104.27,4,0,1
ORD0007496,C001832,2025-04-22,Fragrance,194.27,3,0,1
ORD0007497,C001832,2025-11-25,Accessories,95.93,4,0,0
ORD0007498,C001833,2025-07-02,Accessories,1825.46,4,0,0
ORD0007499,C001833,2024-11-12,Beauty,94.47,2,0,0
ORD0007500,C001833,2025-06-05,Beauty,205.64,8,0,1
ORD0007501,C001833,2025-07-25,Fragrance,160.21,3,0,0
ORD0007502,C001833,2025-08-10,Beauty,421.06,6,0,0
ORD0007503,C001833,2025-07-19,RTW,437.31,3,0,0
ORD0007504,C001833,2025-08-13,Beauty,237.79,4,0,0
ORD0007505,C001834,2024-11-20,Beauty,200.33,5,0,0
ORD0007506,C001834,2025-12-21,Beauty,357.07,3,0,0
ORD0007507,C001834,2025-06-07,Accessories,203.57,4,0,0
ORD0007508,C001834,2025-06-08,Beauty,232.79,7,1,0
ORD0007509,C001834,2025-01-19,Beauty,75.66,4,0,1
ORD0007510,C001834,2025-11-09,Accessories,63.37,3,0,0
ORD0007511,C001834,2025-07-23,Beauty,50.0,4,0,0
ORD0007512,C001835,2025-03-10,Beauty,812.22,2,0,0
ORD0007513,C001836,2025-12-03,Accessories,106.55,3,0,0
ORD0007514,C001836,2026-01-27,Beauty,332.0,5,0,0
ORD0007515,C001836,2025-04-01,Fragrance,66.45,4,0,0
ORD0007516,C001837,2024-12-17,Beauty,332.59,5,0,1
ORD0007517,C001837,2025-01-09,Accessories,407.55,4,0,0
ORD0007518,C001837,2024-12-02,Beauty,435.74,2,0,1
ORD0007519,C001837,2026-01-19,Accessories,336.75,3,0,0
ORD0007520,C001837,2025-01-28,Accessories,274.46,1,1,0
ORD0007521,C001838,2025-05-12,Accessories,674.85,4,0,0
ORD0007522,C001838,2025-04-21,Accessories,161.36,1,0,1
ORD0007523,C001838,2025-01-16,Beauty,195.19,2,0,1
ORD0007524,C001838,2025-07-14,Accessories,311.42,1,0,0
ORD0007525,C001838,2025-12-26,Fragrance,98.08,2,0,0
ORD0007526,C001838,2025-02-05,Accessories,1083.49,4,0,0
ORD0007527,C001839,2025-07-01,Beauty,131.14,6,0,1
ORD0007528,C001839,2025-10-21,Accessories,631.99,2,1,1
ORD0007529,C001839,2025-03-20,RTW,50.0,4,0,1
ORD0007530,C001840,2024-11-17,RTW,414.89,4,0,1
ORD0007531,C001840,2026-01-20,RTW,86.16,4,0,1
ORD0007532,C001840,2025-12-30,Accessories,431.74,2,0,1
ORD0007533,C001840,2024-09-09,Fragrance,306.76,5,0,0
ORD0007534,C001840,2025-09-08,Accessories,196.92,2,0,1
ORD0007535,C001840,2024-09-19,Accessories,115.26,4,0,1
ORD0007536,C001840,2024-10-10,RTW,429.42,4,0,0
ORD0007537,C001840,2025-07-11,Accessories,162.96,4,0,1
ORD0007538,C001840,2025-08-07,Accessories,142.69,4,0,1
ORD0007539,C001840,2025-10-08,Accessories,104.78,4,0,1
ORD0007540,C001841,2025-11-27,Beauty,72.32,3,0,0
ORD0007541,C001841,2025-06-09,RTW,452.9,2,0,0
ORD0007542,C001841,2024-11-03,Beauty,584.23,3,0,0
ORD0007543,C001841,2025-03-09,Fragrance,189.26,4,0,0
ORD0007544,C001841,2025-09-30,Fragrance,699.08,3,1,0
ORD0007545,C001842,2025-03-12,Fragrance,1094.19,4,0,1
ORD0007546,C001842,2024-09-08,RTW,513.75,4,0,1
ORD0007547,C001842,2025-11-02,Accessories,326.48,4,0,1
ORD0007548,C001842,2025-07-04,RTW,620.44,4,0,0
ORD0007549,C001843,2026-01-14,Accessories,176.21,4,0,0
ORD0007550,C001843,2025-08-18,Beauty,155.24,3,0,1
ORD0007551,C001843,2024-11-14,Beauty,60.54,4,0,0
ORD0007552,C001843,2025-05-10,Fragrance,259.2,4,0,1
ORD0007553,C001843,2025-06-04,Beauty,111.85,2,0,0
ORD0007554,C001843,2024-08-27,Beauty,782.1,3,0,0
ORD0007555,C001844,2024-11-29,Accessories,95.76,3,0,0
ORD0007556,C001844,2025-10-28,Accessories,262.49,4,0,0
ORD0007557,C001844,2025-09-20,Fragrance,509.66,4,1,1
ORD0007558,C001844,2025-11-14,Fragrance,225.36,4,0,1
ORD0007559,C001845,2025-11-02,Beauty,50.0,2,0,0
ORD0007560,C001845,2025-05-07,Accessories,478.91,4,0,1
ORD0007561,C001846,2024-10-06,Beauty,206.3,4,0,0
ORD0007562,C001846,2025-07-18,Beauty,170.21,3,0,1
ORD0007563,C001846,2024-09-28,Beauty,150.04,3,0,0
ORD0007564,C001846,2025-06-30,Beauty,302.71,6,0,0
ORD0007565,C001848,2025-04-19,Beauty,824.78,3,0,1
ORD0007566,C001848,2024-09-10,Accessories,437.52,2,0,1
ORD0007567,C001848,2025-03-22,Accessories,172.45,4,0,1
ORD0007568,C001848,2024-12-05,Accessories,506.14,3,0,0
ORD0007569,C001849,2026-01-09,Beauty,471.29,1,0,0
ORD0007570,C001849,2025-11-24,Fragrance,242.78,4,1,0
ORD0007571,C001849,2025-07-10,Accessories,205.33,4,0,0
ORD0007572,C001849,2025-02-23,Beauty,159.46,4,0,0
ORD0007573,C001849,2025-03-26,Beauty,354.53,3,0,0
ORD0007574,C001849,2025-09-02,RTW,163.55,3,0,0
ORD0007575,C001849,2025-06-07,Beauty,520.6,3,0,0
ORD0007576,C001849,2024-10-12,Beauty,65.59,5,0,0
ORD0007577,C001851,2025-01-09,RTW,108.75,1,0,1
ORD0007578,C001851,2024-08-13,Beauty,282.13,6,0,0
ORD0007579,C001851,2024-09-09,Beauty,83.35,3,0,0
ORD0007580,C001851,2024-10-23,Accessories,104.55,1,0,0
ORD0007581,C001851,2024-11-08,Beauty,199.31,3,0,0
ORD0007582,C001852,2025-06-22,Beauty,404.33,3,0,0
ORD0007583,C001852,2025-11-13,RTW,100.04,4,0,0
ORD0007584,C001852,2025-11-05,Fragrance,228.41,3,0,0
ORD0007585,C001852,2024-10-20,Beauty,136.21,3,0,0
ORD0007586,C001852,2025-12-19,Fragrance,217.46,3,0,0
ORD0007587,C001852,2025-12-22,Accessories,172.14,4,0,0
ORD0007588,C001852,2025-05-17,Fragrance,78.3,9,0,0
ORD0007589,C001853,2024-12-07,Fragrance,110.78,1,0,0
ORD0007590,C001853,2025-11-05,RTW,186.78,4,0,0
ORD0007591,C001853,2025-06-16,Fragrance,780.82,4,0,0
ORD0007592,C001853,2025-12-30,RTW,315.98,1,0,0
ORD0007593,C001853,2024-12-14,RTW,299.24,4,0,0
ORD0007594,C001853,2025-12-20,Fragrance,499.07,5,0,0
ORD0007595,C001853,2025-10-13,Beauty,50.0,6,0,0
ORD0007596,C001853,2025-03-10,RTW,321.65,2,0,0
ORD0007597,C001854,2025-10-14,Beauty,110.1,3,0,0
ORD0007598,C001854,2025-03-03,Beauty,412.17,1,0,1
ORD0007599,C001854,2025-09-09,Accessories,675.56,2,1,0
ORD0007600,C001854,2025-03-23,Fragrance,118.57,8,0,0
ORD0007601,C001854,2025-07-27,Beauty,190.47,5,0,0
ORD0007602,C001854,2025-03-13,RTW,367.56,2,0,0
ORD0007603,C001855,2025-06-11,Fragrance,221.94,3,0,0
ORD0007604,C001855,2024-10-20,Fragrance,282.21,3,1,0
ORD0007605,C001855,2024-10-08,Fragrance,155.49,3,0,1
ORD0007606,C001855,2025-02-01,Accessories,1004.65,4,0,0
ORD0007607,C001855,2025-04-20,Fragrance,53.82,4,0,0
ORD0007608,C001855,2025-02-10,Accessories,244.77,4,0,0
ORD0007609,C001856,2025-02-20,Beauty,157.41,2,0,1
ORD0007610,C001856,2025-05-02,Accessories,125.1,4,0,1
ORD0007611,C001856,2025-12-25,Beauty,62.9,6,0,0
ORD0007612,C001857,2024-08-20,RTW,492.06,1,0,1
ORD0007613,C001857,2024-10-21,Fragrance,149.5,6,0,0
ORD0007614,C001857,2024-08-10,RTW,213.54,3,0,1
ORD0007615,C001857,2025-08-15,Beauty,555.39,3,0,0
ORD0007616,C001857,2025-09-14,Accessories,918.1,2,0,1
ORD0007617,C001857,2025-12-29,Accessories,137.82,4,0,1
ORD0007618,C001857,2025-09-09,Accessories,889.63,4,0,1
ORD0007619,C001858,2025-04-22,Beauty,78.91,5,1,0
ORD0007620,C001858,2025-03-19,Fragrance,211.07,3,0,0
ORD0007621,C001858,2025-09-25,Accessories,150.85,1,0,1
ORD0007622,C001858,2025-10-14,Beauty,1153.98,6,0,1
ORD0007623,C001858,2024-09-14,Fragrance,69.76,3,0,1
ORD0007624,C001858,2025-04-19,Beauty,432.88,6,1,0
ORD0007625,C001858,2025-03-18,Beauty,630.42,5,0,1
ORD0007626,C001859,2025-11-08,Accessories,50.0,4,0,1
ORD0007627,C001859,2025-04-26,Beauty,521.24,6,0,1
ORD0007628,C001859,2025-04-06,Accessories,1169.67,3,0,0
ORD0007629,C001859,2024-09-08,Fragrance,81.95,5,1,1
ORD0007630,C001859,2024-12-02,Accessories,642.91,4,0,1
ORD0007631,C001860,2026-01-14,Accessories,396.22,3,0,0
ORD0007632,C001860,2024-10-10,Fragrance,185.2,6,0,1
ORD0007633,C001861,2025-08-23,Fragrance,219.34,4,0,1
ORD0007634,C001861,2025-04-13,RTW,3328.3,4,0,1
ORD0007635,C001861,2026-01-01,Accessories,244.84,4,0,1
ORD0007636,C001861,2025-01-10,Fragrance,67.35,4,0,1
ORD0007637,C001862,2024-09-23,RTW,177.3,4,0,0
ORD0007638,C001863,2025-11-30,Beauty,150.66,7,0,0
ORD0007639,C001863,2025-12-03,RTW,317.3,4,0,0
ORD0007640,C001863,2024-08-23,Accessories,109.75,2,0,0
ORD0007641,C001863,2024-11-04,Fragrance,211.07,6,0,0
ORD0007642,C001864,2024-09-05,Accessories,119.82,4,0,1
ORD0007643,C001864,2025-05-08,Fragrance,229.05,4,0,1
ORD0007644,C001864,2025-04-15,Fragrance,363.96,5,0,1
ORD0007645,C001864,2024-08-08,RTW,200.14,2,0,0
ORD0007646,C001865,2025-07-18,Fragrance,502.19,5,1,1
ORD0007647,C001865,2025-04-10,Accessories,378.11,4,0,1
ORD0007648,C001865,2025-05-05,Beauty,346.05,2,0,1
ORD0007649,C001865,2025-01-15,Fragrance,77.13,3,1,1
ORD0007650,C001866,2025-08-13,Fragrance,96.61,8,0,1
ORD0007651,C001866,2024-10-01,Beauty,420.89,5,1,1
ORD0007652,C001866,2025-05-28,Accessories,105.71,3,0,1
ORD0007653,C001866,2025-07-12,Beauty,717.65,3,0,1
ORD0007654,C001866,2025-01-05,Fragrance,587.79,5,0,1
ORD0007655,C001867,2026-01-01,Fragrance,154.99,2,0,0
ORD0007656,C001867,2025-02-26,Beauty,167.26,2,0,0
ORD0007657,C001867,2025-10-29,Accessories,161.69,4,0,0
ORD0007658,C001867,2025-07-04,Beauty,213.8,2,0,0
ORD0007659,C001868,2025-05-11,RTW,375.78,4,1,1
ORD0007660,C001868,2026-01-03,Beauty,278.37,4,0,1
ORD0007661,C001868,2026-01-19,Beauty,478.67,3,0,1
ORD0007662,C001868,2024-12-15,Accessories,236.68,2,0,1
ORD0007663,C001868,2025-12-28,Fragrance,372.55,7,0,1
ORD0007664,C001869,2025-11-14,RTW,106.7,4,0,0
ORD0007665,C001869,2025-08-16,RTW,337.95,2,0,0
ORD0007666,C001869,2024-11-08,Fragrance,262.97,3,0,0
ORD0007667,C001869,2025-01-21,Fragrance,50.0,5,0,0
ORD0007668,C001869,2025-09-13,Beauty,356.8,4,0,0
ORD0007669,C001869,2025-09-26,Accessories,315.33,4,0,0
ORD0007670,C001870,2025-03-16,RTW,606.07,4,0,0
ORD0007671,C001870,2025-03-18,RTW,165.59,2,0,1
ORD0007672,C001870,2025-11-04,Beauty,171.41,4,0,0
ORD0007673,C001870,2025-02-27,Beauty,188.26,3,0,1
ORD0007674,C001870,2025-03-12,Beauty,718.88,2,0,1
ORD0007675,C001871,2025-09-22,Beauty,235.72,3,0,0
ORD0007676,C001871,2025-11-30,Beauty,183.96,6,0,1
ORD0007677,C001871,2025-03-18,Fragrance,301.71,3,0,1
ORD0007678,C001871,2025-07-18,RTW,317.01,4,0,1
ORD0007679,C001871,2025-01-16,Fragrance,526.0,1,0,0
ORD0007680,C001872,2024-08-25,RTW,271.39,2,1,1
ORD0007681,C001872,2025-02-23,RTW,1170.85,3,0,1
ORD0007682,C001872,2024-08-18,Accessories,346.75,4,1,1
ORD0007683,C001873,2024-09-10,RTW,265.45,4,0,0
ORD0007684,C001874,2024-08-28,Beauty,148.3,1,1,0
ORD0007685,C001874,2024-10-26,RTW,733.07,2,0,1
ORD0007686,C001874,2025-04-04,Beauty,387.08,1,0,1
ORD0007687,C001874,2025-04-18,Beauty,507.83,2,0,0
ORD0007688,C001874,2024-09-17,Accessories,321.43,4,0,1
ORD0007689,C001874,2025-04-25,Fragrance,527.78,4,0,1
ORD0007690,C001875,2025-05-24,Accessories,672.55,2,1,0
ORD0007691,C001876,2025-12-07,Fragrance,50.0,1,1,1
ORD0007692,C001876,2024-08-25,Beauty,158.31,4,0,0
ORD0007693,C001876,2024-11-12,Beauty,1439.13,4,0,0
ORD0007694,C001876,2024-10-19,Fragrance,171.23,5,0,0
ORD0007695,C001876,2025-07-02,RTW,149.51,4,0,0
ORD0007696,C001876,2025-02-04,Fragrance,166.84,3,0,0
ORD0007697,C001876,2025-01-07,Fragrance,644.49,3,1,0
ORD0007698,C001876,2025-09-28,Beauty,504.25,4,1,0
ORD0007699,C001877,2026-01-06,Beauty,491.18,8,0,0
ORD0007700,C001877,2025-05-16,Fragrance,1424.06,5,0,0
ORD0007701,C001877,2025-07-12,Beauty,278.88,3,0,1
ORD0007702,C001878,2024-11-12,Beauty,189.53,3,1,0
ORD0007703,C001878,2025-06-17,Accessories,125.25,4,0,0
ORD0007704,C001878,2025-05-17,Beauty,117.35,2,0,0
ORD0007705,C001878,2025-09-06,RTW,162.0,4,0,0
ORD0007706,C001878,2025-10-16,Fragrance,469.38,2,0,0
ORD0007707,C001879,2025-09-25,Beauty,375.73,4,0,0
ORD0007708,C001879,2025-06-22,RTW,141.47,4,0,1
ORD0007709,C001879,2025-06-08,Beauty,717.13,3,0,0
ORD0007710,C001879,2025-04-01,Beauty,50.0,8,0,0
ORD0007711,C001879,2024-08-28,RTW,123.79,4,0,0
ORD0007712,C001880,2025-05-02,Beauty,283.89,5,0,0
ORD0007713,C001880,2025-01-29,Beauty,329.95,5,0,0
ORD0007714,C001880,2024-11-19,Beauty,230.68,4,1,0
ORD0007715,C001880,2025-05-05,Beauty,378.53,2,0,0
ORD0007716,C001880,2025-02-20,Fragrance,199.47,3,0,0
ORD0007717,C001880,2025-02-02,Fragrance,357.19,4,0,0
ORD0007718,C001880,2024-10-20,Fragrance,207.45,3,0,0
ORD0007719,C001880,2025-08-06,Fragrance,481.54,5,0,0
ORD0007720,C001881,2025-10-11,Accessories,694.08,4,0,0
ORD0007721,C001881,2025-09-05,RTW,249.43,3,0,1
ORD0007722,C001881,2025-06-10,Accessories,328.2,4,0,1
ORD0007723,C001881,2025-04-19,Fragrance,357.87,4,0,1
ORD0007724,C001881,2025-07-01,RTW,195.25,3,0,1
ORD0007725,C001881,2025-09-20,RTW,199.2,4,0,1
ORD0007726,C001881,2024-12-08,RTW,432.92,4,0,1
ORD0007727,C001882,2025-12-30,Fragrance,206.43,5,0,0
ORD0007728,C001882,2025-12-20,Accessories,162.85,3,0,0
ORD0007729,C001882,2025-02-20,Fragrance,280.6,2,0,0
ORD0007730,C001882,2025-08-16,RTW,314.24,2,0,0
ORD0007731,C001882,2025-11-10,Beauty,65.68,4,0,0
ORD0007732,C001882,2025-02-06,Accessories,214.27,4,1,0
ORD0007733,C001882,2025-09-18,Accessories,875.05,3,0,0
ORD0007734,C001883,2025-12-23,Fragrance,283.05,4,0,0
ORD0007735,C001884,2025-02-18,Accessories,910.02,4,0,1
ORD0007736,C001884,2024-08-10,Beauty,953.78,2,0,0
ORD0007737,C001884,2024-11-04,Fragrance,929.56,2,0,0
ORD0007738,C001884,2024-09-15,Fragrance,409.01,8,0,1
ORD0007739,C001884,2025-07-03,Beauty,962.96,11,0,1
ORD0007740,C001884,2025-05-04,RTW,308.77,4,0,1
ORD0007741,C001884,2024-10-20,Accessories,1563.44,2,0,1
ORD0007742,C001885,2024-11-05,RTW,136.56,4,0,1
ORD0007743,C001885,2024-11-28,RTW,121.84,4,0,1
ORD0007744,C001885,2025-11-10,Accessories,131.23,4,0,1
ORD0007745,C001886,2025-12-19,Beauty,292.06,4,1,1
ORD0007746,C001887,2024-09-16,Beauty,235.63,1,0,0
ORD0007747,C001887,2025-05-12,Beauty,50.0,2,0,0
ORD0007748,C001887,2025-05-18,Beauty,567.75,7,0,0
ORD0007749,C001887,2025-01-01,Beauty,272.38,3,0,0
ORD0007750,C001887,2025-01-04,RTW,60.65,4,0,0
ORD0007751,C001887,2025-02-13,Beauty,50.0,6,0,0
ORD0007752,C001887,2025-01-26,Accessories,179.78,1,0,0
ORD0007753,C001887,2025-10-08,Beauty,175.1,6,0,0
ORD0007754,C001888,2026-01-26,Accessories,1354.0,4,0,1
ORD0007755,C001888,2025-11-24,Accessories,188.5,4,0,1
ORD0007756,C001888,2025-01-25,Accessories,367.51,3,1,1
ORD0007757,C001888,2025-06-06,Fragrance,466.61,2,0,1
ORD0007758,C001888,2025-06-11,Fragrance,215.12,3,1,1
ORD0007759,C001890,2024-09-30,Beauty,663.93,5,0,0
ORD0007760,C001891,2025-04-24,Fragrance,82.39,7,0,0
ORD0007761,C001891,2024-08-19,Beauty,440.84,2,0,0
ORD0007762,C001891,2025-08-20,Fragrance,164.6,2,0,0
ORD0007763,C001892,2025-01-13,Fragrance,764.13,7,0,0
ORD0007764,C001892,2026-01-03,Fragrance,64.71,6,0,1
ORD0007765,C001892,2026-01-12,Fragrance,512.58,5,1,1
ORD0007766,C001892,2025-08-29,Fragrance,390.67,6,0,0
ORD0007767,C001892,2024-09-28,Fragrance,159.83,2,1,1
ORD0007768,C001893,2025-09-28,Beauty,78.14,4,0,0
ORD0007769,C001893,2025-04-20,Beauty,151.7,5,0,0
ORD0007770,C001894,2025-03-05,Beauty,165.52,6,0,1
ORD0007771,C001894,2025-09-18,Beauty,579.55,2,0,1
ORD0007772,C001894,2025-03-01,RTW,489.9,4,0,0
ORD0007773,C001894,2024-08-20,Accessories,153.05,4,0,0
ORD0007774,C001894,2025-10-05,RTW,281.57,4,0,1
ORD0007775,C001895,2025-12-31,Accessories,274.01,3,0,1
ORD0007776,C001895,2024-08-10,Accessories,443.7,4,0,0
ORD0007777,C001895,2026-01-27,RTW,2336.91,2,0,1
ORD0007778,C001895,2025-11-23,RTW,287.75,3,0,1
ORD0007779,C001895,2025-04-19,Fragrance,278.86,7,0,1
ORD0007780,C001897,2026-01-06,Beauty,324.19,3,1,0
ORD0007781,C001897,2024-11-23,Beauty,445.37,2,0,1
ORD0007782,C001897,2024-09-21,Accessories,648.63,2,0,0
ORD0007783,C001897,2025-02-18,Accessories,113.34,4,0,1
ORD0007784,C001897,2025-02-18,Accessories,323.22,4,0,1
ORD0007785,C001897,2025-02-21,RTW,488.02,4,1,0
ORD0007786,C001897,2024-11-08,Beauty,834.34,1,0,1
ORD0007787,C001897,2024-12-04,Fragrance,599.04,4,0,0
ORD0007788,C001898,2025-09-21,RTW,82.15,2,0,0
ORD0007789,C001898,2025-02-17,Fragrance,181.5,6,1,0
ORD0007790,C001898,2025-04-11,Beauty,387.13,4,0,0
ORD0007791,C001898,2025-03-21,RTW,165.83,4,0,0
ORD0007792,C001898,2025-04-29,Fragrance,403.75,4,0,0
ORD0007793,C001898,2025-12-14,RTW,50.0,4,0,0
ORD0007794,C001898,2024-12-16,Beauty,115.95,3,0,0
ORD0007795,C001898,2024-12-31,Fragrance,105.02,6,0,0
ORD0007796,C001899,2025-04-03,Accessories,276.46,4,0,1
ORD0007797,C001899,2025-04-12,Fragrance,217.7,4,1,1
ORD0007798,C001899,2025-01-09,RTW,353.44,2,0,0
ORD0007799,C001899,2024-11-04,Accessories,2055.38,4,0,1
ORD0007800,C001899,2024-11-27,RTW,1003.81,4,0,1
ORD0007801,C001899,2025-01-27,RTW,592.44,3,0,1
ORD0007802,C001899,2025-11-14,Accessories,492.91,1,0,1
ORD0007803,C001900,2024-12-22,RTW,277.73,4,0,0
ORD0007804,C001900,2024-10-19,Fragrance,50.0,5,0,0
ORD0007805,C001900,2025-04-09,RTW,613.82,4,0,1
ORD0007806,C001900,2025-06-03,Fragrance,339.9,2,0,1
ORD0007807,C001902,2025-03-12,Fragrance,818.4,3,0,0
ORD0007808,C001902,2025-11-17,Beauty,50.0,5,0,0
ORD0007809,C001902,2025-06-27,Beauty,522.79,3,0,0
ORD0007810,C001902,2025-05-03,Beauty,676.07,4,0,0
ORD0007811,C001902,2024-08-14,Beauty,57.75,4,0,0
ORD0007812,C001902,2025-05-11,RTW,120.66,4,0,0
ORD0007813,C001903,2024-11-07,Beauty,349.18,2,0,1
ORD0007814,C001903,2026-01-28,Fragrance,816.49,4,0,1
ORD0007815,C001904,2025-07-09,RTW,61.3,2,0,1
ORD0007816,C001904,2024-08-27,Beauty,156.57,3,0,1
ORD0007817,C001906,2025-08-01,Accessories,125.33,3,0,0
ORD0007818,C001906,2025-09-10,Fragrance,255.94,8,0,0
ORD0007819,C001906,2025-06-19,RTW,729.14,4,0,0
ORD0007820,C001906,2025-08-21,Fragrance,473.5,2,0,1
ORD0007821,C001906,2025-02-14,Beauty,417.61,4,0,1
ORD0007822,C001906,2025-01-23,Beauty,215.77,7,0,0
ORD0007823,C001907,2025-07-25,Fragrance,189.08,2,0,1
ORD0007824,C001907,2025-05-20,Accessories,194.66,4,1,0
ORD0007825,C001907,2025-02-15,Beauty,897.3,5,0,0
ORD0007826,C001907,2025-02-07,Fragrance,120.26,3,0,1
ORD0007827,C001907,2025-06-05,Beauty,154.54,4,0,1
ORD0007828,C001907,2025-02-16,Beauty,324.24,3,0,1
ORD0007829,C001907,2026-01-23,Accessories,578.33,2,0,0
ORD0007830,C001907,2026-01-30,RTW,92.58,4,0,1
ORD0007831,C001907,2024-09-15,Accessories,242.62,4,0,1
ORD0007832,C001907,2025-12-14,Beauty,244.06,5,0,1
ORD0007833,C001908,2025-07-07,Fragrance,64.28,3,0,1
ORD0007834,C001908,2025-05-24,RTW,592.79,3,0,1
ORD0007835,C001910,2025-07-21,Fragrance,342.46,3,0,0
ORD0007836,C001910,2024-11-12,Beauty,331.32,4,0,0
ORD0007837,C001910,2024-11-02,Accessories,190.7,4,0,0
ORD0007838,C001910,2026-01-02,RTW,315.34,4,0,0
ORD0007839,C001910,2024-11-20,Fragrance,199.49,4,1,0
ORD0007840,C001911,2025-01-09,Fragrance,488.92,5,1,0
ORD0007841,C001911,2025-05-30,RTW,76.32,3,0,0
ORD0007842,C001911,2025-12-09,Fragrance,111.62,5,0,0
ORD0007843,C001911,2025-11-10,Beauty,231.82,8,0,0
ORD0007844,C001912,2025-03-20,Accessories,171.33,4,0,0
ORD0007845,C001912,2024-12-30,RTW,274.22,4,0,0
ORD0007846,C001912,2025-01-05,Beauty,293.21,4,0,0
ORD0007847,C001912,2024-10-18,Beauty,991.32,9,0,0
ORD0007848,C001912,2025-01-29,RTW,95.04,4,0,0
ORD0007849,C001913,2025-03-28,Accessories,750.75,4,0,1
ORD0007850,C001913,2025-05-14,RTW,192.63,3,0,1
ORD0007851,C001913,2024-11-09,Accessories,400.93,4,0,1
ORD0007852,C001914,2025-04-08,RTW,550.59,2,0,1
ORD0007853,C001914,2025-03-22,Accessories,745.35,2,1,1
ORD0007854,C001914,2024-08-30,Accessories,670.04,4,0,1
ORD0007855,C001914,2025-11-26,RTW,75.39,1,0,1
ORD0007856,C001914,2024-09-02,Accessories,964.58,1,0,1
ORD0007857,C001914,2025-07-02,Fragrance,109.74,7,0,1
ORD0007858,C001914,2025-08-07,Accessories,373.68,4,1,1
ORD0007859,C001914,2025-07-05,Accessories,140.06,4,0,1
ORD0007860,C001914,2024-08-12,RTW,123.41,2,0,1
ORD0007861,C001915,2025-08-20,RTW,73.93,4,0,1
ORD0007862,C001915,2026-01-06,RTW,338.49,4,1,1
ORD0007863,C001915,2025-09-27,Fragrance,570.08,6,0,0
ORD0007864,C001915,2026-01-24,Beauty,99.96,4,0,1
ORD0007865,C001916,2024-08-25,Accessories,242.47,2,0,0
ORD0007866,C001916,2024-11-27,Accessories,173.33,4,0,0
ORD0007867,C001916,2025-11-19,Fragrance,242.31,3,0,0
ORD0007868,C001916,2025-05-03,Beauty,121.15,4,1,0
ORD0007869,C001916,2025-01-07,Accessories,285.75,2,0,1
ORD0007870,C001916,2024-11-29,Beauty,50.0,2,0,0
ORD0007871,C001916,2025-11-05,Accessories,498.39,1,0,1
ORD0007872,C001917,2025-03-19,Beauty,121.83,6,0,0
ORD0007873,C001917,2024-09-14,RTW,323.54,4,0,0
ORD0007874,C001917,2024-10-27,Beauty,50.0,2,0,0
ORD0007875,C001917,2025-01-14,Beauty,128.36,7,0,0
ORD0007876,C001917,2025-01-01,Beauty,507.44,5,0,0
ORD0007877,C001917,2024-12-23,Beauty,167.62,3,1,0
ORD0007878,C001917,2026-01-22,RTW,208.58,4,0,0
ORD0007879,C001917,2025-02-14,Beauty,321.49,5,0,0
ORD0007880,C001917,2024-11-10,RTW,788.53,4,0,0
ORD0007881,C001917,2025-07-25,Beauty,82.21,6,1,0
ORD0007882,C001918,2025-04-11,RTW,72.09,1,0,1
ORD0007883,C001918,2024-09-11,Accessories,100.62,2,0,1
ORD0007884,C001918,2024-09-04,Accessories,402.55,4,0,1
ORD0007885,C001920,2025-01-26,Fragrance,355.33,4,0,1
ORD0007886,C001921,2025-08-13,Accessories,398.54,4,1,1
ORD0007887,C001921,2025-01-25,RTW,1804.4,4,0,1
ORD0007888,C001921,2025-08-09,Beauty,184.18,4,0,1
ORD0007889,C001921,2025-06-07,Accessories,314.12,3,0,1
ORD0007890,C001921,2025-04-23,RTW,754.79,4,1,1
ORD0007891,C001922,2024-09-27,Beauty,93.15,4,0,1
ORD0007892,C001922,2024-11-14,Beauty,306.47,2,0,1
ORD0007893,C001922,2025-08-17,RTW,415.83,4,0,1
ORD0007894,C001922,2025-05-22,Beauty,64.92,4,1,1
ORD0007895,C001922,2025-07-20,RTW,164.8,2,0,0
ORD0007896,C001922,2025-05-31,Fragrance,202.19,5,0,1
ORD0007897,C001923,2025-11-11,Accessories,68.78,4,1,0
ORD0007898,C001923,2024-08-28,RTW,50.84,3,0,1
ORD0007899,C001923,2025-02-02,Accessories,85.75,4,0,0
ORD0007900,C001923,2025-02-13,Beauty,77.28,5,0,0
ORD0007901,C001923,2025-09-16,Beauty,130.42,2,0,0
ORD0007902,C001923,2024-12-24,Beauty,51.85,2,1,1
ORD0007903,C001923,2025-07-17,RTW,269.53,2,0,0
ORD0007904,C001924,2025-05-16,Accessories,200.67,4,0,1
ORD0007905,C001924,2024-08-13,Fragrance,316.32,4,0,1
ORD0007906,C001924,2024-10-24,Beauty,446.02,4,0,0
ORD0007907,C001924,2025-07-10,Accessories,534.04,4,0,1
ORD0007908,C001924,2025-10-31,Accessories,149.9,4,0,1
ORD0007909,C001924,2024-12-20,RTW,240.86,3,0,0
ORD0007910,C001924,2024-11-14,Fragrance,261.2,5,0,1
ORD0007911,C001924,2025-07-06,RTW,130.01,4,0,1
ORD0007912,C001925,2025-02-01,Accessories,123.44,4,0,0
ORD0007913,C001925,2024-11-09,RTW,50.0,4,0,1
ORD0007914,C001925,2025-09-08,RTW,773.56,4,0,0
ORD0007915,C001925,2025-12-14,Fragrance,222.5,3,0,0
ORD0007916,C001927,2025-10-09,Fragrance,121.14,3,0,0
ORD0007917,C001927,2024-11-14,RTW,881.14,4,0,0
ORD0007918,C001927,2025-03-23,Fragrance,428.85,3,0,1
ORD0007919,C001929,2025-08-11,Fragrance,414.78,1,0,1
ORD0007920,C001929,2025-04-15,Beauty,195.0,6,0,1
ORD0007921,C001929,2025-01-25,Accessories,92.55,4,0,1
ORD0007922,C001929,2024-10-19,RTW,476.8,3,0,1
ORD0007923,C001929,2025-12-12,RTW,262.54,4,1,0
ORD0007924,C001929,2025-09-18,Beauty,217.9,5,0,0
ORD0007925,C001929,2024-09-11,RTW,190.09,4,0,1
ORD0007926,C001929,2025-12-02,RTW,1553.78,2,0,0
ORD0007927,C001929,2025-03-16,Beauty,474.27,3,0,1
ORD0007928,C001930,2025-09-22,Accessories,353.36,4,0,1
ORD0007929,C001930,2024-10-22,Fragrance,1002.43,3,0,0
ORD0007930,C001930,2025-09-25,Accessories,87.26,4,0,1
ORD0007931,C001930,2025-11-14,RTW,740.71,3,0,1
ORD0007932,C001930,2025-02-04,Accessories,106.89,4,0,1
ORD0007933,C001930,2025-03-24,RTW,776.94,4,0,1
ORD0007934,C001930,2024-11-29,Fragrance,855.65,6,0,1
ORD0007935,C001930,2025-10-26,Accessories,670.43,4,0,1
ORD0007936,C001930,2025-06-22,RTW,230.57,3,0,1
ORD0007937,C001932,2025-06-27,Fragrance,197.61,2,0,0
ORD0007938,C001932,2024-08-14,Accessories,127.73,3,0,0
ORD0007939,C001932,2025-09-18,Fragrance,69.12,3,0,0
ORD0007940,C001932,2025-10-29,RTW,97.64,4,0,1
ORD0007941,C001933,2025-12-07,Fragrance,292.75,5,0,1
ORD0007942,C001933,2024-08-09,RTW,151.12,2,0,1
ORD0007943,C001933,2025-04-25,Beauty,232.37,3,0,1
ORD0007944,C001933,2025-04-16,Beauty,361.9,2,0,1
ORD0007945,C001933,2025-02-10,Fragrance,734.2,4,1,1
ORD0007946,C001933,2026-01-16,Beauty,116.45,4,0,0
ORD0007947,C001933,2025-06-27,Fragrance,163.04,2,0,1
ORD0007948,C001934,2025-07-26,Beauty,288.65,5,0,0
ORD0007949,C001934,2024-10-11,Accessories,127.93,3,1,0
ORD0007950,C001934,2026-01-26,Beauty,128.64,4,0,0
ORD0007951,C001934,2025-11-03,Beauty,102.57,6,1,0
ORD0007952,C001934,2024-10-08,RTW,644.07,4,0,0
ORD0007953,C001934,2025-08-05,Fragrance,102.18,3,0,0
ORD0007954,C001935,2025-05-28,Beauty,93.24,7,0,0
ORD0007955,C001936,2024-09-17,Beauty,125.75,5,0,0
ORD0007956,C001936,2024-09-16,Accessories,1104.61,4,0,1
ORD0007957,C001937,2024-11-05,Fragrance,76.68,1,0,0
ORD0007958,C001937,2024-11-02,Beauty,453.53,1,0,0
ORD0007959,C001937,2025-02-19,Fragrance,217.04,2,0,0
ORD0007960,C001937,2025-10-13,Beauty,206.35,2,0,0
ORD0007961,C001937,2025-07-30,Fragrance,1304.32,4,0,0
ORD0007962,C001937,2025-10-14,Beauty,77.26,4,0,0
ORD0007963,C001937,2025-06-22,Accessories,282.72,4,0,0
ORD0007964,C001938,2025-09-22,RTW,995.34,4,0,1
ORD0007965,C001938,2025-12-09,Accessories,222.13,3,0,0
ORD0007966,C001938,2025-02-10,Beauty,122.68,5,1,0
ORD0007967,C001938,2025-07-02,Beauty,802.29,1,0,0
ORD0007968,C001938,2025-06-17,Beauty,315.27,6,0,0
ORD0007969,C001938,2024-11-09,Accessories,221.1,3,0,0
ORD0007970,C001938,2025-02-26,Accessories,151.92,4,0,0
ORD0007971,C001938,2024-10-30,Accessories,178.31,4,0,1
ORD0007972,C001938,2025-11-20,Beauty,557.1,2,0,0
ORD0007973,C001938,2025-12-17,RTW,350.02,3,0,0
ORD0007974,C001938,2025-10-10,RTW,92.7,4,0,1
ORD0007975,C001938,2025-05-27,RTW,156.72,4,0,0
ORD0007976,C001938,2025-03-14,RTW,628.03,4,0,0
ORD0007977,C001939,2025-04-11,RTW,724.52,4,0,1
ORD0007978,C001939,2025-10-31,Fragrance,507.08,4,0,1
ORD0007979,C001939,2025-08-02,Fragrance,316.13,3,1,0
ORD0007980,C001940,2024-12-26,Accessories,135.26,4,0,1
ORD0007981,C001940,2025-03-03,Beauty,63.16,2,0,1
ORD0007982,C001940,2025-04-23,RTW,597.15,4,0,1
ORD0007983,C001943,2025-05-18,Accessories,87.12,4,0,1
ORD0007984,C001943,2025-04-08,Beauty,138.8,5,0,0
ORD0007985,C001943,2024-11-28,Accessories,735.77,3,0,1
ORD0007986,C001943,2025-08-23,Fragrance,160.52,4,0,0
ORD0007987,C001943,2026-01-23,Beauty,317.67,5,0,0
ORD0007988,C001943,2025-08-30,Accessories,299.35,3,0,0
ORD0007989,C001943,2024-11-04,RTW,377.89,4,0,0
ORD0007990,C001944,2025-03-10,Accessories,93.35,3,0,0
ORD0007991,C001944,2024-08-29,RTW,458.3,1,0,0
ORD0007992,C001944,2025-03-09,Accessories,498.4,4,0,1
ORD0007993,C001944,2025-06-21,Beauty,146.88,5,0,0
ORD0007994,C001944,2025-06-21,Accessories,261.72,2,1,1
ORD0007995,C001945,2025-12-17,RTW,243.49,4,0,0
ORD0007996,C001945,2025-06-28,Beauty,95.66,2,0,1
ORD0007997,C001946,2024-08-22,Fragrance,752.96,6,0,1
ORD0007998,C001946,2024-09-30,Fragrance,920.58,2,0,0
ORD0007999,C001946,2025-04-15,Fragrance,397.08,1,0,0
ORD0008000,C001946,2025-09-29,Accessories,1612.71,3,0,0
ORD0008001,C001946,2025-03-20,RTW,250.86,4,0,0
ORD0008002,C001946,2025-05-28,RTW,201.89,2,0,0
ORD0008003,C001946,2025-06-23,Accessories,128.95,4,0,0
ORD0008004,C001946,2025-01-08,RTW,347.37,4,0,0
ORD0008005,C001946,2024-12-03,Accessories,412.94,3,0,0
ORD0008006,C001946,2025-11-25,Fragrance,295.55,5,0,0
ORD0008007,C001947,2025-07-09,Beauty,369.97,1,0,1
ORD0008008,C001947,2024-09-11,Accessories,273.79,2,0,0
ORD0008009,C001947,2025-11-22,RTW,292.62,3,0,1
ORD0008010,C001948,2025-10-12,Fragrance,648.74,5,0,1
ORD0008011,C001948,2024-09-06,Accessories,243.01,4,0,1
ORD0008012,C001950,2025-01-28,Accessories,284.19,4,0,0
ORD0008013,C001950,2024-12-08,Accessories,570.18,4,0,1
ORD0008014,C001950,2025-12-19,Beauty,352.95,2,0,0
ORD0008015,C001950,2025-06-10,Accessories,117.03,4,0,1
ORD0008016,C001950,2025-03-14,RTW,311.89,4,0,0
ORD0008017,C001952,2024-12-22,Fragrance,219.07,5,0,0
ORD0008018,C001952,2025-09-09,RTW,677.35,4,1,0
ORD0008019,C001953,2025-07-26,Beauty,449.18,3,0,1
ORD0008020,C001953,2025-10-28,Beauty,182.49,4,0,1
ORD0008021,C001953,2024-09-26,Accessories,1715.41,4,0,1
ORD0008022,C001954,2025-07-12,Beauty,129.22,3,0,1
ORD0008023,C001954,2024-09-21,Fragrance,76.93,4,0,1
ORD0008024,C001954,2025-11-20,Accessories,467.3,4,0,0
ORD0008025,C001954,2025-03-22,Beauty,112.45,5,0,1
ORD0008026,C001956,2024-10-04,Fragrance,460.9,4,1,1
ORD0008027,C001956,2024-09-19,Fragrance,182.3,4,0,0
ORD0008028,C001956,2025-09-06,Beauty,350.4,1,0,0
ORD0008029,C001956,2025-07-09,Fragrance,179.54,5,0,0
ORD0008030,C001956,2025-03-18,Beauty,242.57,7,0,0
ORD0008031,C001956,2025-08-27,Fragrance,240.2,3,0,0
ORD0008032,C001957,2025-12-28,Beauty,435.78,4,1,0
ORD0008033,C001957,2025-03-24,Accessories,347.39,4,0,0
ORD0008034,C001957,2025-05-09,Accessories,606.74,3,1,0
ORD0008035,C001957,2025-02-28,Beauty,335.38,4,0,1
ORD0008036,C001957,2024-10-08,Beauty,175.11,6,0,0
ORD0008037,C001958,2025-04-04,Beauty,198.79,2,0,0
ORD0008038,C001958,2026-01-06,Beauty,837.28,5,1,0
ORD0008039,C001959,2024-08-31,Accessories,67.25,1,0,1
ORD0008040,C001959,2024-11-15,Accessories,467.07,4,0,1
ORD0008041,C001959,2025-03-20,Beauty,155.8,2,0,1
ORD0008042,C001960,2026-01-26,Beauty,139.36,4,0,0
ORD0008043,C001960,2025-03-20,Accessories,126.06,4,0,1
ORD0008044,C001960,2025-08-21,Accessories,424.53,2,0,0
ORD0008045,C001961,2026-01-14,Beauty,997.18,5,0,1
ORD0008046,C001961,2025-07-29,Accessories,482.0,4,0,1
ORD0008047,C001961,2025-08-14,RTW,136.13,4,0,1
ORD0008048,C001961,2025-01-09,Accessories,117.77,4,0,1
ORD0008049,C001961,2025-09-03,Fragrance,480.9,3,0,0
ORD0008050,C001961,2025-09-06,Fragrance,159.89,3,0,1
ORD0008051,C001961,2025-08-21,Beauty,486.48,3,0,1
ORD0008052,C001961,2025-03-25,Beauty,1738.78,6,0,0
ORD0008053,C001962,2025-08-14,Beauty,480.08,3,0,1
ORD0008054,C001962,2025-04-29,Beauty,308.47,3,0,0
ORD0008055,C001962,2025-05-29,Beauty,88.95,2,0,0
ORD0008056,C001962,2024-11-16,Beauty,197.72,4,0,0
ORD0008057,C001962,2025-02-03,Fragrance,534.36,8,1,0
ORD0008058,C001963,2024-12-31,Beauty,186.26,5,1,1
ORD0008059,C001964,2025-01-08,Fragrance,353.06,2,0,0
ORD0008060,C001964,2024-09-03,Beauty,84.4,4,0,0
ORD0008061,C001965,2024-08-16,Beauty,108.37,5,0,0
ORD0008062,C001965,2025-08-10,Fragrance,1149.65,4,0,0
ORD0008063,C001966,2025-05-15,Fragrance,565.06,3,0,0
ORD0008064,C001966,2025-01-27,Beauty,55.59,2,1,0
ORD0008065,C001966,2025-03-05,Fragrance,50.0,3,0,0
ORD0008066,C001966,2025-03-30,Beauty,159.1,6,0,0
ORD0008067,C001966,2025-06-11,Accessories,158.87,4,0,0
ORD0008068,C001966,2025-10-19,Beauty,62.0,6,0,0
ORD0008069,C001966,2025-09-28,Beauty,824.45,3,0,0
ORD0008070,C001966,2025-05-01,Accessories,404.17,3,0,0
ORD0008071,C001967,2025-09-14,Accessories,376.19,4,0,1
ORD0008072,C001968,2025-07-06,Beauty,491.77,3,0,0
ORD0008073,C001968,2025-05-22,Beauty,335.81,6,0,0
ORD0008074,C001968,2026-01-28,Fragrance,136.68,5,1,0
ORD0008075,C001969,2025-08-22,Beauty,197.12,5,0,0
ORD0008076,C001969,2025-11-13,RTW,212.04,4,0,0
ORD0008077,C001969,2025-01-20,Beauty,129.95,4,0,1
ORD0008078,C001969,2025-08-27,Fragrance,314.86,4,0,0
ORD0008079,C001969,2025-08-28,Fragrance,258.6,5,0,0
ORD0008080,C001969,2025-05-27,Beauty,308.41,4,0,0
ORD0008081,C001969,2025-06-22,RTW,93.63,2,0,0
ORD0008082,C001969,2026-01-26,RTW,60.58,4,0,0
ORD0008083,C001970,2025-08-12,RTW,218.67,3,0,0
ORD0008084,C001970,2025-09-27,Beauty,176.03,3,0,0
ORD0008085,C001970,2024-09-22,Beauty,1156.59,9,0,0
ORD0008086,C001970,2025-07-27,Beauty,172.05,3,0,0
ORD0008087,C001970,2025-05-25,Fragrance,196.34,4,1,0
ORD0008088,C001972,2024-09-20,Fragrance,459.54,3,0,1
ORD0008089,C001972,2026-01-16,Beauty,261.31,4,1,1
ORD0008090,C001972,2025-10-15,Beauty,409.89,5,0,0
ORD0008091,C001973,2025-11-10,RTW,72.54,4,0,0
ORD0008092,C001973,2025-02-14,Fragrance,144.17,6,0,0
ORD0008093,C001973,2025-08-05,Accessories,511.64,4,0,0
ORD0008094,C001973,2025-05-31,Beauty,262.65,7,0,0
ORD0008095,C001973,2024-08-26,Fragrance,348.93,3,0,0
ORD0008096,C001973,2025-01-14,Fragrance,220.95,1,0,0
ORD0008097,C001974,2024-09-13,RTW,142.54,4,0,0
ORD0008098,C001975,2025-10-06,Fragrance,96.24,4,0,0
ORD0008099,C001975,2024-10-24,RTW,389.41,2,1,0
ORD0008100,C001975,2025-07-24,Beauty,236.63,3,0,0
ORD0008101,C001975,2025-12-07,Fragrance,309.19,5,1,0
ORD0008102,C001975,2024-08-16,RTW,92.68,4,1,0
ORD0008103,C001976,2025-07-08,RTW,493.39,2,0,0
ORD0008104,C001976,2025-10-06,Accessories,281.91,4,0,1
ORD0008105,C001976,2025-10-07,Fragrance,135.77,2,0,0
ORD0008106,C001976,2026-01-05,RTW,314.16,1,0,0
ORD0008107,C001978,2025-06-25,Fragrance,50.0,4,0,0
ORD0008108,C001978,2025-06-05,RTW,206.29,4,0,0
ORD0008109,C001978,2025-02-06,Fragrance,195.29,6,0,0
ORD0008110,C001978,2025-08-19,Beauty,109.9,3,0,0
ORD0008111,C001979,2025-12-18,Fragrance,1054.89,6,0,1
ORD0008112,C001979,2025-10-08,Accessories,251.37,3,1,0
ORD0008113,C001979,2025-02-10,Beauty,112.8,3,0,1
ORD0008114,C001980,2025-06-24,RTW,220.58,2,0,1
ORD0008115,C001980,2026-01-03,Beauty,459.28,4,1,0
ORD0008116,C001980,2024-12-16,Accessories,699.31,4,0,1
ORD0008117,C001980,2024-11-13,Fragrance,71.2,4,0,0
ORD0008118,C001980,2024-12-05,Beauty,229.72,6,0,0
ORD0008119,C001980,2026-01-23,Fragrance,163.24,2,0,1
ORD0008120,C001980,2025-07-21,RTW,355.91,4,0,0
ORD0008121,C001981,2025-08-10,RTW,100.62,4,0,0
ORD0008122,C001981,2026-01-14,Beauty,52.12,7,0,1
ORD0008123,C001981,2025-03-30,Fragrance,114.3,3,1,0
ORD0008124,C001982,2025-02-18,Fragrance,93.5,4,0,0
ORD0008125,C001982,2025-04-16,Accessories,175.91,4,0,1
ORD0008126,C001982,2025-07-12,Accessories,209.11,1,1,1
ORD0008127,C001982,2025-11-15,Beauty,308.02,1,1,1
ORD0008128,C001982,2024-10-29,Fragrance,1013.44,6,0,1
ORD0008129,C001982,2024-08-08,RTW,202.0,4,0,1
ORD0008130,C001983,2025-04-07,Fragrance,777.61,6,0,1
ORD0008131,C001983,2025-11-28,RTW,481.76,4,0,1
ORD0008132,C001984,2025-05-19,Beauty,245.42,3,0,0
ORD0008133,C001984,2025-12-11,Fragrance,313.48,2,0,0
ORD0008134,C001984,2025-06-12,Accessories,482.83,4,0,0
ORD0008135,C001984,2024-12-24,Accessories,173.49,1,0,1
ORD0008136,C001984,2025-12-20,Beauty,254.94,6,0,0
ORD0008137,C001984,2025-03-07,Fragrance,584.0,2,0,0
ORD0008138,C001985,2025-11-05,Accessories,193.43,2,0,1
ORD0008139,C001985,2025-08-12,RTW,560.72,4,0,0
ORD0008140,C001985,2024-11-03,Fragrance,244.15,4,0,0
ORD0008141,C001985,2025-07-23,Fragrance,194.13,7,0,1
ORD0008142,C001985,2025-06-03,Fragrance,71.76,7,0,1
ORD0008143,C001987,2025-10-30,Beauty,120.25,4,0,1
ORD0008144,C001987,2025-07-17,RTW,78.96,4,0,0
ORD0008145,C001987,2025-07-14,Fragrance,240.53,4,0,0
ORD0008146,C001987,2025-11-17,RTW,177.44,4,0,0
ORD0008147,C001988,2025-01-23,RTW,587.66,2,1,1
ORD0008148,C001988,2024-12-16,Beauty,1650.11,2,0,1
ORD0008149,C001988,2024-10-07,Fragrance,334.16,5,0,0
ORD0008150,C001988,2024-10-01,Fragrance,414.48,3,0,0
ORD0008151,C001988,2024-10-16,Beauty,541.64,2,1,1
ORD0008152,C001988,2025-02-04,Beauty,241.46,3,0,0
ORD0008153,C001988,2024-11-10,Accessories,416.55,4,0,0
ORD0008154,C001988,2025-07-15,Fragrance,386.42,2,0,1
ORD0008155,C001988,2025-05-15,Beauty,79.39,2,0,1
ORD0008156,C001989,2026-01-05,Fragrance,239.47,2,0,0
ORD0008157,C001989,2025-11-09,Beauty,171.36,4,0,0
ORD0008158,C001989,2024-08-15,Beauty,279.02,5,0,1
ORD0008159,C001990,2025-09-25,Beauty,140.62,1,1,0
ORD0008160,C001990,2025-04-25,Beauty,145.7,2,0,0
ORD0008161,C001990,2024-12-10,Beauty,133.16,3,0,0
ORD0008162,C001990,2024-10-12,RTW,61.9,4,0,0
ORD0008163,C001990,2025-02-18,Fragrance,528.16,3,0,0
ORD0008164,C001990,2026-01-01,Beauty,70.72,2,1,1
ORD0008165,C001992,2025-08-27,RTW,221.45,1,0,0
ORD0008166,C001992,2025-03-23,Beauty,1009.62,3,0,0
ORD0008167,C001993,2024-09-23,Accessories,653.71,2,0,1
ORD0008168,C001993,2025-12-20,RTW,264.38,4,0,1
ORD0008169,C001994,2025-07-04,Beauty,90.87,6,0,0
ORD0008170,C001994,2025-02-06,Fragrance,69.15,2,0,0
ORD0008171,C001994,2024-09-01,Fragrance,80.41,6,0,0
ORD0008172,C001994,2025-09-13,Beauty,911.16,2,0,0
ORD0008173,C001994,2025-08-31,Beauty,819.91,5,1,0
ORD0008174,C001994,2025-07-28,Beauty,318.24,1,0,0
ORD0008175,C001994,2024-10-02,Beauty,92.58,7,0,0
ORD0008176,C001995,2024-09-03,Fragrance,615.87,2,0,0
ORD0008177,C001995,2025-08-08,RTW,343.64,1,0,0
ORD0008178,C001995,2025-07-20,Beauty,252.99,4,0,0
ORD0008179,C001995,2024-10-04,Accessories,50.0,2,0,0
ORD0008180,C001996,2025-08-16,Beauty,223.76,3,0,0
ORD0008181,C001996,2025-05-27,Accessories,268.59,1,0,0
ORD0008182,C001996,2024-11-23,Accessories,83.38,4,0,0
ORD0008183,C001996,2025-03-21,Beauty,910.38,4,0,0
ORD0008184,C001996,2025-04-13,Fragrance,160.79,5,0,0
ORD0008185,C001996,2025-05-21,RTW,371.04,3,0,0
ORD0008186,C001997,2024-12-24,Accessories,455.05,3,0,1
ORD0008187,C001997,2025-05-30,Accessories,3142.39,4,0,1
ORD0008188,C001997,2024-11-30,RTW,934.42,4,0,1
ORD0008189,C001997,2025-08-24,Accessories,2717.22,4,0,1
ORD0008190,C001997,2025-06-13,Fragrance,1076.61,3,0,0
ORD0008191,C001997,2026-01-27,RTW,735.23,4,0,1
ORD0008192,C001997,2025-12-04,RTW,1067.24,1,0,1
ORD0008193,C001997,2025-07-15,RTW,288.96,3,0,1
ORD0008194,C001997,2025-10-03,Fragrance,74.79,5,0,0
ORD0008195,C001997,2025-10-28,Accessories,167.66,4,0,1
ORD0008196,C001998,2025-05-14,RTW,108.31,3,0,0
ORD0008197,C001998,2025-08-02,Beauty,120.85,4,0,0
ORD0008198,C001998,2024-12-16,Fragrance,72.37,5,0,0
ORD0008199,C001998,2024-11-27,Fragrance,147.03,2,0,0
ORD0008200,C001998,2025-01-22,Beauty,170.58,2,0,0
ORD0008201,C001999,2025-05-03,Beauty,74.14,3,0,0
ORD0008202,C001999,2025-10-02,RTW,119.62,2,0,0
ORD0008203,C001999,2025-03-23,Beauty,67.41,5,0,0
ORD0008204,C001999,2025-09-02,Accessories,177.67,4,1,0
ORD0008205,C001999,2025-02-17,RTW,324.5,3,0,0
ORD0008206,C001999,2025-04-05,Beauty,191.54,4,0,0
ORD0008207,C001999,2025-04-10,Beauty,331.84,3,0,0
ORD0008208,C001999,2025-03-30,Beauty,247.91,1,0,0
ORD0008209,C002000,2025-03-29,Accessories,714.91,4,0,0
ORD0008210,C002000,2025-01-20,Beauty,228.49,6,1,0
ORD0008211,C002000,2025-09-27,Beauty,529.21,1,0,1
ORD0008212,C002000,2024-09-15,Accessories,319.94,4,0,1
ORD0008213,C002000,2025-05-18,Beauty,81.85,4,0,1
ORD0008214,C002000,2024-09-04,Beauty,55.64,4,0,1
ORD0008215,C002000,2024-11-05,Beauty,788.83,4,0,1
ORD0008216,C002001,2024-08-08,Beauty,301.14,3,0,1
ORD0008217,C002001,2025-10-01,Fragrance,976.0,4,0,0
ORD0008218,C002001,2025-11-29,Fragrance,334.55,7,0,1
ORD0008219,C002001,2025-05-08,Beauty,88.57,2,0,0
ORD0008220,C002001,2025-11-14,Accessories,174.84,4,0,1
ORD0008221,C002001,2025-04-21,Fragrance,258.33,8,0,1
ORD0008222,C002002,2025-06-04,RTW,61.08,4,1,0
ORD0008223,C002002,2025-08-08,RTW,1452.31,2,0,0
ORD0008224,C002002,2025-11-13,Beauty,843.34,6,1,0
ORD0008225,C002002,2025-09-09,Fragrance,148.47,4,0,0
ORD0008226,C002002,2025-05-31,Beauty,311.42,5,0,0
ORD0008227,C002002,2025-01-02,Beauty,171.73,4,0,0
ORD0008228,C002002,2025-12-13,Beauty,203.87,6,0,0
ORD0008229,C002003,2025-04-30,Beauty,633.91,5,0,1
ORD0008230,C002003,2024-11-26,Accessories,249.66,4,0,0
ORD0008231,C002003,2025-10-06,Fragrance,185.69,6,0,0
ORD0008232,C002003,2024-12-03,RTW,354.21,4,0,0
ORD0008233,C002003,2025-03-20,Fragrance,194.25,1,0,0
ORD0008234,C002004,2025-09-02,RTW,222.49,4,0,0
ORD0008235,C002004,2024-08-17,Accessories,660.19,4,0,0
ORD0008236,C002005,2025-12-24,RTW,159.86,4,0,1
ORD0008237,C002005,2025-11-12,Fragrance,878.4,10,0,1
ORD0008238,C002005,2025-11-06,RTW,426.34,4,0,1
ORD0008239,C002005,2025-10-12,Beauty,385.33,6,0,1
ORD0008240,C002005,2025-09-10,RTW,801.13,4,0,1
ORD0008241,C002005,2024-12-01,Accessories,166.71,4,1,0
ORD0008242,C002005,2025-12-08,Beauty,804.24,3,0,0
ORD0008243,C002005,2025-08-14,RTW,64.05,3,0,1
ORD0008244,C002005,2024-12-01,RTW,536.61,4,0,0
ORD0008245,C002005,2024-08-25,Accessories,502.03,4,0,1
ORD0008246,C002006,2025-10-07,Fragrance,527.0,5,0,1
ORD0008247,C002006,2024-12-26,Accessories,797.04,4,0,1
ORD0008248,C002006,2025-04-03,Beauty,1031.21,2,0,1
ORD0008249,C002007,2024-10-14,Beauty,69.5,2,0,0
ORD0008250,C002007,2024-10-24,Beauty,449.62,3,0,0
ORD0008251,C002007,2025-12-28,Beauty,113.6,3,0,0
ORD0008252,C002008,2025-04-13,Fragrance,690.58,2,1,1
ORD0008253,C002008,2025-09-13,Fragrance,156.59,1,0,1
ORD0008254,C002009,2024-09-30,RTW,229.92,4,0,0
ORD0008255,C002010,2025-05-23,Fragrance,165.18,3,0,1
ORD0008256,C002010,2024-11-23,Accessories,1200.12,4,1,0
ORD0008257,C002010,2025-01-18,Beauty,281.06,5,0,1
ORD0008258,C002010,2025-03-07,RTW,181.09,2,0,1
ORD0008259,C002010,2025-04-26,RTW,410.33,4,0,1
ORD0008260,C002010,2024-10-06,Accessories,392.38,4,0,1
ORD0008261,C002010,2024-09-16,Accessories,1362.39,4,0,1
ORD0008262,C002011,2025-08-09,Beauty,446.6,7,0,1
ORD0008263,C002012,2025-03-15,Accessories,235.84,3,0,0
ORD0008264,C002012,2025-07-01,Beauty,91.78,2,0,1
ORD0008265,C002012,2024-10-07,Beauty,145.02,4,0,0
ORD0008266,C002012,2025-12-20,Accessories,160.4,4,0,1
ORD0008267,C002012,2025-04-26,Beauty,210.37,4,0,0
ORD0008268,C002012,2025-03-12,Beauty,220.6,4,1,1
ORD0008269,C002012,2025-06-09,Beauty,137.03,2,0,0
ORD0008270,C002013,2025-02-15,Accessories,156.98,3,0,0
ORD0008271,C002013,2026-01-04,Beauty,50.0,2,0,0
ORD0008272,C002013,2024-12-07,Beauty,117.32,2,0,0
ORD0008273,C002013,2024-11-21,Beauty,137.87,4,0,0
ORD0008274,C002013,2024-11-27,Fragrance,184.65,5,0,0
ORD0008275,C002013,2024-10-08,Beauty,291.61,4,0,0
ORD0008276,C002014,2024-09-20,Accessories,887.01,4,0,1
ORD0008277,C002015,2025-08-08,Accessories,420.54,4,1,1
ORD0008278,C002015,2025-04-08,Beauty,195.77,4,0,1
ORD0008279,C002015,2025-09-12,Accessories,1230.65,4,0,1
ORD0008280,C002015,2025-04-13,RTW,309.0,4,0,1
ORD0008281,C002015,2025-09-19,Accessories,744.82,3,0,1
ORD0008282,C002016,2025-04-05,Fragrance,166.7,5,1,1
ORD0008283,C002016,2025-06-05,Fragrance,390.66,3,0,1
ORD0008284,C002016,2025-02-20,Fragrance,458.82,4,0,1
ORD0008285,C002016,2025-05-25,Fragrance,1157.09,2,0,0
ORD0008286,C002017,2025-02-26,RTW,219.75,4,1,1
ORD0008287,C002017,2024-11-29,Fragrance,454.13,7,0,0
ORD0008288,C002018,2025-03-06,Beauty,81.48,5,0,0
ORD0008289,C002018,2025-05-17,Accessories,80.52,2,0,0
ORD0008290,C002018,2025-02-03,RTW,314.12,4,0,0
ORD0008291,C002018,2025-02-26,Beauty,137.21,5,1,0
ORD0008292,C002020,2025-02-26,Beauty,63.49,5,0,0
ORD0008293,C002021,2025-04-08,RTW,161.72,1,0,0
ORD0008294,C002021,2025-12-09,Accessories,830.6,3,1,0
ORD0008295,C002021,2025-03-04,Fragrance,516.05,5,0,0
ORD0008296,C002021,2024-09-26,RTW,138.64,4,0,0
ORD0008297,C002021,2025-08-04,Fragrance,501.46,4,0,0
ORD0008298,C002021,2024-11-18,Beauty,181.94,3,0,1
ORD0008299,C002021,2024-12-20,Beauty,472.99,5,0,0
ORD0008300,C002022,2025-12-07,RTW,317.0,3,0,0
ORD0008301,C002022,2024-08-19,Beauty,121.22,4,0,1
ORD0008302,C002022,2026-01-30,Beauty,430.25,2,1,0
ORD0008303,C002022,2025-10-31,Beauty,361.46,7,0,0
ORD0008304,C002022,2025-09-21,Beauty,117.58,5,0,0
ORD0008305,C002022,2025-03-09,Fragrance,319.61,1,0,0
ORD0008306,C002022,2025-02-16,Fragrance,106.0,4,1,0
ORD0008307,C002023,2024-09-24,Beauty,69.03,4,0,0
ORD0008308,C002023,2025-08-19,Fragrance,76.71,4,0,0
ORD0008309,C002023,2025-03-17,Beauty,200.5,2,0,0
ORD0008310,C002023,2025-08-12,Fragrance,132.46,2,1,1
ORD0008311,C002023,2025-02-02,Beauty,50.0,3,0,0
ORD0008312,C002023,2025-05-24,RTW,187.99,4,0,0
ORD0008313,C002023,2025-11-13,Fragrance,287.75,5,1,0
ORD0008314,C002024,2024-08-10,Accessories,941.63,4,0,1
ORD0008315,C002024,2024-08-15,Fragrance,907.06,4,0,1
ORD0008316,C002024,2025-02-07,Fragrance,91.53,3,0,0
ORD0008317,C002024,2025-07-21,Fragrance,208.32,2,0,1
ORD0008318,C002024,2025-12-19,Accessories,379.86,3,0,1
ORD0008319,C002024,2025-11-24,Accessories,417.71,3,0,1
ORD0008320,C002024,2025-01-02,Accessories,863.08,4,1,1
ORD0008321,C002025,2025-06-08,RTW,165.91,3,1,0
ORD0008322,C002025,2025-04-07,RTW,584.57,2,0,0
ORD0008323,C002026,2025-03-28,Accessories,423.11,4,0,1
ORD0008324,C002027,2024-11-16,Accessories,209.72,1,1,0
ORD0008325,C002027,2026-01-14,Accessories,205.27,4,0,0
ORD0008326,C002027,2025-11-02,Beauty,303.51,3,0,0
ORD0008327,C002027,2025-12-12,Beauty,87.22,1,0,0
ORD0008328,C002027,2025-11-23,Accessories,196.12,2,1,0
ORD0008329,C002028,2024-12-01,Beauty,143.99,5,0,0
ORD0008330,C002028,2024-12-03,Beauty,307.23,4,0,1
ORD0008331,C002028,2024-10-13,Accessories,380.59,3,0,0
ORD0008332,C002028,2025-02-14,RTW,414.26,4,0,1
ORD0008333,C002028,2025-03-18,RTW,71.31,3,0,1
ORD0008334,C002028,2025-12-02,Fragrance,179.5,4,0,0
ORD0008335,C002028,2024-09-01,Beauty,243.19,4,1,1
ORD0008336,C002028,2025-05-19,Beauty,215.45,5,0,1
ORD0008337,C002029,2025-10-09,Fragrance,932.93,4,1,1
ORD0008338,C002029,2025-01-05,Fragrance,2048.48,4,0,1
ORD0008339,C002029,2025-01-15,Accessories,133.68,3,0,1
ORD0008340,C002031,2025-09-14,Accessories,907.24,4,0,0
ORD0008341,C002031,2025-11-07,RTW,755.6,4,0,0
ORD0008342,C002031,2025-11-20,Beauty,61.43,4,0,0
ORD0008343,C002031,2025-03-14,RTW,570.18,1,0,0
ORD0008344,C002031,2024-10-12,Beauty,176.16,7,1,0
ORD0008345,C002031,2026-01-13,Beauty,489.38,3,0,0
ORD0008346,C002032,2024-11-24,RTW,367.51,4,1,1
ORD0008347,C002032,2025-10-14,Beauty,223.53,4,0,0
ORD0008348,C002032,2025-04-01,RTW,628.3,4,0,1
ORD0008349,C002032,2024-11-09,Beauty,109.82,2,0,0
ORD0008350,C002032,2024-11-26,RTW,317.01,4,0,1
ORD0008351,C002032,2025-05-25,Accessories,311.49,4,0,1
ORD0008352,C002032,2025-09-13,Beauty,787.28,2,0,0
ORD0008353,C002032,2024-10-23,Accessories,163.82,2,0,1
ORD0008354,C002033,2025-04-17,Accessories,343.49,2,1,1
ORD0008355,C002033,2024-09-28,RTW,290.62,3,0,1
ORD0008356,C002033,2025-12-27,RTW,533.93,2,0,1
ORD0008357,C002033,2025-01-26,Beauty,334.79,7,0,1
ORD0008358,C002033,2024-10-14,RTW,1325.57,4,0,1
ORD0008359,C002033,2025-07-29,Fragrance,117.97,5,0,1
ORD0008360,C002033,2025-11-05,Accessories,159.96,2,0,0
ORD0008361,C002034,2025-03-29,Accessories,365.93,2,0,1
ORD0008362,C002034,2025-11-07,RTW,549.73,4,0,1
ORD0008363,C002035,2025-11-23,Fragrance,253.38,4,0,1
ORD0008364,C002035,2025-04-23,Fragrance,153.92,5,0,1
ORD0008365,C002035,2025-04-05,Accessories,684.72,3,0,1
ORD0008366,C002035,2025-03-07,Accessories,399.37,4,0,1
ORD0008367,C002035,2026-01-24,Fragrance,382.42,3,1,1
ORD0008368,C002036,2025-01-16,Accessories,920.92,4,0,0
ORD0008369,C002036,2024-08-10,RTW,259.74,4,0,0
ORD0008370,C002036,2025-02-26,Fragrance,602.03,2,0,0
ORD0008371,C002037,2025-11-21,RTW,376.33,3,0,0
ORD0008372,C002037,2024-09-18,Accessories,186.06,4,0,1
ORD0008373,C002037,2025-12-15,Fragrance,197.47,5,0,0
ORD0008374,C002037,2025-01-11,Fragrance,76.85,3,0,1
ORD0008375,C002037,2025-06-11,Fragrance,375.04,6,0,1
ORD0008376,C002037,2025-02-13,RTW,707.87,2,0,0
ORD0008377,C002038,2024-09-02,Accessories,441.28,4,0,1
ORD0008378,C002038,2025-03-19,RTW,210.14,4,0,0
ORD0008379,C002038,2025-12-28,Beauty,125.22,5,0,0
ORD0008380,C002038,2025-04-29,Beauty,327.38,6,0,1
ORD0008381,C002038,2025-05-21,Beauty,99.65,5,1,1
ORD0008382,C002038,2025-03-31,RTW,229.15,3,1,0
ORD0008383,C002039,2025-09-22,Accessories,192.99,3,0,0
ORD0008384,C002039,2025-01-01,Beauty,144.83,3,0,0
ORD0008385,C002039,2025-03-05,RTW,365.25,1,0,0
ORD0008386,C002039,2025-04-10,Beauty,86.69,7,0,0
ORD0008387,C002039,2025-07-08,Beauty,434.72,5,0,0
ORD0008388,C002039,2024-12-17,Fragrance,325.02,3,0,0
ORD0008389,C002040,2025-02-18,Fragrance,397.82,5,0,0
ORD0008390,C002040,2025-12-08,Beauty,217.94,7,0,0
ORD0008391,C002040,2024-08-15,Accessories,236.23,4,0,1
ORD0008392,C002040,2025-01-28,Beauty,236.76,4,0,0
ORD0008393,C002040,2025-03-04,Beauty,74.02,4,0,0
ORD0008394,C002040,2024-11-30,Beauty,406.48,3,1,0
ORD0008395,C002040,2025-03-28,Beauty,115.18,2,0,0
ORD0008396,C002041,2024-11-26,Accessories,145.8,4,0,1
ORD0008397,C002041,2025-05-19,Accessories,140.34,4,0,1
ORD0008398,C002041,2025-01-16,Accessories,630.4,2,0,1
ORD0008399,C002041,2025-10-03,Accessories,186.16,4,0,1
ORD0008400,C002041,2025-07-02,RTW,591.88,2,0,1
ORD0008401,C002041,2025-07-22,Beauty,756.61,6,0,1
ORD0008402,C002042,2025-01-15,Accessories,667.7,4,0,1
ORD0008403,C002042,2025-01-13,RTW,304.78,4,0,1
ORD0008404,C002042,2025-09-21,Accessories,333.13,4,1,1
ORD0008405,C002043,2024-11-17,Fragrance,135.29,2,0,0
ORD0008406,C002043,2025-03-17,Beauty,1418.75,2,0,0
ORD0008407,C002043,2024-12-29,Accessories,309.95,4,0,0
ORD0008408,C002043,2024-08-10,Beauty,166.98,6,0,0
ORD0008409,C002043,2024-08-29,Accessories,779.47,2,0,0
ORD0008410,C002043,2025-07-12,Beauty,475.09,5,1,1
ORD0008411,C002043,2025-06-15,Beauty,96.11,4,1,1
ORD0008412,C002043,2025-12-09,RTW,50.0,4,0,1
ORD0008413,C002043,2025-07-27,RTW,660.21,4,0,1
ORD0008414,C002044,2025-11-11,Beauty,768.15,5,0,0
ORD0008415,C002044,2026-01-26,RTW,481.9,4,0,0
ORD0008416,C002044,2025-04-17,Beauty,404.9,4,0,0
ORD0008417,C002046,2026-01-20,Fragrance,138.4,5,1,0
ORD0008418,C002046,2025-10-12,Fragrance,621.19,4,0,0
ORD0008419,C002046,2024-09-03,Beauty,167.04,4,0,0
ORD0008420,C002046,2026-01-13,RTW,113.32,4,0,0
ORD0008421,C002046,2025-02-10,Beauty,163.28,2,0,0
ORD0008422,C002047,2024-11-26,Fragrance,273.98,5,0,0
ORD0008423,C002047,2026-01-18,RTW,190.67,3,0,0
ORD0008424,C002047,2024-10-06,Fragrance,55.46,6,0,0
ORD0008425,C002047,2024-09-15,RTW,111.43,3,0,0
ORD0008426,C002047,2025-04-09,Beauty,50.0,2,0,0
ORD0008427,C002048,2025-03-20,Accessories,350.46,4,0,1
ORD0008428,C002048,2025-03-31,RTW,206.81,4,0,1
ORD0008429,C002050,2025-12-25,Fragrance,217.16,3,0,0
ORD0008430,C002050,2024-10-07,RTW,210.59,4,0,1
ORD0008431,C002050,2025-09-22,Fragrance,427.11,3,0,0
ORD0008432,C002050,2024-11-01,Accessories,373.87,4,0,0
ORD0008433,C002051,2025-01-05,Beauty,396.87,6,0,0
ORD0008434,C002051,2025-09-22,Beauty,300.39,5,0,0
ORD0008435,C002051,2025-02-15,RTW,583.46,3,0,0
ORD0008436,C002051,2024-08-21,Beauty,150.41,6,0,0
ORD0008437,C002051,2025-05-27,Beauty,50.0,1,0,0
ORD0008438,C002051,2024-11-17,Beauty,488.08,3,0,0
ORD0008439,C002052,2025-02-27,Accessories,352.54,4,0,0
ORD0008440,C002053,2025-09-10,Beauty,544.07,4,0,0
ORD0008441,C002053,2025-07-10,Fragrance,118.1,6,0,0
ORD0008442,C002053,2025-11-26,Fragrance,163.38,4,0,0
ORD0008443,C002053,2025-08-16,Beauty,121.66,7,0,1
ORD0008444,C002053,2024-09-21,Fragrance,395.97,2,0,1
ORD0008445,C002053,2025-06-30,Accessories,190.6,1,0,0
ORD0008446,C002053,2024-12-24,Fragrance,63.1,4,0,0
ORD0008447,C002053,2025-03-25,Beauty,127.7,3,0,0
ORD0008448,C002053,2025-05-23,RTW,239.46,2,0,0
ORD0008449,C002053,2025-03-02,Beauty,304.75,3,0,0
ORD0008450,C002053,2026-01-20,Beauty,235.07,3,0,0
ORD0008451,C002054,2024-09-14,Fragrance,328.47,1,0,0
ORD0008452,C002054,2025-04-21,Fragrance,178.65,3,0,1
ORD0008453,C002054,2025-06-14,RTW,204.39,4,0,0
ORD0008454,C002054,2025-07-12,Beauty,55.62,5,0,0
ORD0008455,C002054,2025-07-09,Beauty,134.66,6,0,0
ORD0008456,C002055,2025-02-13,Accessories,50.0,4,0,0
ORD0008457,C002055,2025-02-27,RTW,57.45,3,0,0
ORD0008458,C002055,2025-02-14,Accessories,331.35,3,1,0
ORD0008459,C002055,2025-05-20,Beauty,176.57,3,1,1
ORD0008460,C002055,2024-10-22,Beauty,728.73,6,0,0
ORD0008461,C002055,2025-11-23,Accessories,124.14,4,0,0
ORD0008462,C002056,2024-12-19,Fragrance,366.46,6,0,1
ORD0008463,C002056,2025-04-06,Fragrance,332.72,11,0,1
ORD0008464,C002056,2024-09-05,Beauty,425.31,2,0,1
ORD0008465,C002056,2024-08-31,Beauty,279.4,3,0,1
ORD0008466,C002058,2025-08-10,RTW,212.43,4,0,0
ORD0008467,C002058,2025-11-16,Fragrance,143.32,3,0,1
ORD0008468,C002058,2024-10-09,Fragrance,460.6,5,0,1
ORD0008469,C002058,2025-10-31,Beauty,315.77,3,0,1
ORD0008470,C002058,2024-12-08,RTW,121.25,4,0,1
ORD0008471,C002059,2025-02-10,Beauty,172.58,4,0,0
ORD0008472,C002061,2025-08-13,RTW,133.85,2,0,0
ORD0008473,C002062,2024-12-30,Fragrance,225.99,4,1,0
ORD0008474,C002062,2025-03-01,Beauty,117.3,6,0,0
ORD0008475,C002062,2026-01-06,Beauty,528.0,2,0,0
ORD0008476,C002062,2025-03-24,Beauty,316.19,6,0,0
ORD0008477,C002062,2025-04-02,Beauty,472.65,2,0,0
ORD0008478,C002062,2025-05-13,RTW,184.72,4,0,0
ORD0008479,C002062,2024-09-26,Accessories,50.0,4,0,0
ORD0008480,C002062,2024-12-22,Beauty,303.74,2,1,0
ORD0008481,C002063,2024-11-09,Beauty,258.84,3,0,1
ORD0008482,C002063,2025-12-27,Fragrance,773.03,4,0,0
ORD0008483,C002063,2025-10-30,Fragrance,286.81,5,0,0
ORD0008484,C002064,2024-12-17,Accessories,620.35,4,0,1
ORD0008485,C002064,2025-09-07,Accessories,893.25,1,0,1
ORD0008486,C002064,2025-01-22,Accessories,150.73,2,0,1
ORD0008487,C002065,2025-07-22,Accessories,199.39,4,0,1
ORD0008488,C002066,2025-10-03,Beauty,330.59,4,0,0
ORD0008489,C002066,2025-08-26,Fragrance,488.43,3,0,1
ORD0008490,C002066,2025-01-03,Accessories,50.0,4,1,0
ORD0008491,C002066,2025-06-09,Beauty,251.95,6,0,0
ORD0008492,C002066,2024-09-13,Fragrance,342.53,3,0,0
ORD0008493,C002066,2024-11-08,Beauty,56.78,3,0,0
ORD0008494,C002066,2026-01-01,Accessories,88.71,4,0,0
ORD0008495,C002067,2025-06-25,Fragrance,438.57,4,0,0
ORD0008496,C002067,2025-11-23,Beauty,234.38,4,0,0
ORD0008497,C002067,2024-11-19,Beauty,58.07,2,0,0
ORD0008498,C002067,2025-06-19,Beauty,102.64,2,0,0
ORD0008499,C002067,2025-07-10,Fragrance,86.53,5,0,0
ORD0008500,C002068,2025-05-19,Accessories,164.06,2,0,0
ORD0008501,C002068,2025-01-11,Beauty,386.35,3,0,0
ORD0008502,C002068,2024-10-16,Beauty,112.69,3,0,0
ORD0008503,C002069,2026-01-28,Beauty,227.64,5,0,0
ORD0008504,C002069,2025-03-03,Accessories,152.55,3,0,1
ORD0008505,C002069,2025-07-16,Fragrance,197.94,2,0,0
ORD0008506,C002069,2025-12-27,Beauty,529.36,4,0,1
ORD0008507,C002070,2024-10-26,Beauty,472.62,2,0,0
ORD0008508,C002071,2024-12-25,RTW,147.5,4,0,0
ORD0008509,C002071,2025-02-15,Fragrance,464.49,4,0,1
ORD0008510,C002071,2024-09-10,Accessories,99.29,4,0,1
ORD0008511,C002071,2025-12-10,Accessories,154.69,4,0,0
ORD0008512,C002071,2024-09-03,RTW,306.89,4,0,1
ORD0008513,C002072,2025-08-19,RTW,302.7,3,0,0
ORD0008514,C002072,2025-09-13,Beauty,121.46,5,0,1
ORD0008515,C002072,2024-11-24,Accessories,446.05,4,0,1
ORD0008516,C002072,2025-03-13,Beauty,207.0,4,0,1
ORD0008517,C002072,2024-08-28,Accessories,343.23,2,0,1
ORD0008518,C002072,2025-03-01,Fragrance,836.59,1,0,1
ORD0008519,C002072,2025-10-30,Fragrance,143.12,5,0,1
ORD0008520,C002072,2025-03-13,RTW,437.01,4,0,1
ORD0008521,C002072,2026-01-17,RTW,206.86,4,1,1
ORD0008522,C002073,2025-12-05,Fragrance,269.06,1,0,0
ORD0008523,C002073,2024-10-26,Accessories,462.69,4,0,1
ORD0008524,C002073,2025-03-09,Fragrance,228.51,5,0,1
ORD0008525,C002073,2025-06-07,RTW,1078.97,4,0,1
ORD0008526,C002073,2025-04-16,Fragrance,82.45,8,0,1
ORD0008527,C002073,2025-06-07,Beauty,128.86,10,0,1
ORD0008528,C002074,2025-12-28,Accessories,403.26,3,0,1
ORD0008529,C002074,2025-06-29,Accessories,130.14,4,1,0
ORD0008530,C002074,2025-01-08,Accessories,320.28,4,0,0
ORD0008531,C002074,2025-09-06,RTW,488.81,4,1,0
ORD0008532,C002074,2025-02-06,Accessories,567.28,4,0,0
ORD0008533,C002075,2025-05-16,RTW,197.21,4,0,0
ORD0008534,C002075,2025-01-28,Beauty,492.84,4,0,0
ORD0008535,C002075,2025-12-19,Fragrance,155.91,5,0,0
ORD0008536,C002075,2025-03-29,Fragrance,490.49,2,0,1
ORD0008537,C002075,2025-04-05,Accessories,318.4,4,0,0
ORD0008538,C002075,2025-11-27,Fragrance,50.0,1,0,0
ORD0008539,C002075,2024-10-28,Beauty,202.47,4,0,0
ORD0008540,C002076,2025-12-24,Accessories,355.83,3,0,1
ORD0008541,C002076,2025-09-10,Fragrance,629.76,5,0,0
ORD0008542,C002076,2024-10-29,RTW,695.84,3,0,0
ORD0008543,C002076,2024-12-28,RTW,113.84,3,0,1
ORD0008544,C002076,2024-12-30,Beauty,393.56,4,0,0
ORD0008545,C002076,2024-08-12,RTW,112.66,4,0,1
ORD0008546,C002078,2025-11-19,Beauty,411.58,6,0,0
ORD0008547,C002078,2025-03-19,Fragrance,112.29,4,1,0
ORD0008548,C002078,2024-10-06,Fragrance,267.95,5,0,0
ORD0008549,C002078,2025-04-12,Fragrance,220.45,5,0,0
ORD0008550,C002078,2025-07-15,Beauty,97.73,3,1,0
ORD0008551,C002079,2025-07-13,RTW,279.42,2,0,1
ORD0008552,C002079,2025-07-05,Accessories,321.79,4,0,0
ORD0008553,C002079,2024-10-29,Beauty,213.83,3,0,1
ORD0008554,C002080,2025-01-04,Beauty,402.85,6,0,0
ORD0008555,C002080,2026-01-26,Accessories,603.43,4,0,0
ORD0008556,C002081,2025-03-20,Accessories,409.29,4,0,1
ORD0008557,C002081,2025-10-02,RTW,170.95,2,0,1
ORD0008558,C002081,2025-10-15,RTW,146.05,2,1,1
ORD0008559,C002081,2024-12-02,RTW,186.03,4,1,1
ORD0008560,C002081,2024-10-28,RTW,425.47,3,0,1
ORD0008561,C002081,2025-11-18,Accessories,187.74,1,0,0
ORD0008562,C002081,2025-09-14,Fragrance,299.34,4,0,0
ORD0008563,C002081,2025-12-01,RTW,106.22,3,0,1
ORD0008564,C002081,2024-11-02,Accessories,380.4,4,0,1
ORD0008565,C002082,2025-12-27,Fragrance,186.07,4,0,0
ORD0008566,C002082,2025-07-24,Fragrance,230.1,4,0,0
ORD0008567,C002082,2025-06-30,Accessories,262.75,2,0,1
ORD0008568,C002082,2024-09-17,RTW,248.01,2,0,1
ORD0008569,C002083,2025-08-10,Fragrance,332.71,5,0,1
ORD0008570,C002083,2025-08-04,Accessories,478.63,2,0,1
ORD0008571,C002083,2024-10-11,Beauty,414.52,4,1,0
ORD0008572,C002083,2025-04-17,Beauty,349.49,8,0,1
ORD0008573,C002083,2025-05-11,Accessories,327.35,4,0,1
ORD0008574,C002083,2025-03-20,RTW,183.82,3,0,1
ORD0008575,C002083,2025-08-02,Fragrance,73.87,2,0,1
ORD0008576,C002084,2025-04-01,Accessories,268.47,4,0,0
ORD0008577,C002084,2024-08-18,Fragrance,313.43,4,0,0
ORD0008578,C002084,2025-03-06,Beauty,55.0,6,0,0
ORD0008579,C002084,2025-12-12,Beauty,50.0,4,0,0
ORD0008580,C002085,2025-01-21,Beauty,126.25,6,0,0
ORD0008581,C002085,2025-10-17,Beauty,119.1,7,0,0
ORD0008582,C002085,2024-11-13,Beauty,236.18,1,0,0
ORD0008583,C002085,2025-06-07,Beauty,191.03,3,0,0
ORD0008584,C002085,2025-03-09,Accessories,310.69,4,0,0
ORD0008585,C002085,2024-11-26,Accessories,127.96,3,0,1
ORD0008586,C002086,2025-01-18,Fragrance,149.34,4,1,1
ORD0008587,C002086,2026-01-21,Fragrance,485.17,3,0,1
ORD0008588,C002087,2024-09-01,RTW,194.32,1,0,0
ORD0008589,C002087,2025-06-16,Accessories,829.72,4,0,1
ORD0008590,C002087,2025-11-30,Accessories,682.92,4,0,1
ORD0008591,C002087,2024-08-27,Beauty,104.75,4,0,1
ORD0008592,C002087,2025-03-30,Beauty,492.09,1,0,0
ORD0008593,C002087,2025-01-10,RTW,267.67,4,0,1
ORD0008594,C002088,2025-07-03,RTW,519.43,4,0,0
ORD0008595,C002088,2025-05-25,Beauty,50.0,2,0,0
ORD0008596,C002088,2025-01-27,Fragrance,133.22,6,0,0
ORD0008597,C002088,2024-10-25,Accessories,53.38,2,1,1
ORD0008598,C002088,2025-02-19,Beauty,551.31,4,0,0
ORD0008599,C002088,2025-09-16,Accessories,74.88,3,0,0
ORD0008600,C002088,2026-01-23,RTW,148.53,1,0,0
ORD0008601,C002088,2025-08-13,RTW,161.41,3,0,0
ORD0008602,C002089,2025-09-04,Accessories,880.12,4,0,1
ORD0008603,C002089,2024-08-11,RTW,313.46,3,0,1
ORD0008604,C002089,2025-08-19,Accessories,230.91,4,0,1
ORD0008605,C002089,2025-01-09,Fragrance,453.53,6,0,1
ORD0008606,C002089,2025-05-19,RTW,101.75,4,0,1
ORD0008607,C002089,2025-07-30,Fragrance,1637.86,1,0,0
ORD0008608,C002089,2024-10-07,RTW,366.96,2,1,1
ORD0008609,C002090,2025-02-12,Fragrance,114.74,6,0,0
ORD0008610,C002090,2024-11-02,Beauty,184.79,5,0,0
ORD0008611,C002090,2024-12-03,Fragrance,168.9,6,0,0
ORD0008612,C002090,2025-07-21,Beauty,490.98,2,0,0
ORD0008613,C002090,2025-08-25,Beauty,637.79,3,0,0
ORD0008614,C002090,2025-04-18,Beauty,125.14,6,1,0
ORD0008615,C002091,2025-08-04,Beauty,190.95,2,0,0
ORD0008616,C002091,2025-09-10,Fragrance,186.56,5,0,0
ORD0008617,C002091,2024-12-25,RTW,525.15,4,0,0
ORD0008618,C002091,2025-05-19,Beauty,50.0,3,0,0
ORD0008619,C002092,2024-09-04,Beauty,206.09,7,0,0
ORD0008620,C002092,2025-04-21,Accessories,143.99,1,1,0
ORD0008621,C002092,2025-08-15,Beauty,143.73,5,0,0
ORD0008622,C002092,2025-05-31,Beauty,117.05,1,1,0
ORD0008623,C002093,2025-12-09,Fragrance,396.67,6,0,0
ORD0008624,C002093,2025-06-14,Fragrance,170.37,2,1,0
ORD0008625,C002093,2025-08-21,Beauty,334.9,3,0,0
ORD0008626,C002093,2025-07-19,Beauty,947.8,6,0,0
ORD0008627,C002093,2026-01-21,Fragrance,198.51,4,0,0
ORD0008628,C002093,2025-01-06,Beauty,195.21,7,0,0
ORD0008629,C002093,2024-09-02,Fragrance,174.01,1,0,0
ORD0008630,C002094,2025-09-10,Beauty,469.01,7,1,0
ORD0008631,C002094,2025-01-20,Beauty,65.07,3,1,0
ORD0008632,C002094,2024-12-09,Accessories,60.13,1,0,0
ORD0008633,C002094,2025-04-06,Beauty,72.2,4,0,0
ORD0008634,C002094,2024-11-08,Beauty,151.96,5,0,0
ORD0008635,C002096,2024-08-12,Fragrance,97.75,5,0,0
ORD0008636,C002096,2025-08-04,Accessories,332.37,4,0,1
ORD0008637,C002096,2025-01-25,Accessories,1812.82,4,0,1
ORD0008638,C002096,2025-04-09,RTW,754.24,4,0,0
ORD0008639,C002096,2025-06-26,Accessories,350.03,4,0,1
ORD0008640,C002096,2025-07-07,Fragrance,253.22,6,0,0
ORD0008641,C002097,2025-04-05,Fragrance,194.7,4,0,1
ORD0008642,C002097,2025-08-22,Accessories,437.85,4,0,0
ORD0008643,C002097,2025-08-28,Beauty,660.47,9,0,1
ORD0008644,C002097,2025-07-02,Fragrance,460.35,6,0,1
ORD0008645,C002097,2025-12-11,Beauty,197.22,3,0,0
ORD0008646,C002098,2024-09-06,Beauty,181.15,6,0,1
ORD0008647,C002098,2025-10-30,Beauty,721.05,7,0,0
ORD0008648,C002098,2025-05-15,Beauty,282.85,5,0,0
ORD0008649,C002098,2025-12-26,Beauty,895.77,6,0,1
ORD0008650,C002098,2025-10-22,Fragrance,905.95,3,0,1
ORD0008651,C002099,2025-01-11,Accessories,414.11,4,0,0
ORD0008652,C002099,2025-09-05,RTW,390.3,3,0,1
ORD0008653,C002100,2025-03-11,Beauty,50.0,2,0,1
ORD0008654,C002100,2026-01-28,Accessories,384.63,2,0,1
ORD0008655,C002100,2025-01-08,Fragrance,486.5,4,0,0
ORD0008656,C002100,2025-02-04,Beauty,69.5,6,1,0
ORD0008657,C002100,2026-01-29,RTW,823.5,4,0,0
ORD0008658,C002101,2025-11-10,Beauty,218.73,3,1,0
ORD0008659,C002101,2024-12-02,Fragrance,167.3,2,0,0
ORD0008660,C002101,2025-11-30,RTW,619.57,4,0,0
ORD0008661,C002101,2026-01-24,Accessories,470.54,4,0,0
ORD0008662,C002101,2025-10-16,Beauty,158.59,2,0,0
ORD0008663,C002101,2025-02-21,Fragrance,62.62,6,0,0
ORD0008664,C002102,2025-10-14,Fragrance,167.39,2,0,0
ORD0008665,C002102,2025-09-15,Beauty,498.4,3,0,1
ORD0008666,C002102,2026-01-06,RTW,50.0,4,0,0
ORD0008667,C002102,2025-04-11,Beauty,299.53,2,0,0
ORD0008668,C002103,2025-06-18,Beauty,264.64,6,0,0
ORD0008669,C002103,2025-11-14,Fragrance,242.95,2,0,1
ORD0008670,C002103,2025-08-02,Beauty,481.99,3,0,0
ORD0008671,C002103,2025-06-28,Beauty,143.0,4,0,0
ORD0008672,C002104,2025-02-10,RTW,260.51,4,0,1
ORD0008673,C002104,2026-01-16,Accessories,497.38,3,0,0
ORD0008674,C002104,2026-01-15,RTW,474.81,4,0,0
ORD0008675,C002104,2024-08-20,Beauty,438.89,4,0,1
ORD0008676,C002105,2026-01-04,Fragrance,721.71,6,0,1
ORD0008677,C002105,2025-12-30,RTW,270.91,4,0,1
ORD0008678,C002105,2025-10-26,Beauty,120.6,2,0,1
ORD0008679,C002105,2025-06-17,RTW,278.86,3,0,1
ORD0008680,C002105,2024-09-06,Fragrance,186.39,2,0,1
ORD0008681,C002105,2025-03-12,Accessories,418.8,4,0,1
ORD0008682,C002105,2025-11-24,Beauty,50.0,4,0,0
ORD0008683,C002107,2025-08-14,Fragrance,491.45,2,0,0
ORD0008684,C002107,2025-08-01,Beauty,231.82,4,0,0
ORD0008685,C002107,2025-07-30,Beauty,318.9,6,0,0
ORD0008686,C002107,2025-11-18,Beauty,455.53,4,0,0
ORD0008687,C002107,2025-12-13,RTW,408.59,4,0,0
ORD0008688,C002107,2025-02-02,Accessories,83.86,2,0,0
ORD0008689,C002108,2024-12-25,Beauty,94.37,2,0,0
ORD0008690,C002108,2025-08-22,Beauty,116.96,4,0,0
ORD0008691,C002108,2025-02-22,Beauty,118.15,6,0,0
ORD0008692,C002109,2025-12-03,Accessories,505.79,3,0,1
ORD0008693,C002109,2025-09-13,Beauty,138.16,4,0,0
ORD0008694,C002109,2025-11-27,Accessories,408.8,4,0,0
ORD0008695,C002109,2025-05-31,Accessories,50.0,4,1,0
ORD0008696,C002109,2025-08-11,Accessories,304.87,4,0,0
ORD0008697,C002109,2025-08-11,Beauty,233.55,3,0,0
ORD0008698,C002109,2025-08-28,Accessories,79.88,4,0,1
ORD0008699,C002110,2025-06-09,Accessories,298.9,4,0,1
ORD0008700,C002110,2025-12-13,Fragrance,50.11,1,0,0
ORD0008701,C002110,2025-06-07,Fragrance,477.37,5,0,1
ORD0008702,C002111,2025-05-12,RTW,811.77,4,0,1
ORD0008703,C002111,2025-05-03,Fragrance,934.27,6,0,1
ORD0008704,C002111,2025-01-31,Beauty,240.22,3,0,1
ORD0008705,C002112,2025-06-14,Accessories,800.98,4,0,0
ORD0008706,C002112,2025-05-15,Accessories,243.28,4,0,0
ORD0008707,C002112,2024-12-05,Beauty,124.71,4,0,0
ORD0008708,C002113,2025-12-14,Accessories,197.01,4,0,1
ORD0008709,C002113,2025-02-24,Accessories,632.1,4,0,1
ORD0008710,C002113,2025-04-27,Accessories,304.11,2,0,1
ORD0008711,C002113,2024-09-10,Beauty,134.73,5,0,1
ORD0008712,C002113,2026-01-02,Fragrance,189.79,5,0,1
ORD0008713,C002114,2025-09-24,Beauty,102.4,4,0,0
ORD0008714,C002114,2025-08-09,Fragrance,157.23,1,1,0
ORD0008715,C002114,2024-09-23,RTW,84.51,2,0,0
ORD0008716,C002114,2025-06-07,Fragrance,180.39,3,0,0
ORD0008717,C002115,2024-10-05,Accessories,649.08,4,0,0
ORD0008718,C002115,2026-01-20,RTW,169.77,2,1,0
ORD0008719,C002115,2025-01-30,RTW,70.71,4,0,0
ORD0008720,C002115,2024-09-01,Fragrance,766.86,3,0,0
ORD0008721,C002116,2024-12-21,Beauty,1894.17,5,0,0
ORD0008722,C002116,2025-07-01,Accessories,156.09,3,0,0
ORD0008723,C002116,2025-01-08,Fragrance,453.63,5,0,0
ORD0008724,C002116,2024-11-03,Beauty,416.89,2,0,1
ORD0008725,C002116,2025-12-02,Beauty,158.43,6,0,0
ORD0008726,C002116,2024-10-06,Beauty,124.86,6,0,1
ORD0008727,C002117,2025-10-14,Beauty,233.46,3,0,0
ORD0008728,C002117,2024-08-19,Accessories,255.1,4,0,0
ORD0008729,C002117,2025-08-26,Beauty,1545.61,7,0,0
ORD0008730,C002117,2025-04-17,Beauty,124.28,8,1,0
ORD0008731,C002117,2025-05-23,Fragrance,230.18,4,0,0
ORD0008732,C002117,2026-01-12,Beauty,101.42,4,0,0
ORD0008733,C002117,2025-02-28,Beauty,741.72,5,0,0
ORD0008734,C002117,2025-09-17,Beauty,82.63,7,0,0
ORD0008735,C002118,2025-04-09,Accessories,205.84,4,0,0
ORD0008736,C002118,2025-06-22,RTW,85.46,4,0,1
ORD0008737,C002118,2025-07-13,Fragrance,82.53,4,0,0
ORD0008738,C002118,2024-10-17,Accessories,240.19,4,0,1
ORD0008739,C002119,2025-11-23,Accessories,380.34,3,0,1
ORD0008740,C002119,2025-01-01,Accessories,641.97,2,0,1
ORD0008741,C002120,2024-08-21,Beauty,1064.28,5,0,0
ORD0008742,C002120,2026-01-19,RTW,111.2,3,0,0
ORD0008743,C002120,2025-01-29,Beauty,120.08,8,0,1
ORD0008744,C002120,2024-12-20,Fragrance,175.05,5,1,0
ORD0008745,C002120,2025-02-10,Fragrance,310.51,4,0,0
ORD0008746,C002120,2024-10-08,RTW,228.23,4,0,1
ORD0008747,C002120,2025-12-31,RTW,563.8,4,1,1
ORD0008748,C002121,2024-09-17,RTW,353.06,4,0,0
ORD0008749,C002121,2025-02-28,Accessories,267.04,1,0,0
ORD0008750,C002121,2024-10-27,Accessories,394.26,4,0,1
ORD0008751,C002121,2025-12-21,Fragrance,50.0,3,0,0
ORD0008752,C002122,2025-11-22,Beauty,371.67,3,0,0
ORD0008753,C002122,2024-12-28,Accessories,56.03,1,0,0
ORD0008754,C002122,2024-09-27,Fragrance,178.03,4,0,0
ORD0008755,C002123,2025-01-01,Beauty,426.94,3,1,0
ORD0008756,C002123,2025-07-09,Accessories,193.8,4,0,1
ORD0008757,C002123,2025-02-13,Accessories,432.66,3,0,0
ORD0008758,C002123,2024-12-15,Fragrance,331.35,4,0,0
ORD0008759,C002124,2025-10-24,Beauty,400.37,4,0,1
ORD0008760,C002125,2026-01-10,Fragrance,379.43,3,0,1
ORD0008761,C002125,2024-09-09,Beauty,306.72,3,0,1
ORD0008762,C002125,2025-04-21,Beauty,298.31,5,0,1
ORD0008763,C002125,2025-08-18,Fragrance,398.56,6,0,0
ORD0008764,C002126,2024-09-03,Fragrance,79.69,4,0,1
ORD0008765,C002126,2024-10-23,Beauty,1246.05,3,0,1
ORD0008766,C002126,2024-11-22,Accessories,327.53,3,0,1
ORD0008767,C002126,2025-10-19,Accessories,76.38,2,0,1
ORD0008768,C002126,2025-07-29,Fragrance,622.61,2,0,1
ORD0008769,C002126,2025-11-20,Accessories,154.77,3,1,1
ORD0008770,C002127,2025-02-25,Beauty,335.85,2,0,0
ORD0008771,C002127,2024-11-27,Beauty,84.91,7,0,0
ORD0008772,C002127,2025-09-04,RTW,180.62,4,0,0
ORD0008773,C002127,2025-08-20,Accessories,562.24,4,0,1
ORD0008774,C002128,2025-09-05,RTW,254.49,1,0,0
ORD0008775,C002128,2025-10-02,Fragrance,313.12,3,0,0
ORD0008776,C002128,2024-08-27,Beauty,694.58,4,0,0
ORD0008777,C002128,2025-05-11,Beauty,180.54,2,0,0
ORD0008778,C002128,2025-11-26,Fragrance,289.42,1,0,0
ORD0008779,C002129,2025-04-06,RTW,465.19,4,1,1
ORD0008780,C002129,2025-02-22,Fragrance,238.47,2,0,1
ORD0008781,C002129,2025-06-12,RTW,586.54,4,1,1
ORD0008782,C002129,2025-06-25,RTW,1208.75,4,0,1
ORD0008783,C002130,2025-09-26,Fragrance,91.06,5,0,1
ORD0008784,C002130,2024-12-13,RTW,393.16,4,0,1
ORD0008785,C002130,2025-09-26,Beauty,283.65,4,0,0
ORD0008786,C002130,2025-05-14,Accessories,143.96,1,0,0
ORD0008787,C002130,2025-10-25,Accessories,99.53,4,0,1
ORD0008788,C002130,2026-01-26,Accessories,225.15,4,1,0
ORD0008789,C002131,2025-12-24,Beauty,339.43,4,0,1
ORD0008790,C002131,2025-12-15,Fragrance,378.95,1,0,0
ORD0008791,C002131,2025-09-27,Fragrance,200.68,2,1,1
ORD0008792,C002131,2025-12-20,Beauty,50.0,4,0,0
ORD0008793,C002131,2024-09-20,Beauty,232.77,3,0,1
ORD0008794,C002131,2025-08-18,Accessories,1008.83,4,0,0
ORD0008795,C002131,2025-02-26,Fragrance,373.97,1,0,1
ORD0008796,C002132,2024-10-23,Beauty,323.73,6,0,0
ORD0008797,C002132,2025-05-11,Beauty,212.19,6,0,0
ORD0008798,C002132,2025-08-31,Beauty,474.3,5,0,1
ORD0008799,C002132,2024-09-26,RTW,350.13,4,0,0
ORD0008800,C002132,2024-12-09,RTW,327.33,1,0,0
ORD0008801,C002132,2025-04-23,Fragrance,284.55,6,0,0
ORD0008802,C002132,2024-08-28,Fragrance,201.24,5,0,0
ORD0008803,C002133,2025-05-26,Fragrance,103.81,8,0,0
ORD0008804,C002133,2025-11-23,Fragrance,748.27,4,0,0
ORD0008805,C002133,2025-03-06,Accessories,289.09,4,0,0
ORD0008806,C002133,2025-09-06,Beauty,677.41,5,0,0
ORD0008807,C002134,2025-12-05,Fragrance,87.42,5,0,0
ORD0008808,C002134,2024-09-10,RTW,102.7,4,0,0
ORD0008809,C002134,2025-07-15,Fragrance,955.34,4,0,1
ORD0008810,C002134,2025-10-13,Fragrance,356.45,2,0,0
ORD0008811,C002135,2026-01-10,Beauty,212.43,3,0,0
ORD0008812,C002135,2025-08-22,Beauty,124.27,2,0,0
ORD0008813,C002135,2025-12-01,RTW,177.13,2,1,0
ORD0008814,C002135,2025-10-21,Accessories,66.44,3,0,0
ORD0008815,C002135,2024-09-11,Beauty,108.88,6,0,0
ORD0008816,C002135,2026-01-30,Beauty,222.13,2,0,0
ORD0008817,C002135,2024-10-29,Accessories,321.46,3,0,0
ORD0008818,C002136,2024-10-08,Beauty,815.56,3,1,1
ORD0008819,C002136,2025-03-03,Accessories,122.46,3,1,0
ORD0008820,C002136,2025-04-03,Accessories,1533.37,4,0,1
ORD0008821,C002136,2025-08-22,RTW,1004.23,3,0,1
ORD0008822,C002136,2026-01-06,RTW,223.48,3,0,1
ORD0008823,C002136,2025-10-19,RTW,441.62,1,0,1
ORD0008824,C002136,2024-10-15,Fragrance,348.82,5,0,0
ORD0008825,C002136,2025-08-12,Accessories,376.36,2,0,1
ORD0008826,C002138,2025-09-05,Beauty,58.32,5,0,1
ORD0008827,C002138,2025-11-18,Fragrance,1538.49,1,0,0
ORD0008828,C002138,2025-06-07,Accessories,383.83,4,0,1
ORD0008829,C002138,2025-03-20,RTW,615.82,4,0,1
ORD0008830,C002138,2024-09-23,Beauty,492.79,3,0,1
ORD0008831,C002138,2025-04-16,Accessories,161.72,4,0,1
ORD0008832,C002138,2024-08-24,Accessories,350.21,3,0,1
ORD0008833,C002138,2025-07-05,Accessories,230.76,2,0,1
ORD0008834,C002138,2025-10-12,Accessories,514.96,4,0,1
ORD0008835,C002139,2025-02-05,RTW,206.12,4,1,0
ORD0008836,C002139,2024-12-24,RTW,56.97,4,0,0
ORD0008837,C002139,2025-12-31,Beauty,75.79,3,0,0
ORD0008838,C002139,2024-10-05,RTW,400.33,3,0,0
ORD0008839,C002139,2025-08-25,Beauty,411.58,6,0,0
ORD0008840,C002139,2024-11-14,Fragrance,185.28,4,0,0
ORD0008841,C002140,2025-03-06,Accessories,527.25,4,0,1
ORD0008842,C002140,2025-06-05,Fragrance,339.05,2,0,1
ORD0008843,C002140,2025-08-23,Beauty,164.34,3,0,0
ORD0008844,C002140,2024-12-05,Accessories,269.39,4,0,1
ORD0008845,C002140,2025-02-22,Beauty,623.43,5,0,1
ORD0008846,C002141,2024-09-05,Accessories,50.0,4,0,0
ORD0008847,C002141,2024-10-10,Beauty,252.26,7,0,1
ORD0008848,C002141,2025-11-22,Accessories,268.13,4,0,0
ORD0008849,C002141,2025-12-29,Fragrance,425.78,4,0,0
ORD0008850,C002141,2025-07-23,RTW,56.99,4,1,1
ORD0008851,C002142,2024-11-02,Fragrance,50.0,3,0,0
ORD0008852,C002142,2025-01-01,Fragrance,50.0,2,0,0
ORD0008853,C002142,2025-01-14,Beauty,1218.14,3,0,0
ORD0008854,C002142,2025-09-30,Beauty,146.67,5,1,1
ORD0008855,C002142,2025-02-08,Beauty,259.52,3,0,0
ORD0008856,C002142,2026-01-22,Accessories,946.21,3,0,0
ORD0008857,C002143,2025-01-13,Accessories,437.26,3,1,1
ORD0008858,C002143,2024-09-13,Accessories,456.1,4,0,1
ORD0008859,C002144,2025-10-28,RTW,98.17,2,0,1
ORD0008860,C002144,2024-11-12,RTW,151.77,3,0,0
ORD0008861,C002144,2025-03-11,Accessories,990.57,2,0,1
ORD0008862,C002144,2024-12-18,Beauty,103.59,3,0,1
ORD0008863,C002144,2025-12-26,Beauty,290.98,2,0,1
ORD0008864,C002144,2025-02-10,Fragrance,529.71,4,1,1
ORD0008865,C002145,2024-10-30,RTW,389.04,3,0,1
ORD0008866,C002145,2025-07-09,Fragrance,178.01,6,0,1
ORD0008867,C002145,2025-02-22,Accessories,1628.28,4,0,1
ORD0008868,C002145,2025-08-07,Accessories,56.33,3,0,1
ORD0008869,C002145,2025-05-18,RTW,242.92,3,0,1
ORD0008870,C002146,2026-01-10,RTW,747.24,2,0,0
ORD0008871,C002146,2024-09-13,Accessories,264.2,4,0,1
ORD0008872,C002146,2025-07-12,RTW,266.36,4,0,1
ORD0008873,C002146,2025-10-31,Fragrance,120.07,2,0,0
ORD0008874,C002146,2025-11-13,Fragrance,383.69,4,0,0
ORD0008875,C002146,2024-11-15,Beauty,272.98,5,0,1
ORD0008876,C002146,2025-09-08,Fragrance,236.74,4,0,0
ORD0008877,C002146,2025-05-08,Accessories,459.33,4,0,0
ORD0008878,C002146,2025-12-21,Beauty,500.23,5,0,0
ORD0008879,C002146,2026-01-28,Fragrance,136.62,7,1,0
ORD0008880,C002146,2025-10-12,RTW,749.85,4,0,0
ORD0008881,C002147,2025-11-17,Accessories,1758.14,4,0,1
ORD0008882,C002147,2025-12-17,RTW,121.36,2,0,1
ORD0008883,C002148,2025-05-18,Beauty,103.11,6,0,0
ORD0008884,C002148,2025-03-27,Accessories,1089.47,3,0,0
ORD0008885,C002148,2025-09-30,Accessories,257.63,3,0,0
ORD0008886,C002148,2024-08-21,RTW,122.0,4,1,0
ORD0008887,C002148,2025-05-20,Fragrance,188.18,5,1,1
ORD0008888,C002149,2026-01-12,RTW,452.67,2,0,0
ORD0008889,C002151,2026-01-18,RTW,494.76,4,0,1
ORD0008890,C002151,2024-08-28,Accessories,198.39,4,1,1
ORD0008891,C002151,2026-01-14,Fragrance,243.18,7,0,1
ORD0008892,C002151,2026-01-05,Fragrance,77.97,3,0,1
ORD0008893,C002151,2025-10-07,RTW,582.43,4,0,0
ORD0008894,C002151,2025-02-17,RTW,162.14,4,0,0
ORD0008895,C002151,2025-06-18,Accessories,485.58,4,0,1
ORD0008896,C002153,2024-11-14,RTW,726.8,4,0,1
ORD0008897,C002153,2025-12-23,Fragrance,397.5,5,0,0
ORD0008898,C002153,2025-06-03,RTW,176.64,3,0,1
ORD0008899,C002153,2024-12-02,Beauty,450.9,4,0,1
ORD0008900,C002153,2025-09-12,RTW,578.22,4,0,1
ORD0008901,C002154,2025-04-08,Fragrance,1812.98,1,0,0
ORD0008902,C002154,2024-11-24,Fragrance,231.4,2,0,1
ORD0008903,C002155,2025-10-05,Beauty,239.65,3,0,0
ORD0008904,C002155,2025-02-09,Beauty,62.99,3,0,0
ORD0008905,C002155,2024-12-20,Accessories,226.04,1,0,1
ORD0008906,C002155,2025-05-02,Beauty,266.76,1,0,0
ORD0008907,C002155,2025-05-06,Accessories,115.45,1,0,0
ORD0008908,C002155,2025-03-08,Fragrance,113.86,3,0,0
ORD0008909,C002156,2024-12-28,Accessories,410.46,3,1,0
ORD0008910,C002156,2026-01-30,Fragrance,116.08,2,0,1
ORD0008911,C002156,2025-05-10,Fragrance,867.21,2,0,0
ORD0008912,C002156,2025-02-02,Beauty,170.85,1,0,0
ORD0008913,C002156,2025-09-30,Beauty,176.21,2,0,0
ORD0008914,C002156,2024-09-15,Beauty,115.35,3,0,0
ORD0008915,C002157,2025-10-24,Accessories,775.42,3,0,1
ORD0008916,C002158,2025-02-11,RTW,155.02,2,0,1
ORD0008917,C002158,2024-09-04,Beauty,1221.44,5,0,1
ORD0008918,C002158,2025-04-08,Accessories,234.17,4,0,1
ORD0008919,C002158,2025-02-04,Accessories,326.79,3,1,1
ORD0008920,C002158,2025-03-06,Beauty,360.14,2,0,0
ORD0008921,C002158,2025-09-22,Beauty,1985.49,6,0,1
ORD0008922,C002159,2025-09-01,Accessories,87.44,3,0,0
ORD0008923,C002159,2024-09-17,RTW,466.07,4,0,1
ORD0008924,C002160,2025-07-24,Beauty,50.38,5,0,0
ORD0008925,C002161,2025-01-23,RTW,194.57,3,0,0
ORD0008926,C002161,2025-01-24,Accessories,366.42,4,0,0
ORD0008927,C002162,2024-12-20,Beauty,314.97,6,1,0
ORD0008928,C002163,2025-03-06,Beauty,498.46,6,0,1
ORD0008929,C002163,2025-05-24,Beauty,342.72,2,0,0
ORD0008930,C002163,2024-08-18,Fragrance,335.59,3,0,1
ORD0008931,C002163,2025-04-20,Fragrance,1114.36,3,0,0
ORD0008932,C002163,2024-10-02,Accessories,621.6,4,0,1
ORD0008933,C002163,2024-08-26,Fragrance,150.76,5,0,1
ORD0008934,C002163,2024-11-13,Accessories,601.84,4,0,1
ORD0008935,C002164,2025-07-14,Accessories,191.4,4,0,0
ORD0008936,C002164,2024-12-02,Accessories,260.89,2,0,0
ORD0008937,C002165,2024-11-10,RTW,276.47,1,0,1
ORD0008938,C002166,2024-12-02,Accessories,240.56,4,0,1
ORD0008939,C002166,2025-08-05,RTW,232.92,3,0,1
ORD0008940,C002166,2025-05-15,Accessories,1155.05,4,0,1
ORD0008941,C002166,2025-02-12,RTW,352.08,4,0,1
ORD0008942,C002166,2024-10-06,Fragrance,1118.82,5,0,1
ORD0008943,C002167,2025-12-28,Fragrance,194.64,5,0,0
ORD0008944,C002167,2025-09-15,Beauty,50.0,2,0,1
ORD0008945,C002167,2024-10-22,Beauty,135.21,6,0,0
ORD0008946,C002167,2026-01-03,Fragrance,257.68,2,0,0
ORD0008947,C002167,2025-01-24,Beauty,152.46,5,0,1
ORD0008948,C002167,2024-12-31,Fragrance,186.03,2,0,0
ORD0008949,C002168,2025-05-02,Accessories,1312.57,4,0,0
ORD0008950,C002168,2025-06-26,RTW,693.42,2,0,0
ORD0008951,C002168,2025-04-17,RTW,395.46,2,0,0
ORD0008952,C002170,2025-12-30,RTW,97.62,4,0,1
ORD0008953,C002170,2025-05-31,RTW,145.28,4,0,1
ORD0008954,C002170,2024-11-15,Fragrance,775.98,5,0,1
ORD0008955,C002170,2024-10-08,Fragrance,494.21,3,0,1
ORD0008956,C002170,2024-11-22,Accessories,300.67,4,0,1
ORD0008957,C002170,2025-05-12,RTW,324.57,4,0,1
ORD0008958,C002171,2025-09-13,RTW,393.06,4,0,1
ORD0008959,C002171,2025-10-23,Fragrance,536.76,6,1,0
ORD0008960,C002172,2025-04-03,Beauty,97.83,6,1,0
ORD0008961,C002172,2025-05-19,Beauty,197.13,2,0,0
ORD0008962,C002172,2025-08-06,RTW,599.37,4,0,0
ORD0008963,C002172,2024-10-30,Fragrance,155.14,9,0,0
ORD0008964,C002173,2025-02-10,RTW,91.81,4,0,0
ORD0008965,C002173,2025-04-16,RTW,50.0,3,0,0
ORD0008966,C002173,2025-06-13,Beauty,1011.17,2,0,0
ORD0008967,C002173,2025-05-05,Beauty,253.39,8,0,0
ORD0008968,C002173,2024-09-13,Beauty,193.15,4,0,0
ORD0008969,C002174,2024-10-21,Beauty,391.42,2,0,1
ORD0008970,C002174,2025-02-17,Accessories,209.29,3,1,0
ORD0008971,C002174,2024-08-15,RTW,80.61,4,0,1
ORD0008972,C002175,2025-10-27,Accessories,1304.76,2,1,0
ORD0008973,C002175,2024-08-10,Accessories,162.22,4,0,0
ORD0008974,C002175,2025-06-12,Accessories,114.32,2,0,1
ORD0008975,C002175,2025-06-09,RTW,96.78,4,0,1
ORD0008976,C002175,2024-09-17,Fragrance,596.13,4,0,1
ORD0008977,C002175,2025-04-01,Accessories,519.93,4,0,1
ORD0008978,C002175,2025-04-13,Accessories,447.72,2,0,0
ORD0008979,C002176,2025-05-23,RTW,383.07,3,0,0
ORD0008980,C002176,2025-03-18,RTW,50.0,3,0,0
ORD0008981,C002176,2025-01-03,Accessories,268.42,3,0,0
ORD0008982,C002176,2025-05-25,Accessories,215.57,3,0,1
ORD0008983,C002176,2025-02-16,RTW,174.58,3,0,0
ORD0008984,C002177,2025-12-06,Accessories,326.88,3,0,0
ORD0008985,C002177,2025-03-12,Fragrance,223.78,3,0,1
ORD0008986,C002177,2024-11-27,Fragrance,414.19,3,0,0
ORD0008987,C002177,2024-10-02,Fragrance,165.82,5,0,1
ORD0008988,C002177,2024-11-01,Fragrance,74.03,4,0,0
ORD0008989,C002177,2025-11-22,RTW,317.23,4,0,0
ORD0008990,C002177,2024-08-19,Fragrance,200.38,4,0,1
ORD0008991,C002178,2024-12-02,Beauty,84.99,4,0,1
ORD0008992,C002178,2025-06-14,RTW,153.79,4,0,0
ORD0008993,C002178,2025-04-08,Beauty,140.13,3,0,0
ORD0008994,C002178,2025-09-14,RTW,155.2,4,0,1
ORD0008995,C002178,2025-02-21,Fragrance,126.74,2,0,0
ORD0008996,C002178,2025-02-24,Beauty,252.91,3,0,1
ORD0008997,C002178,2025-04-18,Accessories,125.09,3,0,0
ORD0008998,C002178,2024-11-24,Accessories,77.54,3,0,0
ORD0008999,C002179,2024-08-31,Beauty,223.7,4,0,0
ORD0009000,C002179,2025-02-03,Fragrance,76.1,6,0,0
ORD0009001,C002179,2024-09-12,Fragrance,64.99,1,0,0
ORD0009002,C002179,2024-09-27,Accessories,83.07,4,0,0
ORD0009003,C002179,2025-09-14,Accessories,67.19,3,1,0
ORD0009004,C002179,2025-09-26,Beauty,239.92,4,1,1
ORD0009005,C002179,2025-05-14,Fragrance,655.14,3,0,0
ORD0009006,C002180,2024-11-30,Beauty,520.03,4,0,0
ORD0009007,C002181,2025-03-09,RTW,121.96,3,1,0
ORD0009008,C002181,2025-02-16,Accessories,865.43,3,1,0
ORD0009009,C002181,2025-12-18,RTW,64.19,2,0,0
ORD0009010,C002181,2025-10-22,Fragrance,217.06,4,0,0
ORD0009011,C002181,2026-01-16,Fragrance,430.18,7,0,1
ORD0009012,C002181,2025-05-04,Accessories,540.84,4,0,0
ORD0009013,C002181,2024-09-22,RTW,278.86,4,0,0
ORD0009014,C002182,2025-08-05,Accessories,272.06,4,0,1
ORD0009015,C002182,2025-04-05,RTW,169.3,4,0,1
ORD0009016,C002182,2024-12-23,Fragrance,411.88,5,0,1
ORD0009017,C002182,2025-09-21,Accessories,50.0,4,0,1
ORD0009018,C002182,2025-07-11,RTW,171.7,4,0,0
ORD0009019,C002182,2025-02-11,RTW,1651.99,4,1,1
ORD0009020,C002182,2024-10-12,Fragrance,322.88,8,0,1
ORD0009021,C002182,2025-07-30,Accessories,168.36,4,0,0
ORD0009022,C002182,2025-05-13,Accessories,478.3,2,0,0
ORD0009023,C002182,2025-03-01,RTW,325.01,2,0,1
ORD0009024,C002183,2025-01-13,Beauty,124.13,4,0,0
ORD0009025,C002183,2024-09-08,Fragrance,1215.41,8,0,0
ORD0009026,C002183,2025-09-19,Fragrance,303.59,4,0,0
ORD0009027,C002183,2025-02-22,Beauty,430.17,6,0,0
ORD0009028,C002183,2025-12-12,Beauty,269.18,4,0,1
ORD0009029,C002184,2025-03-30,RTW,111.32,4,0,0
ORD0009030,C002184,2025-10-28,Accessories,73.02,4,0,0
ORD0009031,C002184,2024-09-29,Accessories,1034.94,2,1,0
ORD0009032,C002184,2025-07-28,RTW,170.35,2,0,1
ORD0009033,C002184,2024-12-04,Fragrance,254.9,5,1,0
ORD0009034,C002184,2025-12-25,Accessories,342.61,3,0,1
ORD0009035,C002184,2024-12-23,Accessories,278.03,4,0,0
ORD0009036,C002185,2024-12-04,Fragrance,136.71,2,0,1
ORD0009037,C002185,2025-04-26,Beauty,203.64,2,0,1
ORD0009038,C002185,2025-10-30,Accessories,290.42,2,0,1
ORD0009039,C002185,2025-08-09,RTW,438.35,4,0,1
ORD0009040,C002186,2024-12-27,Beauty,174.85,4,0,0
ORD0009041,C002186,2025-05-25,Beauty,77.22,3,0,0
ORD0009042,C002188,2025-06-21,Fragrance,349.53,4,0,0
ORD0009043,C002188,2024-12-30,Beauty,913.43,4,0,0
ORD0009044,C002188,2025-01-15,Fragrance,320.73,5,0,0
ORD0009045,C002188,2025-03-03,Beauty,256.61,4,0,0
ORD0009046,C002188,2025-01-07,Fragrance,50.0,6,0,1
ORD0009047,C002188,2026-01-20,Beauty,306.81,5,0,0
ORD0009048,C002188,2025-10-27,RTW,613.15,4,0,0
ORD0009049,C002190,2025-08-03,Accessories,253.42,4,0,1
ORD0009050,C002190,2025-04-01,Beauty,219.17,4,0,1
ORD0009051,C002190,2025-05-01,Beauty,847.16,4,0,1
ORD0009052,C002190,2025-11-18,RTW,119.18,4,0,1
ORD0009053,C002190,2025-05-09,Accessories,221.52,4,0,1
ORD0009054,C002190,2025-07-05,Accessories,563.35,4,0,1
ORD0009055,C002190,2025-06-02,RTW,229.05,1,1,1
ORD0009056,C002190,2025-08-03,Fragrance,655.03,3,0,0
ORD0009057,C002190,2025-02-23,Beauty,749.62,3,0,1
ORD0009058,C002190,2025-06-16,Accessories,343.61,3,0,1
ORD0009059,C002191,2025-03-10,Accessories,428.53,3,1,0
ORD0009060,C002191,2025-02-20,Beauty,316.57,6,0,0
ORD0009061,C002191,2025-06-22,Beauty,686.36,3,0,1
ORD0009062,C002192,2024-12-23,Beauty,274.34,4,0,1
ORD0009063,C002192,2025-10-02,Fragrance,984.12,2,0,1
ORD0009064,C002192,2025-11-12,Beauty,101.54,5,0,1
ORD0009065,C002192,2024-08-26,Beauty,227.78,2,0,0
ORD0009066,C002192,2025-12-05,RTW,665.9,2,0,0
ORD0009067,C002193,2024-09-04,RTW,119.93,2,1,1
ORD0009068,C002193,2025-01-23,Accessories,1689.79,3,0,0
ORD0009069,C002193,2025-07-14,Accessories,332.82,2,0,1
ORD0009070,C002193,2024-09-30,Beauty,294.58,3,0,0
ORD0009071,C002194,2025-05-23,Beauty,669.87,10,0,1
ORD0009072,C002194,2025-08-20,Beauty,521.99,6,0,0
ORD0009073,C002194,2025-08-16,Fragrance,272.77,4,0,0
ORD0009074,C002195,2024-12-25,Accessories,246.62,4,0,0
ORD0009075,C002195,2025-11-29,Beauty,195.82,3,0,1
ORD0009076,C002195,2025-12-24,RTW,1601.89,1,0,0
ORD0009077,C002195,2025-01-02,Beauty,105.62,3,0,0
ORD0009078,C002195,2025-10-24,RTW,417.14,4,0,0
ORD0009079,C002195,2025-07-27,Beauty,217.53,6,0,0
ORD0009080,C002195,2026-01-21,Fragrance,551.13,4,1,1
ORD0009081,C002196,2025-05-22,Accessories,432.43,3,0,1
ORD0009082,C002196,2025-10-15,Accessories,50.0,4,0,1
ORD0009083,C002196,2024-08-27,RTW,631.54,2,0,1
ORD0009084,C002197,2025-05-07,Accessories,50.0,4,0,0
ORD0009085,C002197,2025-05-20,Fragrance,81.35,1,0,0
ORD0009086,C002198,2025-04-11,Accessories,410.23,3,1,0
ORD0009087,C002198,2025-11-06,RTW,63.09,4,0,0
ORD0009088,C002198,2025-11-22,Fragrance,448.58,4,0,1
ORD0009089,C002198,2025-01-12,Beauty,905.8,6,1,0
ORD0009090,C002198,2024-12-03,Accessories,159.09,4,0,0
ORD0009091,C002198,2025-01-22,Accessories,153.48,4,0,0
ORD0009092,C002198,2025-08-25,Beauty,173.78,6,0,1
ORD0009093,C002199,2025-09-20,Fragrance,183.1,3,0,1
ORD0009094,C002199,2024-09-15,Fragrance,449.79,5,0,0
ORD0009095,C002199,2024-11-09,Beauty,159.07,2,0,0
ORD0009096,C002199,2025-08-29,Accessories,251.06,2,0,0
ORD0009097,C002199,2025-08-02,Fragrance,360.0,7,0,1
ORD0009098,C002200,2025-06-03,Accessories,242.82,4,0,1
ORD0009099,C002200,2024-11-07,Fragrance,342.6,5,0,1
ORD0009100,C002201,2025-01-12,Beauty,120.28,8,0,1
ORD0009101,C002201,2024-12-07,Beauty,515.84,3,0,0
ORD0009102,C002201,2024-12-06,RTW,778.84,4,0,1
ORD0009103,C002202,2024-09-07,Accessories,300.14,1,0,0
ORD0009104,C002202,2025-01-27,Beauty,378.5,5,0,0
ORD0009105,C002202,2025-08-29,Fragrance,102.98,9,0,0
ORD0009106,C002203,2026-01-20,Beauty,262.55,5,0,1
ORD0009107,C002203,2025-02-03,Accessories,183.77,4,0,1
ORD0009108,C002203,2025-12-11,Accessories,171.27,3,0,0
ORD0009109,C002203,2024-12-14,Fragrance,147.5,3,0,0
ORD0009110,C002203,2025-02-05,Beauty,262.64,3,0,0
ORD0009111,C002204,2025-02-18,Beauty,116.21,2,0,1
ORD0009112,C002204,2025-03-09,Accessories,233.39,2,0,1
ORD0009113,C002204,2024-11-26,Beauty,112.13,5,0,1
ORD0009114,C002206,2025-05-09,Fragrance,240.46,3,0,1
ORD0009115,C002206,2025-06-27,Accessories,476.48,2,0,0
ORD0009116,C002207,2024-11-19,Beauty,137.02,6,0,0
ORD0009117,C002207,2025-04-03,Beauty,166.79,3,0,0
ORD0009118,C002207,2025-06-20,Accessories,108.64,2,0,0
ORD0009119,C002207,2024-11-03,Accessories,147.76,3,0,0
ORD0009120,C002207,2025-06-10,Beauty,327.74,5,0,0
ORD0009121,C002207,2025-09-01,Accessories,56.48,4,0,0
ORD0009122,C002208,2024-11-16,Beauty,132.3,6,0,0
ORD0009123,C002208,2025-10-05,Beauty,299.26,2,0,1
ORD0009124,C002208,2026-01-30,Accessories,320.4,4,0,0
ORD0009125,C002208,2025-07-03,Beauty,180.41,3,0,0
ORD0009126,C002208,2025-05-25,RTW,106.88,2,0,0
ORD0009127,C002210,2025-03-06,Fragrance,50.0,3,0,0
ORD0009128,C002210,2025-04-09,Fragrance,152.33,3,1,0
ORD0009129,C002211,2026-01-27,Beauty,255.53,5,0,0
ORD0009130,C002211,2024-11-30,Beauty,68.93,3,1,0
ORD0009131,C002211,2024-11-19,Fragrance,180.8,4,0,1
ORD0009132,C002211,2025-02-01,Beauty,204.55,3,0,0
ORD0009133,C002211,2025-06-03,RTW,275.44,3,0,0
ORD0009134,C002212,2026-01-14,Beauty,308.14,2,0,0
ORD0009135,C002212,2025-03-12,Beauty,460.89,5,0,0
ORD0009136,C002212,2025-10-27,Accessories,980.25,3,0,1
ORD0009137,C002212,2025-06-07,Beauty,257.24,4,0,1
ORD0009138,C002212,2024-11-05,Accessories,137.99,3,0,0
ORD0009139,C002212,2024-08-12,Accessories,641.46,3,0,1
ORD0009140,C002212,2025-02-10,Fragrance,180.22,6,0,0
ORD0009141,C002213,2024-10-24,Fragrance,74.52,5,1,1
ORD0009142,C002213,2025-05-16,Accessories,180.05,4,0,1
ORD0009143,C002214,2024-12-27,Accessories,58.57,3,1,1
ORD0009144,C002214,2025-03-09,Accessories,1533.3,2,0,1
ORD0009145,C002214,2024-09-29,Accessories,208.66,4,0,1
ORD0009146,C002214,2024-11-07,Accessories,178.95,2,0,1
ORD0009147,C002214,2025-06-17,Beauty,1624.29,5,0,1
ORD0009148,C002214,2024-11-01,Fragrance,391.65,4,0,0
ORD0009149,C002214,2025-11-17,Fragrance,189.11,4,0,0
ORD0009150,C002214,2025-11-08,RTW,204.82,4,0,1
ORD0009151,C002214,2024-08-17,Accessories,184.15,3,0,1
ORD0009152,C002214,2025-06-18,Beauty,687.83,3,0,1
ORD0009153,C002214,2025-12-20,Beauty,781.73,3,0,1
ORD0009154,C002214,2025-11-30,RTW,337.42,3,0,1
ORD0009155,C002215,2025-04-12,Fragrance,118.63,5,0,0
ORD0009156,C002215,2025-06-09,Beauty,188.41,4,0,0
ORD0009157,C002216,2025-04-14,RTW,269.54,4,1,0
ORD0009158,C002216,2025-11-23,Fragrance,201.88,1,0,1
ORD0009159,C002216,2025-07-25,RTW,56.59,3,0,1
ORD0009160,C002216,2024-10-07,Beauty,377.34,2,1,1
ORD0009161,C002218,2025-06-05,RTW,1136.84,2,0,0
ORD0009162,C002218,2025-12-05,RTW,588.49,4,0,1
ORD0009163,C002218,2025-02-20,Accessories,205.0,2,0,1
ORD0009164,C002218,2025-07-15,Accessories,120.27,4,0,1
ORD0009165,C002218,2024-10-04,Fragrance,320.53,6,0,0
ORD0009166,C002218,2026-01-10,Accessories,1018.73,4,0,0
ORD0009167,C002218,2025-08-23,Fragrance,686.78,6,0,1
ORD0009168,C002219,2025-09-30,RTW,467.87,1,0,0
ORD0009169,C002219,2024-08-11,Beauty,513.83,4,0,1
ORD0009170,C002219,2025-03-03,Fragrance,223.37,6,0,1
ORD0009171,C002219,2025-09-03,RTW,529.3,4,0,1
ORD0009172,C002219,2025-07-20,Accessories,378.55,2,0,0
ORD0009173,C002219,2025-05-22,RTW,142.77,4,1,0
ORD0009174,C002220,2024-10-21,Beauty,135.1,4,0,0
ORD0009175,C002220,2024-08-21,Beauty,202.46,5,0,0
ORD0009176,C002220,2025-01-01,Fragrance,437.29,6,0,0
ORD0009177,C002220,2024-09-07,Fragrance,345.19,4,0,1
ORD0009178,C002220,2025-02-21,Accessories,1202.97,3,0,0
ORD0009179,C002220,2025-12-05,Accessories,278.06,2,0,1
ORD0009180,C002220,2025-01-23,Beauty,322.08,3,0,1
ORD0009181,C002220,2025-09-09,Accessories,554.55,4,0,1
ORD0009182,C002222,2026-01-03,Beauty,202.43,4,0,1
ORD0009183,C002222,2024-11-04,Beauty,451.06,5,0,0
ORD0009184,C002222,2025-09-01,Fragrance,68.69,3,0,1
ORD0009185,C002222,2024-08-19,Fragrance,395.94,4,0,1
ORD0009186,C002223,2025-06-01,Beauty,251.56,8,1,0
ORD0009187,C002223,2025-11-11,Beauty,354.14,3,0,0
ORD0009188,C002223,2025-09-29,Beauty,500.78,7,1,0
ORD0009189,C002223,2025-07-06,Beauty,142.9,2,0,0
ORD0009190,C002223,2024-11-04,Fragrance,236.51,4,0,0
ORD0009191,C002223,2025-03-13,Beauty,369.97,3,0,0
ORD0009192,C002223,2024-10-16,Fragrance,458.97,6,0,0
ORD0009193,C002223,2024-09-05,Beauty,128.43,3,0,0
ORD0009194,C002223,2025-03-14,Fragrance,292.66,4,0,0
ORD0009195,C002223,2026-01-28,Accessories,265.28,4,0,0
ORD0009196,C002223,2025-02-18,Fragrance,142.59,4,0,0
ORD0009197,C002223,2024-11-09,Beauty,392.25,2,0,0
ORD0009198,C002224,2025-01-16,Accessories,288.3,4,1,1
ORD0009199,C002224,2026-01-06,Accessories,465.67,4,0,1
ORD0009200,C002224,2025-12-15,Accessories,131.26,4,0,1
ORD0009201,C002224,2025-07-28,Fragrance,202.09,7,1,1
ORD0009202,C002226,2025-10-13,Beauty,164.23,3,0,0
ORD0009203,C002226,2024-10-27,Beauty,212.18,3,0,0
ORD0009204,C002226,2025-07-27,Accessories,346.91,3,0,0
ORD0009205,C002226,2025-02-23,Fragrance,386.02,6,0,0
ORD0009206,C002226,2025-08-24,Fragrance,65.4,6,1,0
ORD0009207,C002226,2025-08-09,Fragrance,206.18,1,0,0
ORD0009208,C002226,2025-10-17,Beauty,68.8,4,0,1
ORD0009209,C002229,2024-11-20,Beauty,160.6,4,0,0
ORD0009210,C002229,2025-01-15,Accessories,395.58,2,0,1
ORD0009211,C002229,2025-05-08,Fragrance,136.37,3,0,0
ORD0009212,C002229,2024-11-21,Beauty,273.01,1,0,0
ORD0009213,C002229,2025-09-26,RTW,144.93,1,0,1
ORD0009214,C002230,2024-12-22,RTW,116.13,3,0,0
ORD0009215,C002230,2025-12-14,Fragrance,184.05,5,0,0
ORD0009216,C002230,2025-01-15,Beauty,124.67,7,0,0
ORD0009217,C002230,2025-01-31,Accessories,254.2,4,0,0
ORD0009218,C002230,2025-03-02,Fragrance,59.36,4,0,0
ORD0009219,C002231,2025-03-10,Beauty,530.27,6,0,0
ORD0009220,C002231,2024-11-04,Beauty,236.65,6,0,0
ORD0009221,C002231,2025-02-02,Accessories,357.14,4,0,0
ORD0009222,C002231,2025-07-31,Accessories,1914.83,4,0,0
ORD0009223,C002231,2024-09-03,Beauty,227.26,5,0,1
ORD0009224,C002231,2025-03-09,Beauty,835.87,3,0,0
ORD0009225,C002234,2025-08-29,Beauty,232.21,2,0,0
ORD0009226,C002234,2025-04-07,Fragrance,253.02,2,0,0
ORD0009227,C002234,2025-08-31,Beauty,54.31,7,1,1
ORD0009228,C002234,2025-04-10,Fragrance,106.48,3,0,1
ORD0009229,C002235,2025-04-12,Fragrance,132.57,4,1,1
ORD0009230,C002235,2024-10-09,Beauty,158.55,5,0,0
ORD0009231,C002235,2025-03-26,Beauty,159.16,2,0,0
ORD0009232,C002235,2025-01-07,Accessories,492.9,1,1,0
ORD0009233,C002235,2024-11-18,Beauty,776.79,3,0,0
ORD0009234,C002236,2025-11-03,Fragrance,341.24,4,0,1
ORD0009235,C002236,2025-01-04,Accessories,123.4,3,0,1
ORD0009236,C002236,2025-04-14,RTW,164.6,4,1,1
ORD0009237,C002236,2025-01-31,Accessories,472.25,4,1,1
ORD0009238,C002236,2025-03-17,Fragrance,125.9,6,0,1
ORD0009239,C002236,2025-09-11,Fragrance,260.41,3,0,1
ORD0009240,C002236,2024-12-11,Fragrance,60.04,4,0,1
ORD0009241,C002236,2025-12-23,Fragrance,392.38,7,0,1
ORD0009242,C002236,2025-03-21,RTW,266.9,2,0,1
ORD0009243,C002236,2025-02-08,Fragrance,216.48,4,0,0
ORD0009244,C002237,2024-08-30,Beauty,272.48,6,0,0
ORD0009245,C002237,2025-06-14,RTW,1697.21,3,0,1
ORD0009246,C002237,2025-06-22,Accessories,1108.53,3,0,1
ORD0009247,C002238,2025-08-15,Beauty,90.24,5,0,0
ORD0009248,C002238,2024-08-26,Beauty,194.58,1,0,0
ORD0009249,C002238,2025-12-22,Beauty,1469.58,4,0,0
ORD0009250,C002239,2025-02-07,Accessories,385.15,3,1,0
ORD0009251,C002239,2025-04-02,Beauty,141.65,7,0,0
ORD0009252,C002240,2025-05-09,Beauty,416.1,2,0,1
ORD0009253,C002240,2024-12-10,RTW,411.66,4,0,1
ORD0009254,C002240,2025-12-25,Accessories,174.36,4,0,1
ORD0009255,C002240,2025-05-09,Fragrance,954.63,4,0,1
ORD0009256,C002240,2026-01-12,RTW,440.92,4,0,0
ORD0009257,C002240,2024-11-29,RTW,232.44,4,0,1
ORD0009258,C002240,2025-03-13,RTW,864.76,4,1,1
ORD0009259,C002240,2025-01-10,Fragrance,1268.92,3,1,1
ORD0009260,C002242,2024-09-03,Beauty,215.75,4,0,0
ORD0009261,C002242,2024-09-08,Beauty,50.0,5,0,0
ORD0009262,C002242,2024-09-04,Beauty,362.57,3,0,0
ORD0009263,C002242,2024-12-10,RTW,798.67,4,0,0
ORD0009264,C002242,2025-10-17,RTW,80.49,4,0,1
ORD0009265,C002242,2025-04-04,Beauty,315.43,5,0,0
ORD0009266,C002243,2025-07-30,Accessories,285.11,4,0,1
ORD0009267,C002243,2025-10-19,RTW,835.64,4,0,1
ORD0009268,C002243,2024-12-08,Accessories,406.51,4,0,1
ORD0009269,C002243,2024-11-07,Fragrance,555.47,6,0,1
ORD0009270,C002243,2025-02-07,Accessories,405.78,4,0,1
ORD0009271,C002243,2024-11-05,Accessories,322.92,4,0,1
ORD0009272,C002244,2024-12-22,Fragrance,62.84,5,0,0
ORD0009273,C002244,2025-02-01,Accessories,55.63,3,0,0
ORD0009274,C002244,2025-03-20,RTW,146.09,2,0,0
ORD0009275,C002244,2025-11-30,Beauty,282.07,6,0,0
ORD0009276,C002246,2024-10-25,Fragrance,50.0,5,1,0
ORD0009277,C002246,2025-06-19,Fragrance,170.94,3,1,0
ORD0009278,C002246,2024-09-10,Beauty,62.21,3,1,0
ORD0009279,C002246,2025-04-21,Beauty,356.57,3,0,0
ORD0009280,C002246,2025-11-07,Fragrance,148.24,5,0,0
ORD0009281,C002246,2025-05-17,RTW,80.08,3,0,0
ORD0009282,C002247,2025-02-24,Fragrance,63.16,4,1,0
ORD0009283,C002247,2025-10-15,Beauty,71.84,4,0,0
ORD0009284,C002247,2025-04-15,RTW,343.49,4,0,0
ORD0009285,C002247,2024-09-05,Beauty,96.62,3,0,0
ORD0009286,C002248,2024-12-02,Fragrance,155.95,2,0,1
ORD0009287,C002248,2025-01-18,Beauty,187.95,3,0,0
ORD0009288,C002248,2025-10-05,Beauty,61.36,5,0,0
ORD0009289,C002248,2024-10-13,RTW,98.6,4,0,1
ORD0009290,C002249,2024-08-30,RTW,148.98,2,0,1
ORD0009291,C002249,2026-01-09,RTW,306.17,3,0,0
ORD0009292,C002249,2025-07-18,Accessories,190.16,4,0,0
ORD0009293,C002249,2025-03-03,Fragrance,106.09,4,0,1
ORD0009294,C002249,2025-08-06,RTW,520.17,4,0,0
ORD0009295,C002250,2026-01-28,Beauty,811.08,6,0,0
ORD0009296,C002250,2025-09-29,Accessories,122.57,4,0,0
ORD0009297,C002250,2025-04-29,Beauty,80.67,3,1,0
ORD0009298,C002250,2025-09-26,Beauty,81.14,3,0,0
ORD0009299,C002251,2025-08-25,RTW,50.0,4,0,0
ORD0009300,C002251,2025-11-03,Beauty,263.6,2,0,0
ORD0009301,C002252,2024-11-16,Fragrance,120.3,5,0,0
ORD0009302,C002253,2025-07-02,Fragrance,192.54,3,0,0
ORD0009303,C002253,2025-01-27,RTW,132.69,4,0,0
ORD0009304,C002253,2025-02-04,Fragrance,196.27,2,0,1
ORD0009305,C002253,2025-01-25,RTW,424.94,4,0,0
ORD0009306,C002253,2025-02-17,Accessories,831.31,4,1,1
ORD0009307,C002254,2024-09-02,RTW,592.43,3,0,0
ORD0009308,C002254,2025-04-25,RTW,1073.2,4,0,0
ORD0009309,C002254,2025-08-07,Beauty,323.74,4,0,1
ORD0009310,C002254,2024-10-05,Accessories,264.5,4,1,1
ORD0009311,C002254,2025-07-04,Fragrance,240.44,7,0,0
ORD0009312,C002254,2025-07-26,RTW,241.53,4,0,1
ORD0009313,C002255,2025-10-15,Fragrance,215.49,5,0,1
ORD0009314,C002255,2024-12-10,RTW,502.01,4,0,1
ORD0009315,C002255,2025-05-26,Accessories,1204.4,3,0,1
ORD0009316,C002255,2024-10-28,RTW,234.56,4,0,1
ORD0009317,C002255,2024-11-07,Beauty,523.76,3,0,0
ORD0009318,C002255,2025-02-21,Fragrance,562.55,4,0,1
ORD0009319,C002256,2025-09-26,Fragrance,379.38,4,0,0
ORD0009320,C002257,2025-01-01,RTW,60.3,3,0,1
ORD0009321,C002257,2024-10-19,Accessories,1213.32,2,0,1
ORD0009322,C002258,2025-08-29,Fragrance,255.52,6,0,1
ORD0009323,C002258,2025-07-16,Fragrance,556.64,3,0,1
ORD0009324,C002259,2024-09-17,RTW,732.27,4,0,0
ORD0009325,C002259,2025-08-23,Fragrance,1021.77,5,0,1
ORD0009326,C002259,2024-12-14,Fragrance,454.16,4,0,1
ORD0009327,C002259,2026-01-26,Fragrance,188.31,5,0,1
ORD0009328,C002260,2024-12-12,Beauty,187.12,4,0,0
ORD0009329,C002260,2024-09-04,Fragrance,274.44,3,0,0
ORD0009330,C002260,2025-07-19,Accessories,137.59,3,1,0
ORD0009331,C002260,2025-07-03,Accessories,50.0,4,0,0
ORD0009332,C002260,2026-01-15,Beauty,103.28,5,0,0
ORD0009333,C002260,2025-07-02,Fragrance,1349.22,6,0,0
ORD0009334,C002260,2025-07-21,Accessories,468.86,2,0,0
ORD0009335,C002261,2025-10-24,Beauty,104.61,3,0,0
ORD0009336,C002261,2024-12-14,Beauty,288.04,4,0,0
ORD0009337,C002261,2025-08-22,Beauty,181.48,3,0,0
ORD0009338,C002261,2025-12-02,Fragrance,226.21,2,0,0
ORD0009339,C002261,2025-06-17,Beauty,50.0,4,0,0
ORD0009340,C002262,2025-01-21,Accessories,308.6,2,0,1
ORD0009341,C002262,2025-02-02,Beauty,458.49,3,0,0
ORD0009342,C002263,2025-05-29,Accessories,254.16,2,0,1
ORD0009343,C002263,2025-10-26,RTW,261.42,2,0,1
ORD0009344,C002263,2025-11-03,RTW,141.46,2,0,1
ORD0009345,C002263,2025-11-05,Fragrance,866.84,6,1,1
ORD0009346,C002264,2024-11-20,Fragrance,631.77,4,1,0
ORD0009347,C002266,2025-07-27,Accessories,517.64,4,0,1
ORD0009348,C002266,2025-11-30,Accessories,242.61,2,0,1
ORD0009349,C002267,2025-09-08,Fragrance,372.1,7,0,0
ORD0009350,C002267,2025-08-05,Beauty,103.62,2,0,0
ORD0009351,C002269,2024-09-11,Beauty,111.7,3,0,0
ORD0009352,C002269,2025-09-04,Beauty,50.0,4,0,0
ORD0009353,C002269,2025-10-15,Beauty,50.0,4,0,0
ORD0009354,C002269,2025-09-03,Accessories,147.08,4,0,0
ORD0009355,C002270,2025-10-21,Accessories,659.67,2,0,0
ORD0009356,C002270,2025-02-19,Fragrance,472.2,7,1,0
ORD0009357,C002270,2025-11-25,Fragrance,234.27,3,1,0
ORD0009358,C002271,2025-11-12,Fragrance,58.84,3,0,0
ORD0009359,C002271,2024-09-09,Fragrance,59.9,1,0,1
ORD0009360,C002271,2025-09-13,RTW,151.45,2,0,0
ORD0009361,C002273,2025-11-26,Fragrance,821.14,3,1,0
ORD0009362,C002273,2024-09-28,RTW,167.52,4,0,1
ORD0009363,C002273,2024-11-24,RTW,123.6,3,0,1
ORD0009364,C002273,2025-01-12,RTW,1346.44,3,1,1
ORD0009365,C002273,2024-11-28,Fragrance,377.88,2,0,1
ORD0009366,C002274,2025-08-16,Fragrance,347.77,3,1,1
ORD0009367,C002274,2025-06-13,Beauty,152.36,5,0,0
ORD0009368,C002274,2024-08-10,Fragrance,147.89,2,0,0
ORD0009369,C002274,2025-04-18,Fragrance,133.16,3,0,0
ORD0009370,C002274,2025-07-15,Beauty,164.81,4,0,0
ORD0009371,C002274,2025-08-25,RTW,234.11,4,1,1
ORD0009372,C002275,2024-12-26,Fragrance,820.38,2,0,1
ORD0009373,C002275,2024-09-24,RTW,225.28,4,1,1
ORD0009374,C002275,2025-04-14,Fragrance,93.28,5,0,1
ORD0009375,C002275,2025-03-02,RTW,457.24,3,0,1
ORD0009376,C002275,2024-08-13,RTW,468.75,4,0,1
ORD0009377,C002275,2025-08-08,Fragrance,316.9,4,1,1
ORD0009378,C002275,2025-06-11,RTW,113.65,2,0,0
ORD0009379,C002275,2025-08-05,Accessories,348.1,4,0,1
ORD0009380,C002275,2025-07-02,RTW,281.17,4,0,1
ORD0009381,C002275,2025-08-05,Fragrance,548.17,2,0,1
ORD0009382,C002275,2025-12-23,RTW,595.77,2,1,1
ORD0009383,C002276,2025-05-21,Accessories,321.71,4,0,0
ORD0009384,C002276,2025-04-03,Beauty,198.01,4,0,0
ORD0009385,C002276,2025-04-07,RTW,78.54,4,0,0
ORD0009386,C002276,2024-12-15,Beauty,361.99,5,0,0
ORD0009387,C002276,2025-05-01,Accessories,421.22,4,0,1
ORD0009388,C002276,2024-10-01,Accessories,127.44,4,0,0
ORD0009389,C002276,2025-08-06,Beauty,87.47,4,0,0
ORD0009390,C002276,2024-11-18,Beauty,124.46,8,0,0
ORD0009391,C002276,2024-08-13,Fragrance,150.3,4,0,0
ORD0009392,C002276,2025-01-27,RTW,102.02,4,0,0
ORD0009393,C002276,2026-01-13,Beauty,192.73,5,0,0
ORD0009394,C002276,2025-05-26,Beauty,286.03,6,0,0
ORD0009395,C002277,2026-01-17,Fragrance,367.88,3,0,0
ORD0009396,C002277,2024-10-12,RTW,248.66,4,0,0
ORD0009397,C002277,2025-12-06,Beauty,107.05,6,0,1
ORD0009398,C002277,2025-09-04,Beauty,246.52,1,1,0
ORD0009399,C002277,2025-06-12,Accessories,199.98,4,0,0
ORD0009400,C002277,2024-09-05,Accessories,413.63,3,1,1
ORD0009401,C002278,2025-06-02,Beauty,167.93,3,1,1
ORD0009402,C002278,2024-11-26,RTW,230.94,2,0,1
ORD0009403,C002278,2025-10-04,RTW,432.27,4,1,1
ORD0009404,C002278,2025-12-30,Accessories,226.52,4,1,1
ORD0009405,C002278,2025-07-10,Accessories,191.53,3,0,0
ORD0009406,C002281,2025-03-02,Fragrance,85.92,9,0,0
ORD0009407,C002281,2024-11-11,Fragrance,298.38,1,0,0
ORD0009408,C002281,2025-01-03,Beauty,1294.37,2,1,0
ORD0009409,C002281,2025-11-12,Accessories,181.95,4,0,0
ORD0009410,C002281,2025-09-19,Fragrance,393.73,3,0,0
ORD0009411,C002282,2025-06-12,Accessories,86.22,4,0,0
ORD0009412,C002282,2025-04-06,Accessories,488.04,4,1,0
ORD0009413,C002283,2025-08-24,RTW,1018.53,4,0,1
ORD0009414,C002283,2024-10-01,Beauty,270.95,8,1,0
ORD0009415,C002283,2025-04-03,Fragrance,96.45,6,0,0
ORD0009416,C002283,2025-05-19,Beauty,456.23,4,1,0
ORD0009417,C002283,2025-01-25,Beauty,60.49,4,1,1
ORD0009418,C002283,2026-01-19,Beauty,50.0,3,1,0
ORD0009419,C002284,2025-02-24,Beauty,149.03,2,0,0
ORD0009420,C002284,2025-06-06,Accessories,135.35,2,0,0
ORD0009421,C002284,2024-11-29,Fragrance,88.21,3,0,0
ORD0009422,C002284,2025-01-18,Fragrance,634.27,6,1,0
ORD0009423,C002284,2025-05-31,Beauty,416.58,4,0,0
ORD0009424,C002284,2025-05-30,Beauty,409.63,2,0,1
ORD0009425,C002284,2025-07-24,Fragrance,156.07,2,0,0
ORD0009426,C002284,2025-01-10,Beauty,1128.82,4,0,0
ORD0009427,C002284,2024-12-20,RTW,567.11,3,0,0
ORD0009428,C002285,2026-01-08,RTW,106.92,4,0,1
ORD0009429,C002285,2025-07-17,Fragrance,1201.46,2,0,1
ORD0009430,C002285,2024-11-02,RTW,94.47,4,0,1
ORD0009431,C002286,2025-12-17,RTW,365.46,3,0,1
ORD0009432,C002286,2025-02-19,Fragrance,1005.35,5,0,1
ORD0009433,C002286,2024-09-10,Fragrance,72.65,6,0,1
ORD0009434,C002286,2024-09-12,Accessories,427.12,4,0,1
ORD0009435,C002286,2025-02-08,Fragrance,1372.83,6,0,0
ORD0009436,C002286,2025-03-13,Beauty,285.5,2,0,0
ORD0009437,C002286,2024-08-13,RTW,460.57,2,0,0
ORD0009438,C002287,2024-08-12,RTW,207.14,3,0,0
ORD0009439,C002287,2024-12-16,Fragrance,52.04,2,0,0
ORD0009440,C002287,2025-05-20,Fragrance,230.19,2,1,0
ORD0009441,C002288,2025-03-12,Accessories,261.87,3,0,1
ORD0009442,C002289,2025-11-23,Fragrance,751.24,7,0,1
ORD0009443,C002289,2025-10-04,RTW,243.03,3,0,1
ORD0009444,C002289,2024-09-05,Accessories,80.79,1,0,1
ORD0009445,C002289,2025-03-24,Beauty,360.96,4,0,1
ORD0009446,C002289,2025-11-15,Accessories,70.5,3,0,0
ORD0009447,C002289,2024-11-02,Accessories,271.36,2,1,1
ORD0009448,C002289,2025-05-05,RTW,224.49,4,1,0
ORD0009449,C002289,2026-01-30,Beauty,1762.19,2,0,1
ORD0009450,C002291,2025-03-08,RTW,280.39,4,0,0
ORD0009451,C002291,2025-12-07,Fragrance,160.09,4,0,1
ORD0009452,C002291,2026-01-25,RTW,144.17,4,0,1
ORD0009453,C002291,2025-09-27,RTW,1274.35,3,0,1
ORD0009454,C002291,2024-09-13,RTW,728.0,4,0,0
ORD0009455,C002291,2024-10-15,Accessories,161.32,3,1,1
ORD0009456,C002291,2025-12-24,Fragrance,218.4,5,1,1
ORD0009457,C002293,2024-10-25,Beauty,87.92,4,0,0
ORD0009458,C002293,2025-10-30,Fragrance,279.52,5,0,0
ORD0009459,C002293,2025-11-02,RTW,94.48,4,0,1
ORD0009460,C002293,2025-05-25,Fragrance,151.0,5,0,0
ORD0009461,C002294,2025-01-06,Fragrance,121.19,5,0,0
ORD0009462,C002294,2025-05-10,Beauty,371.05,5,1,1
ORD0009463,C002294,2025-11-26,Fragrance,229.7,3,0,0
ORD0009464,C002294,2025-03-12,Beauty,84.89,4,0,0
ORD0009465,C002295,2024-12-18,RTW,497.69,3,0,1
ORD0009466,C002295,2024-11-08,Accessories,740.29,4,0,0
ORD0009467,C002295,2025-04-08,RTW,281.18,4,1,1
ORD0009468,C002295,2025-04-19,RTW,187.55,4,0,1
ORD0009469,C002295,2025-08-07,Accessories,84.52,4,0,1
ORD0009470,C002295,2025-11-20,Beauty,102.19,4,0,1
ORD0009471,C002296,2024-10-03,Accessories,57.13,3,0,0
ORD0009472,C002296,2024-12-21,Beauty,167.66,3,0,0
ORD0009473,C002297,2024-08-08,RTW,156.23,3,0,1
ORD0009474,C002298,2025-11-28,Fragrance,269.65,4,0,0
ORD0009475,C002298,2025-04-05,Fragrance,242.78,3,0,1
ORD0009476,C002298,2025-11-10,Fragrance,124.91,3,0,0
ORD0009477,C002298,2024-12-17,Fragrance,306.6,5,1,0
ORD0009478,C002299,2025-02-08,Fragrance,532.19,1,1,0
ORD0009479,C002299,2025-08-31,Beauty,98.85,6,0,0
ORD0009480,C002299,2024-11-24,Accessories,216.03,4,0,0
ORD0009481,C002299,2024-09-10,Fragrance,58.85,6,0,0
ORD0009482,C002299,2025-07-22,Accessories,224.6,3,0,0
ORD0009483,C002300,2024-11-13,Fragrance,124.22,3,0,0
ORD0009484,C002300,2025-03-14,Beauty,180.14,5,1,1
ORD0009485,C002300,2025-03-05,Beauty,285.68,3,0,0
ORD0009486,C002300,2025-10-24,Accessories,566.61,1,0,0
ORD0009487,C002300,2025-10-16,Beauty,293.51,3,0,0
ORD0009488,C002300,2025-04-08,Fragrance,50.0,8,0,0
ORD0009489,C002302,2025-05-28,Accessories,820.52,4,0,0
ORD0009490,C002302,2026-01-18,Beauty,481.46,3,0,0
ORD0009491,C002302,2025-12-15,RTW,266.04,4,0,0
ORD0009492,C002302,2025-03-08,RTW,259.67,4,0,1
ORD0009493,C002302,2025-10-08,Accessories,463.02,4,0,0
ORD0009494,C002302,2025-06-12,Beauty,50.0,6,0,1
ORD0009495,C002302,2025-03-06,RTW,164.17,4,0,0
ORD0009496,C002303,2025-04-15,RTW,1153.06,4,0,1
ORD0009497,C002303,2025-05-29,RTW,417.67,3,0,1
ORD0009498,C002303,2025-01-15,RTW,307.29,2,0,1
ORD0009499,C002303,2024-10-07,Accessories,60.17,4,0,1
ORD0009500,C002303,2024-09-28,Beauty,318.49,7,1,1
ORD0009501,C002303,2024-09-03,Fragrance,205.84,4,0,1
ORD0009502,C002304,2025-01-24,Accessories,253.54,4,0,1
ORD0009503,C002304,2024-09-22,Accessories,50.0,4,0,1
ORD0009504,C002304,2025-05-15,Accessories,50.0,4,0,0
ORD0009505,C002305,2025-06-25,Accessories,142.77,3,0,0
ORD0009506,C002305,2025-10-04,Beauty,85.58,9,0,0
ORD0009507,C002305,2024-10-29,RTW,1192.33,2,0,1
ORD0009508,C002305,2025-01-28,Beauty,157.04,3,0,1
ORD0009509,C002305,2025-02-02,Fragrance,329.28,3,1,0
ORD0009510,C002306,2025-08-27,Beauty,369.3,4,0,0
ORD0009511,C002306,2024-10-30,Beauty,249.85,2,0,0
ORD0009512,C002306,2024-08-31,Beauty,215.51,2,1,0
ORD0009513,C002307,2025-08-07,Fragrance,421.8,3,0,1
ORD0009514,C002307,2025-10-25,Beauty,205.18,3,1,1
ORD0009515,C002307,2025-04-30,RTW,402.39,4,1,0
ORD0009516,C002307,2025-01-05,Accessories,302.31,3,0,0
ORD0009517,C002307,2026-01-04,Accessories,813.75,3,0,0
ORD0009518,C002308,2025-12-06,RTW,293.81,1,0,1
ORD0009519,C002308,2025-10-31,RTW,3208.63,4,0,1
ORD0009520,C002309,2025-10-02,Fragrance,329.8,5,0,1
ORD0009521,C002309,2025-09-10,RTW,420.82,4,0,1
ORD0009522,C002309,2025-08-19,RTW,129.8,4,0,0
ORD0009523,C002309,2025-07-25,Accessories,335.66,4,0,1
ORD0009524,C002309,2025-09-12,Fragrance,576.89,5,0,1
ORD0009525,C002309,2025-06-25,RTW,476.45,3,0,1
ORD0009526,C002310,2024-11-17,RTW,108.49,4,0,1
ORD0009527,C002310,2024-10-16,RTW,375.48,3,0,0
ORD0009528,C002310,2025-05-08,Accessories,169.92,4,1,1
ORD0009529,C002310,2025-08-05,RTW,171.23,2,0,0
ORD0009530,C002310,2025-07-21,Fragrance,511.72,1,0,1
ORD0009531,C002310,2024-09-14,RTW,309.84,4,0,0
ORD0009532,C002310,2025-05-15,RTW,309.94,1,0,0
ORD0009533,C002311,2025-03-20,RTW,214.47,4,0,1
ORD0009534,C002311,2025-05-17,Beauty,384.99,3,0,0
ORD0009535,C002313,2025-05-31,Beauty,127.39,4,0,1
ORD0009536,C002313,2025-01-17,RTW,1540.84,4,0,0
ORD0009537,C002314,2025-04-11,Fragrance,114.52,7,0,1
ORD0009538,C002314,2025-02-27,RTW,53.97,4,0,0
ORD0009539,C002314,2025-02-27,RTW,119.76,3,0,0
ORD0009540,C002314,2026-01-28,Fragrance,141.67,5,0,0
ORD0009541,C002315,2025-01-28,RTW,169.49,4,0,1
ORD0009542,C002315,2024-09-14,RTW,170.07,4,0,1
ORD0009543,C002315,2025-06-15,RTW,246.98,3,0,1
ORD0009544,C002315,2025-07-28,RTW,655.16,3,0,1
ORD0009545,C002316,2025-02-08,Accessories,321.15,4,0,1
ORD0009546,C002316,2025-10-21,RTW,203.54,4,0,0
ORD0009547,C002316,2025-11-18,RTW,223.86,4,0,1
ORD0009548,C002317,2025-05-30,RTW,385.66,2,0,0
ORD0009549,C002317,2025-11-16,Beauty,50.0,4,0,0
ORD0009550,C002317,2025-10-13,Accessories,298.34,4,1,0
ORD0009551,C002317,2025-01-14,Beauty,271.0,4,0,0
ORD0009552,C002318,2025-08-01,Accessories,1447.55,1,0,1
ORD0009553,C002318,2025-04-20,Beauty,352.2,1,0,0
ORD0009554,C002318,2025-04-10,Accessories,237.41,4,0,0
ORD0009555,C002319,2025-08-09,Fragrance,597.65,7,0,0
ORD0009556,C002319,2025-09-23,Fragrance,152.87,3,0,0
ORD0009557,C002319,2025-12-27,Beauty,76.4,3,0,0
ORD0009558,C002319,2024-08-12,Accessories,136.64,3,0,0
ORD0009559,C002319,2024-10-02,Beauty,216.92,3,1,0
ORD0009560,C002319,2025-03-25,Beauty,58.92,2,0,0
ORD0009561,C002319,2025-10-15,Fragrance,277.45,4,0,1
ORD0009562,C002321,2024-08-09,Fragrance,644.44,5,0,0
ORD0009563,C002321,2024-11-06,Accessories,349.79,4,0,1
ORD0009564,C002321,2025-08-10,Accessories,124.35,4,0,0
ORD0009565,C002321,2025-10-08,Beauty,334.33,8,0,0
ORD0009566,C002321,2025-07-24,Accessories,152.8,4,0,0
ORD0009567,C002322,2024-08-20,Beauty,354.65,3,1,0
ORD0009568,C002322,2025-06-30,Accessories,153.5,3,0,1
ORD0009569,C002322,2025-06-07,RTW,142.27,1,1,1
ORD0009570,C002322,2025-03-28,Fragrance,274.0,4,0,1
ORD0009571,C002322,2025-05-23,RTW,271.63,4,0,1
ORD0009572,C002322,2025-04-21,Accessories,595.9,4,0,1
ORD0009573,C002324,2025-06-08,RTW,133.04,4,0,0
ORD0009574,C002324,2025-07-01,Fragrance,137.32,6,0,0
ORD0009575,C002324,2025-05-03,Beauty,153.04,4,0,0
ORD0009576,C002324,2025-01-20,Beauty,242.62,4,0,1
ORD0009577,C002325,2024-09-18,Beauty,58.13,2,0,1
ORD0009578,C002325,2025-03-08,Accessories,163.61,4,0,0
ORD0009579,C002325,2025-03-07,RTW,125.87,4,0,1
ORD0009580,C002325,2025-09-19,Fragrance,147.76,5,0,0
ORD0009581,C002325,2025-10-19,RTW,465.22,4,0,1
ORD0009582,C002326,2026-01-02,Beauty,295.53,2,0,0
ORD0009583,C002326,2025-06-07,Beauty,154.85,5,0,1
ORD0009584,C002326,2025-09-13,Accessories,401.58,4,0,0
ORD0009585,C002326,2024-09-14,Accessories,168.88,3,0,0
ORD0009586,C002326,2025-08-14,Accessories,130.1,4,0,0
ORD0009587,C002326,2025-02-02,RTW,436.55,4,0,1
ORD0009588,C002326,2025-01-15,Beauty,1675.17,3,0,1
ORD0009589,C002326,2025-03-08,Beauty,735.82,3,0,0
ORD0009590,C002326,2025-06-04,Beauty,343.67,2,0,1
ORD0009591,C002327,2026-01-14,Beauty,275.78,4,0,0
ORD0009592,C002327,2024-09-12,Beauty,189.51,3,1,0
ORD0009593,C002327,2024-12-15,RTW,788.07,3,0,0
ORD0009594,C002327,2025-10-30,Beauty,812.38,3,1,0
ORD0009595,C002327,2025-11-21,Beauty,60.13,6,0,0
ORD0009596,C002327,2025-10-16,RTW,118.08,3,0,0
ORD0009597,C002327,2025-02-19,Fragrance,687.62,4,0,1
ORD0009598,C002327,2025-05-25,Beauty,244.05,2,0,0
ORD0009599,C002327,2025-07-20,Beauty,124.78,4,0,1
ORD0009600,C002327,2024-09-18,Fragrance,132.99,2,0,1
ORD0009601,C002327,2024-10-10,Accessories,226.6,3,1,0
ORD0009602,C002328,2024-09-20,RTW,414.94,4,0,1
ORD0009603,C002328,2026-01-02,Accessories,694.61,4,0,1
ORD0009604,C002328,2025-09-12,Accessories,651.34,4,0,0
ORD0009605,C002328,2025-04-12,Accessories,146.15,4,0,1
ORD0009606,C002328,2025-09-20,RTW,335.81,3,1,1
ORD0009607,C002330,2025-10-24,Beauty,302.04,7,0,1
ORD0009608,C002330,2024-10-28,Accessories,92.53,4,0,1
ORD0009609,C002330,2025-03-31,Accessories,852.44,4,0,1
ORD0009610,C002331,2024-09-28,Accessories,73.23,4,0,0
ORD0009611,C002331,2025-03-08,Fragrance,174.27,3,1,0
ORD0009612,C002331,2025-02-28,Fragrance,353.66,8,0,0
ORD0009613,C002331,2026-01-06,Accessories,241.9,1,0,0
ORD0009614,C002331,2025-01-02,Fragrance,89.73,1,0,0
ORD0009615,C002332,2025-09-30,RTW,165.95,3,0,1
ORD0009616,C002332,2025-08-21,RTW,71.9,3,0,1
ORD0009617,C002332,2025-12-26,Fragrance,70.51,7,0,1
ORD0009618,C002332,2026-01-07,Beauty,165.08,3,0,1
ORD0009619,C002332,2025-03-08,Beauty,275.82,2,1,0
ORD0009620,C002332,2025-10-21,Accessories,125.09,4,0,1
ORD0009621,C002332,2024-12-02,Accessories,460.62,2,0,1
ORD0009622,C002333,2025-05-06,Fragrance,229.17,6,0,0
ORD0009623,C002333,2024-10-30,Fragrance,86.73,3,0,0
ORD0009624,C002333,2025-11-10,Fragrance,91.31,5,0,0
ORD0009625,C002334,2025-04-04,Accessories,207.42,2,0,1
ORD0009626,C002334,2025-03-14,RTW,517.59,3,0,0
ORD0009627,C002334,2025-01-25,Beauty,328.92,4,0,0
ORD0009628,C002334,2025-01-17,RTW,87.47,3,0,1
ORD0009629,C002334,2024-11-27,Accessories,710.66,4,0,0
ORD0009630,C002334,2026-01-21,Accessories,150.24,4,0,1
ORD0009631,C002335,2025-10-03,Fragrance,104.25,1,0,0
ORD0009632,C002336,2025-03-13,RTW,539.58,3,0,0
ORD0009633,C002336,2025-05-27,Fragrance,478.9,5,1,0
ORD0009634,C002336,2025-11-18,Fragrance,606.17,4,0,1
ORD0009635,C002336,2025-11-11,Accessories,333.37,2,0,1
ORD0009636,C002337,2025-12-08,Accessories,600.81,4,0,0
ORD0009637,C002337,2025-11-18,Fragrance,688.14,2,0,0
ORD0009638,C002337,2025-04-27,Beauty,64.82,7,0,1
ORD0009639,C002338,2024-08-17,Beauty,939.91,5,0,0
ORD0009640,C002338,2026-01-17,Beauty,115.31,4,1,0
ORD0009641,C002338,2026-01-07,Fragrance,164.82,4,0,0
ORD0009642,C002338,2025-01-28,Fragrance,88.02,4,0,0
ORD0009643,C002338,2025-06-28,Beauty,130.11,2,0,0
ORD0009644,C002338,2024-11-05,Beauty,123.92,6,0,0
ORD0009645,C002341,2026-01-11,RTW,202.8,4,0,0
ORD0009646,C002341,2025-09-07,Fragrance,50.0,4,0,1
ORD0009647,C002341,2025-09-15,Accessories,482.47,3,0,1
ORD0009648,C002341,2025-11-06,Accessories,439.57,4,0,0
ORD0009649,C002341,2024-10-06,Beauty,75.02,4,0,0
ORD0009650,C002341,2025-10-31,Fragrance,404.8,5,0,1
ORD0009651,C002341,2025-10-13,Accessories,457.26,3,0,1
ORD0009652,C002341,2025-08-02,Accessories,435.59,1,0,1
ORD0009653,C002341,2025-10-02,Fragrance,392.82,3,0,1
ORD0009654,C002342,2026-01-07,Accessories,430.51,2,0,1
ORD0009655,C002342,2026-01-08,Beauty,189.91,4,0,0
ORD0009656,C002342,2025-11-19,Beauty,304.46,6,0,1
ORD0009657,C002342,2024-11-13,Accessories,104.27,2,0,0
ORD0009658,C002342,2024-09-22,Beauty,62.48,4,0,0
ORD0009659,C002342,2024-12-30,Beauty,173.49,7,0,0
ORD0009660,C002342,2025-10-19,Fragrance,265.25,3,0,0
ORD0009661,C002342,2025-06-10,RTW,246.37,2,0,1
ORD0009662,C002342,2025-05-22,Fragrance,869.16,5,0,0
ORD0009663,C002343,2024-10-04,Accessories,599.44,4,1,0
ORD0009664,C002343,2025-01-11,Accessories,415.15,3,1,0
ORD0009665,C002343,2025-04-06,Accessories,103.18,4,0,0
ORD0009666,C002343,2025-04-16,Accessories,50.0,4,0,0
ORD0009667,C002343,2024-08-31,Accessories,111.78,2,0,0
ORD0009668,C002343,2025-05-18,Beauty,339.66,3,0,0
ORD0009669,C002343,2025-06-11,Beauty,87.92,3,0,0
ORD0009670,C002344,2025-11-23,Beauty,216.56,4,0,0
ORD0009671,C002344,2025-05-28,RTW,206.59,1,0,0
ORD0009672,C002344,2025-04-27,RTW,114.6,3,0,0
ORD0009673,C002344,2025-04-20,Beauty,180.25,8,0,0
ORD0009674,C002344,2025-08-23,Fragrance,105.54,3,0,0
ORD0009675,C002345,2025-03-04,Fragrance,599.9,4,0,1
ORD0009676,C002345,2025-05-03,Beauty,1676.08,8,0,1
ORD0009677,C002345,2025-03-23,Accessories,972.6,4,1,1
ORD0009678,C002345,2025-03-20,Beauty,266.37,4,0,0
ORD0009679,C002346,2025-05-14,Beauty,346.15,6,0,1
ORD0009680,C002346,2025-08-25,Accessories,304.0,3,0,1
ORD0009681,C002346,2024-09-02,Fragrance,763.23,2,0,1
ORD0009682,C002346,2024-09-29,Accessories,889.63,4,0,1
ORD0009683,C002347,2024-09-29,Fragrance,177.7,3,0,1
ORD0009684,C002347,2024-10-06,Fragrance,50.0,2,0,1
ORD0009685,C002347,2025-12-15,RTW,989.88,3,0,1
ORD0009686,C002348,2025-09-01,Fragrance,177.74,6,0,1
ORD0009687,C002348,2024-10-22,Beauty,171.54,4,0,1
ORD0009688,C002348,2024-10-30,Beauty,264.62,2,0,1
ORD0009689,C002348,2024-10-19,Accessories,104.68,3,0,1
ORD0009690,C002349,2024-12-17,Beauty,143.52,4,0,0
ORD0009691,C002349,2025-11-08,Beauty,239.66,2,0,0
ORD0009692,C002351,2025-01-22,RTW,328.56,4,0,1
ORD0009693,C002351,2025-09-23,RTW,341.01,4,0,1
ORD0009694,C002351,2025-06-29,Accessories,253.28,4,1,1
ORD0009695,C002352,2024-09-09,Fragrance,2208.26,5,0,1
ORD0009696,C002352,2025-02-01,Fragrance,260.09,6,0,0
ORD0009697,C002352,2025-03-10,Beauty,429.72,4,0,1
ORD0009698,C002352,2025-01-12,Accessories,592.09,2,0,1
ORD0009699,C002352,2025-06-27,Accessories,198.84,4,0,1
ORD0009700,C002353,2024-12-01,Fragrance,107.59,5,0,1
ORD0009701,C002353,2025-04-21,Accessories,972.15,4,0,1
ORD0009702,C002353,2024-09-25,Accessories,277.64,4,0,0
ORD0009703,C002353,2025-04-27,Accessories,417.82,3,1,1
ORD0009704,C002353,2024-10-08,Fragrance,212.27,6,0,1
ORD0009705,C002354,2025-01-22,Beauty,267.56,5,0,0
ORD0009706,C002354,2025-11-04,RTW,142.31,4,0,0
ORD0009707,C002354,2025-05-13,Fragrance,232.69,2,0,1
ORD0009708,C002354,2025-03-08,RTW,76.2,4,0,1
ORD0009709,C002354,2025-01-16,Fragrance,159.44,7,0,0
ORD0009710,C002354,2024-09-15,Beauty,461.78,5,0,0
ORD0009711,C002354,2025-04-30,Beauty,495.54,2,0,0
ORD0009712,C002354,2024-10-03,Accessories,145.25,3,0,0
ORD0009713,C002354,2024-12-07,RTW,480.69,4,0,0
ORD0009714,C002354,2025-04-27,Accessories,104.21,2,0,1
ORD0009715,C002355,2025-02-23,Beauty,359.85,3,1,1
ORD0009716,C002355,2025-02-15,Fragrance,369.75,5,0,1
ORD0009717,C002355,2024-10-27,Accessories,132.94,4,0,0
ORD0009718,C002355,2024-10-06,RTW,876.25,2,0,1
ORD0009719,C002355,2025-09-06,RTW,380.02,3,0,1
ORD0009720,C002355,2024-08-29,RTW,125.52,2,0,1
ORD0009721,C002355,2025-04-26,Beauty,266.62,5,0,0
ORD0009722,C002355,2024-11-20,RTW,151.01,4,0,1
ORD0009723,C002355,2024-12-07,Accessories,408.08,3,0,1
ORD0009724,C002356,2025-12-30,Accessories,540.07,4,0,1
ORD0009725,C002356,2024-10-12,Accessories,50.0,4,0,0
ORD0009726,C002356,2025-05-05,RTW,101.37,3,0,1
ORD0009727,C002356,2025-04-13,Accessories,397.19,4,0,1
ORD0009728,C002356,2025-12-04,Accessories,288.69,4,0,1
ORD0009729,C002357,2024-12-19,Accessories,259.66,3,0,0
ORD0009730,C002357,2025-06-15,Beauty,440.66,3,0,0
ORD0009731,C002357,2024-10-09,Accessories,105.2,4,0,0
ORD0009732,C002358,2025-04-21,RTW,126.83,3,0,0
ORD0009733,C002358,2025-04-11,Beauty,86.08,3,0,1
ORD0009734,C002358,2025-10-08,Beauty,110.45,1,0,0
ORD0009735,C002358,2024-11-18,Beauty,163.34,2,0,1
ORD0009736,C002358,2024-10-05,RTW,374.76,4,0,0
ORD0009737,C002358,2025-08-03,RTW,406.74,4,0,0
ORD0009738,C002358,2025-11-16,Beauty,181.45,4,0,0
ORD0009739,C002358,2025-11-28,Fragrance,117.03,3,0,0
ORD0009740,C002359,2025-07-01,Beauty,389.05,7,1,0
ORD0009741,C002359,2026-01-09,Accessories,214.65,3,0,1
ORD0009742,C002360,2025-03-21,Beauty,118.55,3,0,0
ORD0009743,C002360,2025-09-08,RTW,485.06,2,0,0
ORD0009744,C002360,2025-03-30,RTW,120.64,4,0,0
ORD0009745,C002360,2024-11-14,Accessories,50.0,4,0,0
ORD0009746,C002360,2025-04-20,Fragrance,53.82,3,0,0
ORD0009747,C002360,2026-01-27,Beauty,100.01,2,1,0
ORD0009748,C002360,2025-02-04,RTW,102.21,3,0,0
ORD0009749,C002361,2025-10-02,Fragrance,354.14,5,0,1
ORD0009750,C002362,2025-03-29,Fragrance,585.87,8,0,1
ORD0009751,C002362,2025-05-22,RTW,371.65,1,1,1
ORD0009752,C002362,2025-08-24,Fragrance,154.62,3,0,0
ORD0009753,C002362,2025-10-26,RTW,688.11,2,0,0
ORD0009754,C002362,2025-02-07,Accessories,65.53,3,1,1
ORD0009755,C002362,2025-09-04,Fragrance,189.17,9,1,1
ORD0009756,C002363,2025-06-08,Beauty,851.36,4,0,0
ORD0009757,C002363,2025-12-01,Beauty,149.37,3,0,1
ORD0009758,C002364,2025-01-01,Beauty,307.9,5,0,1
ORD0009759,C002364,2025-05-16,Beauty,254.48,2,0,1
ORD0009760,C002364,2025-04-08,RTW,158.34,3,0,1
ORD0009761,C002364,2025-07-02,RTW,564.16,2,0,1
ORD0009762,C002364,2025-04-12,Fragrance,161.09,3,0,1
ORD0009763,C002364,2025-03-29,Fragrance,376.86,5,0,1
ORD0009764,C002364,2024-09-27,Fragrance,177.71,2,0,1
ORD0009765,C002364,2025-03-04,RTW,1059.33,3,1,1
ORD0009766,C002365,2025-07-31,RTW,257.39,3,0,0
ORD0009767,C002365,2025-09-13,Fragrance,306.72,3,0,1
ORD0009768,C002365,2024-10-23,Fragrance,74.58,4,0,0
ORD0009769,C002365,2024-12-16,Beauty,420.02,5,0,1
ORD0009770,C002366,2025-02-27,RTW,223.89,4,0,1
ORD0009771,C002366,2024-11-02,RTW,387.42,4,0,1
ORD0009772,C002366,2025-03-24,Accessories,253.8,4,0,0
ORD0009773,C002366,2025-05-24,Beauty,177.53,2,0,1
ORD0009774,C002366,2024-10-15,Beauty,123.73,3,0,0
ORD0009775,C002366,2025-05-29,Beauty,169.73,6,0,0
ORD0009776,C002367,2024-08-09,Accessories,338.88,3,0,1
ORD0009777,C002367,2025-11-10,Beauty,794.4,3,0,0
ORD0009778,C002367,2024-11-10,Fragrance,153.59,3,0,0
ORD0009779,C002367,2024-09-26,Accessories,343.66,4,0,0
ORD0009780,C002368,2025-01-03,Beauty,392.22,1,0,1
ORD0009781,C002368,2025-04-04,RTW,770.96,3,1,1
ORD0009782,C002368,2025-08-14,RTW,327.94,4,0,0
ORD0009783,C002368,2025-01-05,Fragrance,226.12,3,0,0
ORD0009784,C002368,2025-04-17,Fragrance,785.92,3,1,1
ORD0009785,C002368,2025-06-19,Beauty,118.32,5,1,0
ORD0009786,C002368,2025-09-08,Accessories,629.57,4,1,1
ORD0009787,C002369,2025-11-12,Fragrance,183.68,3,0,1
ORD0009788,C002369,2025-10-18,Beauty,355.03,6,0,1
ORD0009789,C002369,2025-04-19,RTW,95.22,4,0,0
ORD0009790,C002369,2024-10-20,RTW,310.35,4,1,0
ORD0009791,C002369,2024-11-24,Beauty,136.09,3,0,0
ORD0009792,C002369,2025-10-20,Accessories,802.14,4,0,1
ORD0009793,C002370,2025-01-29,Fragrance,482.96,5,0,1
ORD0009794,C002370,2025-06-30,RTW,585.91,3,0,0
ORD0009795,C002370,2025-11-10,RTW,107.74,4,1,1
ORD0009796,C002370,2025-03-05,Accessories,184.0,3,0,1
ORD0009797,C002370,2024-11-03,Accessories,143.4,4,0,0
ORD0009798,C002370,2025-10-29,RTW,395.61,4,0,1
ORD0009799,C002370,2025-12-14,RTW,442.05,4,0,1
ORD0009800,C002370,2024-10-15,RTW,1176.92,1,0,1
ORD0009801,C002372,2024-10-26,Accessories,306.64,3,0,0
ORD0009802,C002372,2024-09-06,Beauty,143.29,2,0,1
ORD0009803,C002372,2025-10-16,Beauty,92.46,3,0,0
ORD0009804,C002372,2024-11-01,Beauty,210.69,3,0,1
ORD0009805,C002372,2024-09-25,Accessories,93.68,4,0,0
ORD0009806,C002372,2025-11-06,Fragrance,387.76,1,0,0
ORD0009807,C002372,2025-10-22,Fragrance,264.68,3,0,0
ORD0009808,C002373,2025-08-08,RTW,66.08,4,0,1
ORD0009809,C002373,2025-08-22,Fragrance,86.35,3,0,0
ORD0009810,C002373,2025-05-08,Accessories,281.25,4,1,1
ORD0009811,C002373,2025-11-12,Beauty,204.79,5,0,0
ORD0009812,C002373,2025-04-29,Accessories,151.97,4,0,0
ORD0009813,C002373,2024-12-14,Beauty,137.04,2,1,0
ORD0009814,C002373,2025-03-16,Fragrance,200.25,4,0,0
ORD0009815,C002374,2025-04-28,Accessories,843.76,4,0,1
ORD0009816,C002374,2025-12-19,RTW,1100.95,3,0,1
ORD0009817,C002374,2025-11-06,Fragrance,207.14,4,1,1
ORD0009818,C002374,2025-12-30,RTW,730.18,4,0,1
ORD0009819,C002374,2025-03-26,Beauty,610.81,5,0,1
ORD0009820,C002374,2025-03-13,Accessories,294.95,4,0,0
ORD0009821,C002374,2025-10-07,RTW,50.0,4,0,1
ORD0009822,C002375,2024-12-10,Fragrance,1030.99,1,1,0
ORD0009823,C002375,2024-09-24,Accessories,587.95,4,0,1
ORD0009824,C002375,2025-04-25,RTW,120.64,2,0,0
ORD0009825,C002375,2024-09-11,Accessories,236.71,3,0,1
ORD0009826,C002375,2024-11-29,Fragrance,560.55,10,1,1
ORD0009827,C002375,2024-09-03,Fragrance,97.36,7,0,1
ORD0009828,C002376,2025-08-30,Fragrance,562.59,3,0,1
ORD0009829,C002376,2025-04-26,Fragrance,445.97,4,0,1
ORD0009830,C002376,2025-05-08,Beauty,317.02,5,0,1
ORD0009831,C002376,2025-05-06,RTW,230.08,3,0,1
ORD0009832,C002377,2024-12-02,Beauty,364.49,6,0,0
ORD0009833,C002377,2024-09-14,Beauty,757.46,4,0,1
ORD0009834,C002377,2025-10-14,Accessories,566.43,4,0,1
ORD0009835,C002377,2024-09-07,RTW,226.51,4,1,1
ORD0009836,C002378,2025-10-23,RTW,586.37,4,0,1
ORD0009837,C002378,2026-01-09,Beauty,836.48,4,0,1
ORD0009838,C002378,2025-02-26,Fragrance,314.58,2,0,1
ORD0009839,C002378,2025-08-09,Accessories,347.92,4,0,1
ORD0009840,C002378,2025-01-05,Beauty,930.74,4,0,1
ORD0009841,C002379,2025-12-14,Beauty,205.15,2,0,0
ORD0009842,C002379,2025-10-29,Beauty,173.08,3,0,0
ORD0009843,C002380,2025-04-20,Accessories,294.22,4,0,0
ORD0009844,C002380,2025-05-09,Fragrance,181.61,1,0,0
ORD0009845,C002380,2024-09-12,Accessories,263.25,4,0,1
ORD0009846,C002380,2025-11-29,Accessories,441.6,1,0,0
ORD0009847,C002380,2025-11-25,RTW,425.54,4,0,1
ORD0009848,C002381,2024-11-08,RTW,223.75,4,0,0
ORD0009849,C002381,2025-08-02,Beauty,117.73,3,0,0
ORD0009850,C002381,2024-11-02,Accessories,215.64,4,1,0
ORD0009851,C002381,2025-11-27,Beauty,73.6,3,0,0
ORD0009852,C002381,2024-08-31,Beauty,130.96,2,1,0
ORD0009853,C002381,2026-01-25,Beauty,126.65,6,0,0
ORD0009854,C002381,2025-11-11,RTW,113.7,4,0,1
ORD0009855,C002382,2024-11-17,Fragrance,199.66,3,0,0
ORD0009856,C002382,2025-06-19,RTW,524.06,4,0,0
ORD0009857,C002382,2025-08-26,Accessories,141.57,3,0,0
ORD0009858,C002382,2024-10-09,Accessories,432.58,4,0,0
ORD0009859,C002383,2025-12-13,RTW,204.96,4,0,1
ORD0009860,C002383,2024-10-17,Accessories,389.66,4,0,1
ORD0009861,C002383,2026-01-01,RTW,322.26,3,0,1
ORD0009862,C002383,2025-11-09,Fragrance,408.16,3,0,0
ORD0009863,C002383,2025-02-08,Accessories,783.31,4,0,1
ORD0009864,C002384,2026-01-24,Beauty,250.49,5,1,0
ORD0009865,C002384,2024-10-03,Fragrance,172.77,2,0,0
ORD0009866,C002384,2025-04-15,Beauty,195.86,2,0,0
ORD0009867,C002385,2024-11-09,Fragrance,322.64,4,1,0
ORD0009868,C002386,2024-09-23,Accessories,450.27,4,0,1
ORD0009869,C002386,2024-11-18,Beauty,909.38,6,0,0
ORD0009870,C002386,2025-08-20,Accessories,174.88,4,0,0
ORD0009871,C002387,2025-06-06,RTW,133.2,4,0,0
ORD0009872,C002387,2025-05-10,Fragrance,1199.87,3,0,0
ORD0009873,C002387,2025-08-29,RTW,141.25,4,1,1
ORD0009874,C002387,2025-08-03,Accessories,623.01,4,0,1
ORD0009875,C002387,2025-06-17,RTW,651.17,4,0,0
ORD0009876,C002387,2024-10-13,Fragrance,238.55,5,0,1
ORD0009877,C002387,2025-12-06,RTW,490.02,3,0,1
ORD0009878,C002387,2025-10-18,Accessories,199.04,4,0,1
ORD0009879,C002387,2025-02-11,Accessories,133.25,2,0,1
ORD0009880,C002387,2025-04-12,RTW,503.62,4,0,1
ORD0009881,C002388,2024-12-26,Beauty,145.36,2,0,1
ORD0009882,C002388,2026-01-01,RTW,386.84,4,1,1
ORD0009883,C002388,2025-08-14,RTW,233.85,4,0,1
ORD0009884,C002388,2025-09-20,Fragrance,712.56,5,1,1
ORD0009885,C002388,2025-10-24,Accessories,342.17,4,0,0
ORD0009886,C002388,2025-12-22,Beauty,1047.11,4,0,1
ORD0009887,C002389,2025-12-22,Accessories,204.91,3,0,1
ORD0009888,C002389,2025-08-11,RTW,884.31,2,0,1
ORD0009889,C002389,2024-12-19,Beauty,142.5,2,0,1
ORD0009890,C002389,2025-06-13,Accessories,216.49,4,0,0
ORD0009891,C002389,2025-02-04,RTW,140.86,4,0,1
ORD0009892,C002389,2025-03-11,Accessories,325.6,4,0,1
ORD0009893,C002389,2025-01-08,Accessories,339.52,4,0,1
ORD0009894,C002390,2024-12-03,Accessories,373.41,2,0,0
ORD0009895,C002390,2025-02-09,Fragrance,284.35,5,0,1
ORD0009896,C002391,2025-07-17,RTW,611.45,4,0,0
ORD0009897,C002391,2025-09-17,Accessories,394.66,4,0,1
ORD0009898,C002391,2025-01-11,Accessories,73.52,2,0,1
ORD0009899,C002391,2025-09-05,RTW,1045.56,4,0,1
ORD0009900,C002392,2025-08-01,Accessories,123.6,4,0,0
ORD0009901,C002392,2025-12-14,Beauty,102.65,5,0,0
ORD0009902,C002392,2026-01-10,Beauty,146.4,4,0,0
ORD0009903,C002392,2024-11-07,Beauty,607.72,4,0,0
ORD0009904,C002392,2025-07-05,RTW,248.1,3,0,0
ORD0009905,C002392,2024-09-08,Fragrance,116.17,5,0,0
ORD0009906,C002392,2025-07-10,Fragrance,141.95,4,0,0
ORD0009907,C002392,2025-10-02,Beauty,83.24,5,0,0
ORD0009908,C002393,2026-01-26,RTW,1315.32,2,0,0
ORD0009909,C002394,2025-04-06,Fragrance,143.12,4,0,0
ORD0009910,C002394,2025-05-29,Accessories,616.78,2,0,0
ORD0009911,C002394,2025-06-08,RTW,239.14,1,0,0
ORD0009912,C002395,2025-04-22,RTW,110.11,4,0,1
ORD0009913,C002395,2025-03-16,Fragrance,514.93,3,0,0
ORD0009914,C002396,2026-01-29,Beauty,196.79,2,0,0
ORD0009915,C002396,2024-09-09,Fragrance,209.2,5,0,0
ORD0009916,C002396,2025-05-25,Fragrance,169.53,4,0,0
ORD0009917,C002396,2026-01-25,RTW,554.35,4,0,0
ORD0009918,C002396,2025-12-09,Beauty,166.93,3,0,0
ORD0009919,C002396,2025-05-27,Beauty,175.69,3,1,0
ORD0009920,C002396,2025-09-23,Fragrance,86.0,2,0,0
ORD0009921,C002396,2026-01-06,Beauty,226.88,6,0,0
ORD0009922,C002397,2025-05-06,RTW,428.19,1,0,0
ORD0009923,C002397,2026-01-26,Beauty,146.93,2,0,0
ORD0009924,C002397,2025-03-08,RTW,147.48,4,0,0
ORD0009925,C002397,2025-10-01,RTW,711.31,4,0,0
ORD0009926,C002397,2025-03-01,Accessories,172.34,4,0,1
ORD0009927,C002398,2024-09-24,Beauty,59.31,5,0,0
ORD0009928,C002398,2026-01-30,Accessories,269.47,4,0,0
ORD0009929,C002398,2025-03-22,RTW,50.0,1,1,0
ORD0009930,C002398,2025-08-15,Beauty,119.46,2,0,0
ORD0009931,C002398,2024-11-01,Beauty,364.09,3,0,0
ORD0009932,C002398,2025-07-26,Fragrance,439.58,5,1,0
ORD0009933,C002398,2025-01-26,Beauty,81.75,2,1,0
ORD0009934,C002398,2025-12-04,Accessories,147.38,1,1,0
ORD0009935,C002398,2025-05-17,RTW,169.76,2,0,0
ORD0009936,C002398,2024-11-08,Accessories,100.43,4,0,0
ORD0009937,C002398,2025-02-11,RTW,189.4,3,1,0
ORD0009938,C002398,2025-07-01,Accessories,234.49,3,0,0
ORD0009939,C002399,2025-09-29,RTW,842.56,4,0,1
ORD0009940,C002399,2025-11-02,Beauty,276.85,4,0,1
ORD0009941,C002399,2025-10-28,RTW,397.71,3,0,1
ORD0009942,C002399,2026-01-08,Accessories,667.97,3,0,0
ORD0009943,C002400,2026-01-27,Beauty,537.21,5,0,0
ORD0009944,C002400,2025-12-19,RTW,407.9,2,0,0
ORD0009945,C002400,2025-01-13,Fragrance,251.37,4,1,1
ORD0009946,C002401,2025-06-27,Beauty,316.96,4,0,0
ORD0009947,C002401,2024-10-03,Accessories,950.47,4,0,0
ORD0009948,C002402,2025-01-04,Fragrance,98.86,3,0,0
ORD0009949,C002402,2025-05-04,Beauty,572.14,4,0,0
ORD0009950,C002402,2025-07-07,Accessories,1076.95,2,1,0
ORD0009951,C002402,2025-01-17,RTW,619.12,3,0,1
ORD0009952,C002403,2025-12-12,Accessories,941.79,2,0,1
ORD0009953,C002403,2024-12-04,Fragrance,506.15,4,0,1
ORD0009954,C002403,2024-11-07,Accessories,247.3,4,1,1
ORD0009955,C002403,2025-09-26,RTW,184.58,2,0,1
ORD0009956,C002404,2025-04-01,Accessories,160.74,4,0,1
ORD0009957,C002404,2025-03-16,Fragrance,123.7,4,0,0
ORD0009958,C002404,2025-06-17,Beauty,614.49,7,0,1
ORD0009959,C002404,2025-04-11,Beauty,64.36,5,0,1
ORD0009960,C002404,2025-07-02,RTW,99.58,3,0,1
ORD0009961,C002405,2025-07-15,Beauty,200.19,2,1,0
ORD0009962,C002405,2025-03-14,Accessories,110.84,3,0,0
ORD0009963,C002405,2025-04-19,Beauty,232.44,4,0,0
ORD0009964,C002406,2025-10-02,RTW,189.27,3,0,1
ORD0009965,C002406,2025-03-09,RTW,191.37,4,0,0
ORD0009966,C002406,2025-01-05,RTW,1281.06,3,0,1
ORD0009967,C002406,2025-10-12,Accessories,1039.32,4,0,1
ORD0009968,C002406,2024-09-27,RTW,50.0,2,0,1
ORD0009969,C002406,2025-05-30,Fragrance,372.71,3,0,1
ORD0009970,C002406,2025-09-21,Beauty,819.4,3,0,1
ORD0009971,C002407,2025-06-29,Accessories,446.41,4,0,1
ORD0009972,C002407,2024-08-18,RTW,393.68,2,0,1
ORD0009973,C002407,2025-10-16,RTW,169.3,4,0,1
ORD0009974,C002407,2025-09-04,Accessories,122.42,4,0,1
ORD0009975,C002408,2025-08-26,Accessories,492.96,4,0,1
ORD0009976,C002408,2026-01-06,RTW,117.67,1,0,1
ORD0009977,C002408,2024-11-11,RTW,494.87,1,0,1
ORD0009978,C002408,2025-03-26,RTW,467.94,4,0,1
ORD0009979,C002409,2025-08-27,Beauty,98.0,4,0,0
ORD0009980,C002409,2024-10-12,Beauty,164.2,4,0,0
ORD0009981,C002409,2024-11-28,Beauty,412.44,4,0,0
ORD0009982,C002409,2024-09-02,Beauty,468.04,6,1,0
ORD0009983,C002410,2024-09-20,Fragrance,326.43,3,0,1
ORD0009984,C002410,2024-08-10,RTW,699.44,4,0,1
ORD0009985,C002411,2025-07-20,Accessories,287.83,4,0,1
ORD0009986,C002411,2024-10-16,Beauty,92.63,3,1,0
ORD0009987,C002411,2025-08-10,Beauty,141.94,5,0,0
ORD0009988,C002411,2024-10-10,Fragrance,141.2,6,0,0
ORD0009989,C002411,2024-12-21,RTW,158.1,4,0,1
ORD0009990,C002411,2024-08-29,Fragrance,406.69,3,0,0
ORD0009991,C002411,2024-12-03,Fragrance,213.13,3,0,0
ORD0009992,C002411,2024-08-08,Beauty,277.54,1,0,0
ORD0009993,C002411,2024-08-31,Fragrance,235.94,5,0,1
ORD0009994,C002411,2024-11-23,RTW,97.04,4,0,0
ORD0009995,C002411,2026-01-19,Fragrance,190.94,2,1,0
ORD0009996,C002412,2024-12-18,RTW,854.54,3,0,0
ORD0009997,C002412,2024-08-12,Accessories,343.76,4,1,0
ORD0009998,C002412,2024-09-19,Fragrance,565.44,1,0,1
ORD0009999,C002412,2025-08-16,Accessories,179.39,3,0,0
ORD0010000,C002412,2025-05-03,Fragrance,121.96,2,0,0
ORD0010001,C002412,2026-01-07,Accessories,169.13,2,0,0
ORD0010002,C002412,2024-10-27,RTW,187.86,3,0,1
ORD0010003,C002412,2025-04-13,RTW,883.77,4,1,0
ORD0010004,C002413,2024-10-20,Accessories,211.5,4,0,1
ORD0010005,C002413,2025-06-22,Beauty,480.08,3,0,0
ORD0010006,C002413,2025-06-27,Accessories,386.66,4,0,0
ORD0010007,C002413,2025-02-10,Beauty,349.1,2,0,1
ORD0010008,C002413,2024-10-21,Accessories,149.89,2,0,1
ORD0010009,C002413,2025-04-27,Fragrance,416.8,4,0,0
ORD0010010,C002413,2025-07-17,RTW,1074.28,4,0,0
ORD0010011,C002413,2025-03-11,Fragrance,67.37,4,0,0
ORD0010012,C002413,2024-10-19,RTW,629.28,4,0,0
ORD0010013,C002415,2024-12-30,Accessories,68.09,4,1,1
ORD0010014,C002416,2025-11-20,Accessories,210.6,4,0,1
ORD0010015,C002416,2025-12-31,RTW,188.29,3,0,1
ORD0010016,C002416,2024-12-02,RTW,77.15,2,0,1
ORD0010017,C002416,2024-09-30,Accessories,591.58,1,0,1
ORD0010018,C002416,2026-01-06,Accessories,730.64,4,0,1
ORD0010019,C002416,2026-01-22,Accessories,204.0,3,0,1
ORD0010020,C002416,2024-08-12,RTW,715.32,4,0,0
ORD0010021,C002416,2025-02-22,Accessories,187.88,2,0,1
ORD0010022,C002416,2024-11-07,RTW,170.08,3,1,1
ORD0010023,C002419,2024-08-10,Accessories,585.8,2,0,1
ORD0010024,C002419,2025-11-09,Fragrance,77.72,4,0,0
ORD0010025,C002419,2024-09-19,Fragrance,315.11,7,0,0
ORD0010026,C002419,2025-06-04,Accessories,190.9,4,0,1
ORD0010027,C002419,2025-11-12,Beauty,92.61,4,0,1
ORD0010028,C002419,2025-09-30,RTW,279.18,2,0,0
ORD0010029,C002419,2024-12-29,Beauty,1028.38,3,0,1
ORD0010030,C002420,2025-04-23,Accessories,203.9,4,0,0
ORD0010031,C002420,2025-07-13,Beauty,177.3,7,0,0
ORD0010032,C002420,2025-08-21,Beauty,76.51,4,0,0
ORD0010033,C002420,2025-12-22,RTW,293.47,1,0,0
ORD0010034,C002420,2024-09-28,Beauty,351.9,3,0,0
ORD0010035,C002420,2024-08-08,Accessories,764.39,2,0,1
ORD0010036,C002420,2024-11-05,Fragrance,85.91,4,0,0
ORD0010037,C002420,2024-12-16,Beauty,50.0,8,0,1
ORD0010038,C002420,2025-10-05,Beauty,226.24,2,0,0
ORD0010039,C002421,2024-12-10,Beauty,780.67,3,0,1
ORD0010040,C002421,2024-09-20,Beauty,208.6,4,0,1
ORD0010041,C002421,2024-11-19,Accessories,194.61,4,0,1
ORD0010042,C002421,2025-02-13,Accessories,346.84,3,0,1
ORD0010043,C002421,2025-05-06,Accessories,137.51,4,0,0
ORD0010044,C002421,2024-12-15,Accessories,157.26,3,0,0
ORD0010045,C002421,2025-12-05,Fragrance,934.59,2,0,1
ORD0010046,C002422,2024-11-26,Accessories,77.77,2,0,0
ORD0010047,C002422,2024-11-13,Beauty,633.27,3,0,0
ORD0010048,C002422,2025-05-09,Accessories,173.69,4,1,0
ORD0010049,C002423,2024-11-08,Fragrance,196.49,5,0,0
ORD0010050,C002423,2024-12-10,Beauty,72.64,2,0,0
ORD0010051,C002423,2025-06-02,Fragrance,144.2,3,0,0
ORD0010052,C002423,2024-08-11,RTW,82.14,4,0,0
ORD0010053,C002423,2025-05-17,Accessories,257.62,3,0,0
ORD0010054,C002423,2024-11-25,RTW,97.66,4,0,0
ORD0010055,C002423,2024-11-15,Beauty,385.49,5,0,1
ORD0010056,C002424,2025-01-26,Beauty,264.6,5,0,0
ORD0010057,C002424,2025-12-08,Beauty,95.75,4,0,0
ORD0010058,C002424,2024-09-15,Beauty,294.73,4,0,1
ORD0010059,C002424,2025-03-24,Beauty,106.18,7,0,0
ORD0010060,C002425,2024-12-06,RTW,133.26,4,0,0
ORD0010061,C002425,2025-01-21,Beauty,84.12,3,1,0
ORD0010062,C002425,2025-12-08,Beauty,50.0,2,0,0
ORD0010063,C002425,2024-11-18,RTW,63.67,2,0,0
ORD0010064,C002425,2024-12-27,Beauty,164.25,7,0,1
ORD0010065,C002426,2024-11-12,Beauty,86.61,4,1,0
ORD0010066,C002426,2025-12-24,Fragrance,66.0,8,0,0
ORD0010067,C002426,2026-01-24,Beauty,75.21,4,1,0
ORD0010068,C002428,2024-12-25,Accessories,322.85,4,0,0
ORD0010069,C002428,2025-03-06,Accessories,102.14,4,0,0
ORD0010070,C002429,2025-05-21,Beauty,171.62,4,1,0
ORD0010071,C002429,2024-08-17,Beauty,264.18,3,0,0
ORD0010072,C002429,2025-09-19,Fragrance,253.16,2,0,0
ORD0010073,C002429,2025-03-31,Fragrance,465.06,4,0,0
ORD0010074,C002429,2025-08-23,Beauty,260.72,4,0,1
ORD0010075,C002430,2025-03-14,Accessories,132.14,4,0,0
ORD0010076,C002430,2025-02-16,Accessories,194.37,3,0,0
ORD0010077,C002430,2024-08-30,RTW,237.39,4,0,0
ORD0010078,C002430,2025-07-12,Fragrance,270.76,9,1,0
ORD0010079,C002430,2025-07-11,Beauty,333.62,2,0,1
ORD0010080,C002430,2024-12-20,Fragrance,338.47,5,0,0
ORD0010081,C002430,2024-12-17,RTW,406.93,2,0,1
ORD0010082,C002431,2024-10-29,RTW,428.51,4,1,0
ORD0010083,C002431,2024-12-13,Beauty,407.27,4,0,1
ORD0010084,C002431,2025-10-02,Fragrance,418.0,3,0,1
ORD0010085,C002432,2025-05-17,RTW,1318.64,3,1,1
ORD0010086,C002432,2025-12-27,RTW,360.29,3,0,1
ORD0010087,C002432,2025-08-03,Accessories,251.2,3,0,1
ORD0010088,C002432,2024-11-26,Accessories,435.81,4,0,1
ORD0010089,C002432,2025-03-19,Accessories,79.02,4,0,1
ORD0010090,C002432,2024-12-03,Accessories,648.48,4,0,0
ORD0010091,C002433,2025-01-31,Beauty,517.32,3,1,1
ORD0010092,C002433,2025-07-17,Accessories,255.63,4,0,0
ORD0010093,C002433,2025-05-06,Accessories,160.75,3,1,0
ORD0010094,C002433,2026-01-15,Accessories,184.15,3,0,1
ORD0010095,C002433,2025-02-04,Fragrance,266.3,3,0,1
ORD0010096,C002434,2024-09-07,RTW,138.87,3,0,0
ORD0010097,C002435,2024-09-12,RTW,365.3,2,0,1
ORD0010098,C002435,2025-07-23,Accessories,496.05,4,1,1
ORD0010099,C002435,2025-02-12,RTW,1060.72,1,0,1
ORD0010100,C002435,2025-08-15,RTW,844.75,4,0,1
ORD0010101,C002435,2025-10-21,Accessories,139.43,4,0,0
ORD0010102,C002436,2025-06-08,Accessories,344.6,4,1,1
ORD0010103,C002437,2025-09-15,Beauty,350.86,3,0,0
ORD0010104,C002437,2025-04-20,RTW,340.22,4,0,0
ORD0010105,C002437,2025-06-12,Beauty,82.06,4,0,0
ORD0010106,C002437,2025-09-04,Beauty,148.54,7,0,0
ORD0010107,C002438,2024-10-20,Accessories,257.46,4,0,0
ORD0010108,C002438,2024-09-07,Beauty,362.15,6,0,0
ORD0010109,C002438,2025-12-06,Accessories,325.79,4,0,0
ORD0010110,C002439,2024-10-04,RTW,771.33,2,0,1
ORD0010111,C002439,2024-12-24,Beauty,381.15,4,0,0
ORD0010112,C002439,2024-09-25,Accessories,192.75,4,0,0
ORD0010113,C002440,2024-08-26,Accessories,136.08,3,0,0
ORD0010114,C002440,2025-10-17,Beauty,307.36,2,0,1
ORD0010115,C002440,2024-10-26,Beauty,255.34,8,0,0
ORD0010116,C002440,2025-11-15,RTW,171.15,2,1,0
ORD0010117,C002440,2024-11-04,Fragrance,219.8,4,0,1
ORD0010118,C002440,2025-08-06,Accessories,341.51,2,0,1
ORD0010119,C002441,2025-05-22,Accessories,50.0,4,1,0
ORD0010120,C002441,2025-09-18,Accessories,223.14,2,0,0
ORD0010121,C002441,2024-11-23,Accessories,85.4,2,0,0
ORD0010122,C002441,2024-10-06,RTW,698.86,3,0,1
ORD0010123,C002441,2025-07-30,Beauty,220.78,3,0,0
ORD0010124,C002441,2026-01-29,Beauty,755.9,7,0,0
ORD0010125,C002441,2025-11-01,Fragrance,247.62,6,0,0
ORD0010126,C002441,2025-05-08,Beauty,76.08,5,0,0
ORD0010127,C002442,2025-02-05,Accessories,253.36,4,0,1
ORD0010128,C002442,2025-10-03,Accessories,155.82,1,0,0
ORD0010129,C002442,2025-06-16,RTW,528.89,4,0,0
ORD0010130,C002442,2025-04-24,Beauty,385.98,2,1,0
ORD0010131,C002442,2026-01-03,Beauty,73.51,2,0,1
ORD0010132,C002442,2025-06-23,Accessories,257.56,2,1,0
ORD0010133,C002443,2025-02-28,Beauty,146.06,5,0,1
ORD0010134,C002443,2025-03-06,Beauty,196.52,5,0,0
ORD0010135,C002443,2025-04-30,Accessories,142.38,2,0,0
ORD0010136,C002443,2024-10-04,Fragrance,174.25,3,0,0
ORD0010137,C002443,2025-09-26,RTW,1147.31,4,0,1
ORD0010138,C002443,2025-10-19,RTW,135.77,3,0,1
ORD0010139,C002443,2025-03-21,Accessories,363.88,1,0,1
ORD0010140,C002445,2024-08-25,Beauty,303.99,2,1,0
ORD0010141,C002445,2024-09-10,Beauty,285.99,6,0,0
ORD0010142,C002445,2025-06-22,Fragrance,164.05,4,0,0
ORD0010143,C002445,2024-10-21,Beauty,103.32,4,1,1
ORD0010144,C002445,2026-01-02,Fragrance,502.72,4,0,0
ORD0010145,C002446,2026-01-10,Accessories,344.99,4,0,0
ORD0010146,C002446,2025-01-01,Fragrance,287.04,5,0,1
ORD0010147,C002447,2024-12-12,Accessories,445.75,3,0,1
ORD0010148,C002447,2025-07-07,Fragrance,342.69,9,0,1
ORD0010149,C002447,2025-08-27,Accessories,52.52,4,1,1
ORD0010150,C002447,2024-08-11,Accessories,1455.06,3,1,1
ORD0010151,C002447,2025-12-20,Accessories,538.45,3,0,1
ORD0010152,C002448,2025-05-28,Accessories,541.98,4,0,0
ORD0010153,C002448,2024-09-07,Accessories,69.41,2,0,1
ORD0010154,C002448,2025-07-19,Accessories,104.95,2,0,1
ORD0010155,C002448,2025-07-15,RTW,288.4,4,0,1
ORD0010156,C002448,2024-08-17,Beauty,418.62,5,0,1
ORD0010157,C002448,2025-10-12,Beauty,682.39,2,0,1
ORD0010158,C002449,2025-06-15,Beauty,173.96,4,0,0
ORD0010159,C002449,2024-10-24,RTW,827.02,1,0,0
ORD0010160,C002449,2025-08-26,Beauty,489.76,4,0,1
ORD0010161,C002450,2025-09-02,Fragrance,153.57,7,0,1
ORD0010162,C002450,2024-11-27,Fragrance,266.04,2,0,1
ORD0010163,C002450,2025-03-13,Fragrance,175.35,5,0,0
ORD0010164,C002450,2025-08-14,Fragrance,354.57,3,0,1
ORD0010165,C002450,2024-09-12,Fragrance,148.66,2,0,1
ORD0010166,C002452,2025-02-25,Fragrance,1768.71,6,0,1
ORD0010167,C002452,2025-07-05,Beauty,789.91,3,1,1
ORD0010168,C002452,2025-06-11,Beauty,266.91,4,1,1
ORD0010169,C002452,2025-03-31,Beauty,429.19,4,0,1
ORD0010170,C002452,2025-01-03,Accessories,347.92,4,0,1
ORD0010171,C002452,2024-11-23,Accessories,240.7,4,0,0
ORD0010172,C002452,2025-01-07,Accessories,448.85,4,0,1
ORD0010173,C002453,2025-10-07,Accessories,169.31,1,0,1
ORD0010174,C002453,2025-12-17,Accessories,203.67,1,0,1
ORD0010175,C002453,2025-03-21,Beauty,251.76,5,0,1
ORD0010176,C002453,2025-01-30,Beauty,311.76,2,0,1
ORD0010177,C002453,2024-10-12,Accessories,221.94,2,1,1
ORD0010178,C002453,2025-09-29,Accessories,636.76,4,0,0
ORD0010179,C002453,2025-06-12,Accessories,73.86,4,0,1
ORD0010180,C002453,2024-11-25,RTW,85.93,4,0,1
ORD0010181,C002453,2026-01-28,Accessories,247.4,3,0,1
ORD0010182,C002454,2024-09-10,Accessories,184.69,4,0,0
ORD0010183,C002454,2025-07-01,Beauty,534.63,7,0,0
ORD0010184,C002454,2025-08-12,Fragrance,412.23,7,0,0
ORD0010185,C002454,2024-09-08,Fragrance,613.74,4,0,0
ORD0010186,C002454,2025-01-01,Fragrance,458.46,4,0,0
ORD0010187,C002454,2024-08-21,Beauty,96.41,2,0,0
ORD0010188,C002454,2025-07-15,Fragrance,157.72,3,1,0
ORD0010189,C002454,2025-02-08,Beauty,74.6,4,0,0
ORD0010190,C002456,2025-07-03,Beauty,216.85,2,0,0
ORD0010191,C002456,2026-01-04,Beauty,126.65,3,0,0
ORD0010192,C002456,2025-07-17,Fragrance,152.57,4,0,0
ORD0010193,C002456,2025-03-30,Beauty,101.82,2,0,0
ORD0010194,C002456,2025-10-05,RTW,332.91,4,0,0
ORD0010195,C002457,2025-04-29,RTW,348.8,4,0,0
ORD0010196,C002457,2025-01-02,Beauty,446.59,5,0,0
ORD0010197,C002457,2025-07-07,RTW,62.27,4,0,1
ORD0010198,C002459,2025-09-08,RTW,103.37,2,0,0
ORD0010199,C002459,2025-11-15,Accessories,232.16,4,0,0
ORD0010200,C002459,2025-06-10,Beauty,487.77,4,0,0
ORD0010201,C002462,2025-02-25,Accessories,341.87,2,1,1
ORD0010202,C002462,2025-03-08,Fragrance,250.72,3,0,0
ORD0010203,C002462,2025-08-24,Beauty,391.24,6,0,1
ORD0010204,C002462,2025-10-01,Accessories,473.69,4,0,0
ORD0010205,C002463,2025-10-31,Fragrance,1099.97,8,0,1
ORD0010206,C002463,2025-09-19,Beauty,110.98,3,0,0
ORD0010207,C002465,2025-10-15,Accessories,686.52,4,0,0
ORD0010208,C002465,2025-01-13,Accessories,457.94,3,0,0
ORD0010209,C002465,2025-11-12,Accessories,189.05,4,0,0
ORD0010210,C002466,2024-10-17,RTW,406.34,2,0,1
ORD0010211,C002466,2025-10-28,Fragrance,151.23,5,0,1
ORD0010212,C002467,2025-04-29,RTW,413.46,4,0,0
ORD0010213,C002467,2025-11-08,Accessories,262.67,4,1,1
ORD0010214,C002467,2025-01-15,Fragrance,338.9,2,0,1
ORD0010215,C002467,2025-03-25,Beauty,436.41,5,0,1
ORD0010216,C002467,2024-12-22,RTW,149.65,2,0,1
ORD0010217,C002467,2025-07-17,Accessories,338.7,4,0,1
ORD0010218,C002467,2024-09-29,Accessories,1039.59,1,0,1
ORD0010219,C002469,2025-12-01,RTW,316.77,4,0,1
ORD0010220,C002469,2025-03-04,RTW,455.07,4,0,1
ORD0010221,C002469,2025-08-28,Fragrance,240.61,1,0,1
ORD0010222,C002469,2025-04-01,RTW,214.52,4,0,1
ORD0010223,C002469,2025-07-24,Fragrance,653.03,3,1,1
ORD0010224,C002470,2026-01-07,Accessories,228.79,4,0,1
ORD0010225,C002470,2025-01-11,Accessories,264.38,4,0,1
ORD0010226,C002470,2024-10-14,Accessories,962.55,4,0,1
ORD0010227,C002470,2026-01-18,Accessories,276.41,1,0,1
ORD0010228,C002470,2025-04-02,Accessories,449.02,4,0,1
ORD0010229,C002471,2024-09-15,RTW,124.97,4,0,1
ORD0010230,C002471,2024-11-29,Accessories,961.53,3,0,1
ORD0010231,C002471,2025-01-09,RTW,505.05,2,1,0
ORD0010232,C002471,2024-09-27,Fragrance,1039.71,6,1,1
ORD0010233,C002472,2024-11-14,Beauty,88.99,5,0,0
ORD0010234,C002472,2025-12-06,Beauty,58.78,4,0,0
ORD0010235,C002472,2024-10-17,Fragrance,271.41,4,1,0
ORD0010236,C002472,2025-04-30,Accessories,107.01,3,1,0
ORD0010237,C002472,2024-10-07,Accessories,215.12,4,0,0
ORD0010238,C002472,2025-07-07,Accessories,92.42,4,1,0
ORD0010239,C002473,2025-04-14,Accessories,670.95,4,0,1
ORD0010240,C002473,2024-12-30,Fragrance,161.57,3,0,0
ORD0010241,C002473,2025-04-28,Accessories,481.22,2,0,0
ORD0010242,C002473,2025-08-31,Beauty,779.97,5,0,0
ORD0010243,C002473,2024-08-25,Beauty,222.74,3,0,0
ORD0010244,C002473,2024-09-16,Fragrance,1187.96,7,0,1
ORD0010245,C002474,2024-10-07,Beauty,561.78,3,0,1
ORD0010246,C002474,2024-08-28,Accessories,165.51,4,0,1
ORD0010247,C002474,2025-06-23,Beauty,187.36,3,0,1
ORD0010248,C002474,2024-12-25,Accessories,227.83,4,0,1
ORD0010249,C002474,2025-08-02,Fragrance,151.51,3,0,1
ORD0010250,C002474,2024-09-03,Accessories,249.87,4,0,1
ORD0010251,C002474,2026-01-18,Accessories,428.32,2,0,0
ORD0010252,C002475,2024-11-06,Accessories,745.58,4,1,1
ORD0010253,C002475,2024-09-18,Accessories,223.21,4,0,1
ORD0010254,C002475,2025-02-01,Fragrance,755.22,4,1,1
ORD0010255,C002475,2025-07-15,Accessories,493.13,1,0,1
ORD0010256,C002475,2025-06-23,RTW,447.51,4,0,0
ORD0010257,C002475,2025-11-02,RTW,161.12,1,1,1
ORD0010258,C002475,2024-10-31,RTW,512.9,2,0,1
ORD0010259,C002476,2025-11-24,Fragrance,502.88,5,0,0
ORD0010260,C002476,2025-07-28,Beauty,409.0,5,0,0
ORD0010261,C002477,2024-12-11,RTW,330.65,4,0,1
ORD0010262,C002477,2025-10-01,Fragrance,1729.63,7,0,1
ORD0010263,C002477,2024-11-26,Beauty,50.0,4,0,1
ORD0010264,C002479,2025-04-20,Accessories,179.45,4,0,1
ORD0010265,C002479,2025-06-23,Beauty,328.28,5,0,1
ORD0010266,C002479,2024-12-08,Beauty,500.91,4,0,0
ORD0010267,C002479,2025-11-04,Beauty,101.31,3,0,1
ORD0010268,C002480,2025-11-27,Beauty,542.85,2,0,0
ORD0010269,C002480,2025-11-15,Fragrance,154.5,4,0,0
ORD0010270,C002480,2026-01-07,Beauty,210.3,6,1,0
ORD0010271,C002480,2025-12-12,Fragrance,353.68,5,0,0
ORD0010272,C002480,2025-04-17,Beauty,126.18,2,0,1
ORD0010273,C002481,2025-02-09,Accessories,576.31,4,0,0
ORD0010274,C002482,2025-02-28,Beauty,166.98,7,1,0
ORD0010275,C002482,2025-05-14,Fragrance,175.68,6,0,0
ORD0010276,C002482,2025-10-27,Beauty,351.53,6,0,0
ORD0010277,C002482,2025-11-17,RTW,97.95,4,0,0
ORD0010278,C002482,2024-11-12,Accessories,338.24,4,0,0
ORD0010279,C002483,2025-12-06,Accessories,70.44,3,1,0
ORD0010280,C002483,2024-11-20,RTW,192.43,4,0,1
ORD0010281,C002485,2024-11-24,Beauty,127.89,6,0,0
ORD0010282,C002486,2025-04-07,Fragrance,123.55,6,0,0
ORD0010283,C002486,2024-11-20,Beauty,50.0,3,0,0
ORD0010284,C002486,2025-10-17,RTW,115.65,4,0,0
ORD0010285,C002486,2025-08-28,Beauty,133.54,4,0,0
ORD0010286,C002487,2026-01-28,Beauty,198.0,4,0,0
ORD0010287,C002487,2025-12-10,Accessories,286.38,3,0,1
ORD0010288,C002488,2024-08-17,Beauty,59.78,3,0,1
ORD0010289,C002489,2025-08-26,Beauty,477.51,6,0,0
ORD0010290,C002489,2025-05-14,Beauty,939.63,2,0,0
ORD0010291,C002489,2025-03-06,Beauty,546.33,4,0,0
ORD0010292,C002489,2026-01-24,Beauty,243.11,4,1,1
ORD0010293,C002489,2025-11-06,Beauty,420.77,1,0,0
ORD0010294,C002490,2024-08-16,Fragrance,208.4,1,0,1
ORD0010295,C002490,2025-02-09,RTW,547.64,1,0,1
ORD0010296,C002490,2025-08-01,Fragrance,157.97,8,0,1
ORD0010297,C002490,2025-03-25,RTW,251.84,4,0,1
ORD0010298,C002490,2025-05-05,Accessories,176.67,3,0,1
ORD0010299,C002490,2025-04-29,RTW,128.1,3,0,1
ORD0010300,C002490,2024-08-30,Fragrance,128.08,5,0,1
ORD0010301,C002490,2025-01-24,Accessories,104.43,4,1,1
ORD0010302,C002490,2025-11-07,Accessories,107.32,4,1,0
ORD0010303,C002491,2024-12-13,RTW,436.3,2,0,1
ORD0010304,C002491,2025-09-15,Accessories,323.51,3,0,1
ORD0010305,C002493,2024-09-20,RTW,121.08,4,0,1
ORD0010306,C002493,2025-03-01,RTW,600.05,4,0,0
ORD0010307,C002493,2025-08-14,RTW,232.51,3,0,1
ORD0010308,C002493,2025-01-26,Accessories,84.82,4,0,1
ORD0010309,C002493,2025-04-21,RTW,752.42,4,0,1
ORD0010310,C002493,2025-10-29,Beauty,547.48,4,0,1
ORD0010311,C002493,2025-10-02,RTW,201.91,4,0,1
ORD0010312,C002493,2025-02-17,RTW,331.18,4,0,1
ORD0010313,C002494,2025-10-20,Accessories,144.66,4,0,0
ORD0010314,C002494,2025-10-17,Beauty,449.96,4,0,0
ORD0010315,C002494,2025-01-24,Accessories,95.01,4,0,0
ORD0010316,C002495,2025-05-21,Beauty,636.98,3,0,0
ORD0010317,C002495,2024-10-06,Accessories,162.54,4,0,0
ORD0010318,C002496,2025-06-24,Fragrance,194.91,2,0,0
ORD0010319,C002496,2024-10-14,Fragrance,213.55,5,0,0
ORD0010320,C002496,2025-03-09,Beauty,119.02,2,0,0
ORD0010321,C002496,2025-06-19,Beauty,1010.05,2,0,0
ORD0010322,C002496,2025-09-04,Accessories,123.29,2,1,0
ORD0010323,C002497,2025-02-07,Beauty,407.09,5,0,0
ORD0010324,C002497,2024-11-14,Fragrance,580.82,2,0,0
ORD0010325,C002497,2026-01-24,Beauty,935.27,7,0,0
ORD0010326,C002497,2025-01-13,RTW,161.55,4,1,0
ORD0010327,C002497,2025-05-10,Beauty,219.24,2,0,0
ORD0010328,C002498,2025-03-03,RTW,207.74,3,0,1
ORD0010329,C002498,2025-03-24,Accessories,64.55,4,0,1
ORD0010330,C002500,2025-04-06,Fragrance,272.44,4,1,0
ORD0010331,C002500,2025-08-20,Beauty,102.91,4,0,1
ORD0010332,C002500,2025-02-09,RTW,417.05,4,0,1
ORD0010333,C002500,2025-07-21,RTW,363.28,4,0,1
ORD0010334,C002500,2026-01-07,RTW,787.92,3,0,0
ORD0010335,C002500,2025-08-22,Accessories,450.61,4,0,1
ORD0010336,C002500,2024-08-30,Beauty,205.62,4,0,1
ORD0010337,C002500,2025-01-06,Fragrance,301.11,2,1,1
ORD0010338,C002500,2025-02-04,Beauty,189.77,3,0,1
